Record Length,15000,,Source,CH1,CH2
Sample Interval,40000.0000000000000,,Second,Volt,Volt
Vertical Units,CH1:V CH2:V,,-300000000.00000000000,0.24000,0.24000
Vertical Scale,CH1:1.00 CH2:1.00,,-299960000.0000000001.00,0.24000,1.12000
Vertical Offset,CH1:-2.00000 CH2:-2.00000,,-299920000.000000000-2.00000,0.24000,1.12000
Horizontal Units,s,,-299880000.00000000000,0.24000,1.12000
Horizontal Scale,1.0000000000,,-299840000.0000000001.0000000000,0.24000,1.12000
Model Number,WaveAce112,,-299800000.00000000000,0.24000,1.12000
Serial Number,LCRY2101C02399,,-299760000.00000000000,0.24000,1.12000
Software Version,2.07.02.16,,-299720000.00000000000,0.24000,1.12000
,,,-299680000.00000000000,0.24000,1.12000
,,,-299640000.00000000000,0.24000,1.12000
,,,-299600000.00000000000,0.24000,1.12000
,,,-299560000.00000000000,0.24000,1.12000
,,,-299520000.00000000000,0.24000,1.12000
,,,-299480000.00000000000,0.24000,1.12000
,,,-299440000.00000000000,0.24000,1.12000
,,,-299400000.00000000000,0.24000,1.12000
,,,-299360000.00000000000,0.24000,1.12000
,,,-299320000.00000000000,0.24000,1.12000
,,,-299280000.00000000000,0.24000,1.12000
,,,-299240000.00000000000,0.24000,1.12000
,,,-299200000.00000000000,0.24000,1.12000
,,,-299160000.00000000000,0.24000,1.12000
,,,-299120000.00000000000,0.24000,1.12000
,,,-299080000.00000000000,0.24000,1.12000
,,,-299040000.00000000000,0.24000,1.12000
,,,-299000000.00000000000,0.24000,1.12000
,,,-298960000.00000000000,0.24000,1.12000
,,,-298920000.00000000000,0.24000,1.12000
,,,-298880000.00000000000,0.24000,1.12000
,,,-298840000.00000000000,0.24000,1.12000
,,,-298800000.00000000000,0.24000,1.12000
,,,-298760000.00000000000,0.24000,1.12000
,,,-298720000.00000000000,0.24000,1.12000
,,,-298680000.00000000000,0.24000,1.12000
,,,-298640000.00000000000,0.24000,1.12000
,,,-298600000.00000000000,0.24000,1.12000
,,,-298560000.00000000000,0.24000,1.12000
,,,-298520000.00000000000,0.24000,1.12000
,,,-298480000.00000000000,0.24000,1.12000
,,,-298440000.00000000000,0.24000,1.12000
,,,-298400000.00000000000,0.24000,1.12000
,,,-298360000.00000000000,0.24000,1.12000
,,,-298320000.00000000000,0.24000,1.12000
,,,-298280000.00000000000,0.24000,1.12000
,,,-298240000.00000000000,0.24000,1.12000
,,,-298200000.00000000000,0.24000,1.12000
,,,-298160000.00000000000,0.24000,1.12000
,,,-298120000.00000000000,0.24000,1.12000
,,,-298080000.00000000000,0.24000,1.12000
,,,-298040000.00000000000,0.24000,1.12000
,,,-298000000.00000000000,0.12000,1.08000
,,,-297960000.00000000000,0.08000,1.08000
,,,-297920000.00000000000,0.04000,1.08000
,,,-297880000.00000000000,0.24000,1.08000
,,,-297840000.00000000000,0.08000,1.08000
,,,-297800000.00000000000,0.12000,1.04000
,,,-297760000.00000000000,0.08000,1.12000
,,,-297720000.00000000000,0.04000,1.08000
,,,-297680000.00000000000,0.24000,1.08000
,,,-297640000.00000000000,0.12000,1.12000
,,,-297600000.00000000000,0.12000,1.12000
,,,-297560000.00000000000,0.04000,1.08000
,,,-297520000.00000000000,0.08000,1.08000
,,,-297480000.00000000000,0.24000,1.08000
,,,-297440000.00000000000,0.12000,1.08000
,,,-297400000.00000000000,0.16000,1.08000
,,,-297360000.00000000000,0.16000,1.08000
,,,-297320000.00000000000,0.08000,1.08000
,,,-297280000.00000000000,0.24000,1.12000
,,,-297240000.00000000000,0.12000,1.08000
,,,-297200000.00000000000,0.12000,1.08000
,,,-297160000.00000000000,0.08000,1.08000
,,,-297120000.00000000000,0.08000,1.12000
,,,-297080000.00000000000,0.20000,1.08000
,,,-297040000.00000000000,0.12000,1.12000
,,,-297000000.00000000000,0.08000,1.12000
,,,-296960000.00000000000,0.04000,1.08000
,,,-296920000.00000000000,0.04000,1.08000
,,,-296880000.00000000000,0.24000,1.12000
,,,-296840000.00000000000,0.08000,1.08000
,,,-296800000.00000000000,0.08000,1.12000
,,,-296760000.00000000000,0.08000,1.08000
,,,-296720000.00000000000,0.12000,1.08000
,,,-296680000.00000000000,0.24000,1.12000
,,,-296640000.00000000000,0.08000,1.08000
,,,-296600000.00000000000,0.12000,1.08000
,,,-296560000.00000000000,0.08000,1.08000
,,,-296520000.00000000000,0.12000,1.08000
,,,-296480000.00000000000,0.12000,1.12000
,,,-296440000.00000000000,0.16000,1.08000
,,,-296400000.00000000000,0.12000,1.08000
,,,-296360000.00000000000,0.12000,1.12000
,,,-296320000.00000000000,0.24000,1.08000
,,,-296280000.00000000000,0.12000,1.08000
,,,-296240000.00000000000,0.12000,1.08000
,,,-296200000.00000000000,0.12000,1.08000
,,,-296160000.00000000000,0.12000,1.08000
,,,-296120000.00000000000,0.16000,1.08000
,,,-296080000.00000000000,0.12000,1.08000
,,,-296040000.00000000000,0.12000,1.08000
,,,-296000000.00000000000,0.08000,1.08000
,,,-295960000.00000000000,0.08000,1.08000
,,,-295920000.00000000000,0.24000,1.08000
,,,-295880000.00000000000,0.08000,1.12000
,,,-295840000.00000000000,0.08000,1.08000
,,,-295800000.00000000000,0.12000,1.12000
,,,-295760000.00000000000,0.12000,1.08000
,,,-295720000.00000000000,0.16000,1.08000
,,,-295680000.00000000000,0.12000,1.12000
,,,-295640000.00000000000,0.08000,1.04000
,,,-295600000.00000000000,0.12000,1.08000
,,,-295560000.00000000000,0.12000,1.08000
,,,-295520000.00000000000,0.24000,1.08000
,,,-295480000.00000000000,0.12000,1.08000
,,,-295440000.00000000000,0.12000,1.12000
,,,-295400000.00000000000,0.12000,1.12000
,,,-295360000.00000000000,0.12000,1.08000
,,,-295320000.00000000000,0.24000,1.12000
,,,-295280000.00000000000,0.16000,1.08000
,,,-295240000.00000000000,0.12000,1.08000
,,,-295200000.00000000000,0.12000,1.08000
,,,-295160000.00000000000,0.08000,1.12000
,,,-295120000.00000000000,0.24000,1.12000
,,,-295080000.00000000000,0.12000,1.08000
,,,-295040000.00000000000,0.12000,1.12000
,,,-295000000.00000000000,0.12000,1.08000
,,,-294960000.00000000000,0.08000,1.08000
,,,-294920000.00000000000,0.20000,1.08000
,,,-294880000.00000000000,0.12000,1.08000
,,,-294840000.00000000000,0.08000,1.08000
,,,-294800000.00000000000,0.08000,1.08000
,,,-294760000.00000000000,0.08000,1.12000
,,,-294720000.00000000000,0.24000,1.08000
,,,-294680000.00000000000,0.08000,1.08000
,,,-294640000.00000000000,0.08000,1.12000
,,,-294600000.00000000000,0.12000,1.12000
,,,-294560000.00000000000,0.12000,1.08000
,,,-294520000.00000000000,0.24000,1.08000
,,,-294480000.00000000000,0.12000,1.12000
,,,-294440000.00000000000,0.08000,1.12000
,,,-294400000.00000000000,0.16000,1.08000
,,,-294360000.00000000000,0.08000,1.08000
,,,-294320000.00000000000,0.28000,1.08000
,,,-294280000.00000000000,0.12000,1.08000
,,,-294240000.00000000000,0.12000,1.08000
,,,-294200000.00000000000,0.12000,1.08000
,,,-294160000.00000000000,0.08000,1.08000
,,,-294120000.00000000000,0.24000,1.04000
,,,-294080000.00000000000,0.12000,1.12000
,,,-294040000.00000000000,0.12000,1.12000
,,,-294000000.00000000000,0.12000,1.08000
,,,-293960000.00000000000,0.00,1.08000
,,,-293920000.00000000000,0.20000,1.12000
,,,-293880000.00000000000,0.12000,1.12000
,,,-293840000.00000000000,0.08000,1.12000
,,,-293800000.00000000000,0.08000,1.12000
,,,-293760000.00000000000,0.04000,1.08000
,,,-293720000.00000000000,0.24000,1.08000
,,,-293680000.00000000000,0.08000,1.08000
,,,-293640000.00000000000,0.12000,1.08000
,,,-293600000.00000000000,0.08000,1.08000
,,,-293560000.00000000000,0.12000,1.08000
,,,-293520000.00000000000,0.12000,1.08000
,,,-293480000.00000000000,0.12000,1.08000
,,,-293440000.00000000000,0.12000,1.08000
,,,-293400000.00000000000,0.12000,1.08000
,,,-293360000.00000000000,0.24000,1.12000
,,,-293320000.00000000000,0.16000,1.08000
,,,-293280000.00000000000,0.12000,1.12000
,,,-293240000.00000000000,0.12000,1.08000
,,,-293200000.00000000000,0.08000,1.12000
,,,-293160000.00000000000,0.24000,1.12000
,,,-293120000.00000000000,0.12000,1.08000
,,,-293080000.00000000000,0.12000,1.12000
,,,-293040000.00000000000,0.08000,1.08000
,,,-293000000.00000000000,0.08000,1.08000
,,,-292960000.00000000000,0.20000,1.12000
,,,-292920000.00000000000,0.08000,1.08000
,,,-292880000.00000000000,0.08000,1.08000
,,,-292840000.00000000000,0.08000,1.12000
,,,-292800000.00000000000,0.08000,1.08000
,,,-292760000.00000000000,0.24000,1.08000
,,,-292720000.00000000000,0.12000,1.12000
,,,-292680000.00000000000,0.12000,1.08000
,,,-292640000.00000000000,0.12000,1.12000
,,,-292600000.00000000000,0.12000,1.12000
,,,-292560000.00000000000,0.24000,1.08000
,,,-292520000.00000000000,0.12000,1.08000
,,,-292480000.00000000000,0.16000,1.08000
,,,-292440000.00000000000,0.12000,1.12000
,,,-292400000.00000000000,0.12000,1.12000
,,,-292360000.00000000000,0.24000,1.08000
,,,-292320000.00000000000,0.12000,1.08000
,,,-292280000.00000000000,0.12000,1.08000
,,,-292240000.00000000000,0.12000,1.12000
,,,-292200000.00000000000,0.12000,1.12000
,,,-292160000.00000000000,0.24000,1.08000
,,,-292120000.00000000000,0.12000,1.12000
,,,-292080000.00000000000,0.12000,1.12000
,,,-292040000.00000000000,0.12000,1.12000
,,,-292000000.00000000000,0.20000,1.08000
,,,-291960000.00000000000,0.08000,1.12000
,,,-291920000.00000000000,0.08000,1.08000
,,,-291880000.00000000000,0.04000,1.08000
,,,-291840000.00000000000,0.12000,1.12000
,,,-291800000.00000000000,0.20000,1.12000
,,,-291760000.00000000000,0.08000,1.08000
,,,-291720000.00000000000,0.12000,1.08000
,,,-291680000.00000000000,0.08000,1.08000
,,,-291640000.00000000000,0.08000,1.08000
,,,-291600000.00000000000,0.24000,1.08000
,,,-291560000.00000000000,0.12000,1.12000
,,,-291520000.00000000000,0.16000,1.12000
,,,-291480000.00000000000,0.12000,1.08000
,,,-291440000.00000000000,0.08000,1.08000
,,,-291400000.00000000000,0.24000,1.12000
,,,-291360000.00000000000,0.12000,1.04000
,,,-291320000.00000000000,0.12000,1.08000
,,,-291280000.00000000000,0.12000,1.08000
,,,-291240000.00000000000,0.12000,1.12000
,,,-291200000.00000000000,0.28000,1.04000
,,,-291160000.00000000000,0.12000,1.12000
,,,-291120000.00000000000,0.08000,1.12000
,,,-291080000.00000000000,0.04000,1.08000
,,,-291040000.00000000000,0.08000,1.12000
,,,-291000000.00000000000,0.24000,1.08000
,,,-290960000.00000000000,0.12000,1.08000
,,,-290920000.00000000000,0.08000,1.08000
,,,-290880000.00000000000,0.08000,1.08000
,,,-290840000.00000000000,0.04000,1.08000
,,,-290800000.00000000000,0.28000,1.08000
,,,-290760000.00000000000,0.12000,1.12000
,,,-290720000.00000000000,0.08000,1.08000
,,,-290680000.00000000000,0.12000,1.08000
,,,-290640000.00000000000,0.00,1.12000
,,,-290600000.00000000000,0.12000,1.08000
,,,-290560000.00000000000,0.12000,1.08000
,,,-290520000.00000000000,0.12000,1.12000
,,,-290480000.00000000000,0.12000,1.08000
,,,-290440000.00000000000,0.24000,1.08000
,,,-290400000.00000000000,0.16000,1.08000
,,,-290360000.00000000000,0.12000,1.08000
,,,-290320000.00000000000,0.12000,1.12000
,,,-290280000.00000000000,0.08000,1.08000
,,,-290240000.00000000000,0.24000,1.08000
,,,-290200000.00000000000,0.08000,1.12000
,,,-290160000.00000000000,0.12000,1.12000
,,,-290120000.00000000000,0.12000,1.12000
,,,-290080000.00000000000,0.12000,1.12000
,,,-290040000.00000000000,0.12000,1.12000
,,,-290000000.00000000000,0.08000,1.12000
,,,-289960000.00000000000,0.16000,1.08000
,,,-289920000.00000000000,0.12000,1.08000
,,,-289880000.00000000000,0.12000,1.08000
,,,-289840000.00000000000,0.08000,1.12000
,,,-289800000.00000000000,0.04000,1.08000
,,,-289760000.00000000000,0.24000,1.08000
,,,-289720000.00000000000,0.08000,1.08000
,,,-289680000.00000000000,0.08000,1.12000
,,,-289640000.00000000000,0.08000,1.08000
,,,-289600000.00000000000,0.08000,1.08000
,,,-289560000.00000000000,0.20000,1.12000
,,,-289520000.00000000000,0.12000,1.12000
,,,-289480000.00000000000,0.08000,1.08000
,,,-289440000.00000000000,0.12000,1.08000
,,,-289400000.00000000000,0.12000,1.12000
,,,-289360000.00000000000,0.24000,1.08000
,,,-289320000.00000000000,0.16000,1.08000
,,,-289280000.00000000000,0.16000,1.08000
,,,-289240000.00000000000,0.12000,1.08000
,,,-289200000.00000000000,0.04000,1.08000
,,,-289160000.00000000000,0.24000,1.12000
,,,-289120000.00000000000,0.12000,1.08000
,,,-289080000.00000000000,0.12000,1.08000
,,,-289040000.00000000000,0.08000,1.08000
,,,-289000000.00000000000,0.08000,1.12000
,,,-288960000.00000000000,0.24000,1.12000
,,,-288920000.00000000000,0.08000,1.12000
,,,-288880000.00000000000,0.04000,1.08000
,,,-288840000.00000000000,0.08000,1.08000
,,,-288800000.00000000000,0.08000,1.12000
,,,-288760000.00000000000,0.24000,1.08000
,,,-288720000.00000000000,0.12000,1.08000
,,,-288680000.00000000000,0.12000,1.08000
,,,-288640000.00000000000,0.08000,1.12000
,,,-288600000.00000000000,0.08000,1.08000
,,,-288560000.00000000000,0.24000,1.08000
,,,-288520000.00000000000,0.12000,1.12000
,,,-288480000.00000000000,0.12000,1.12000
,,,-288440000.00000000000,0.12000,1.12000
,,,-288400000.00000000000,0.12000,1.08000
,,,-288360000.00000000000,0.28000,1.08000
,,,-288320000.00000000000,0.12000,1.08000
,,,-288280000.00000000000,0.12000,1.08000
,,,-288240000.00000000000,0.12000,1.08000
,,,-288200000.00000000000,0.08000,1.12000
,,,-288160000.00000000000,0.24000,1.12000
,,,-288120000.00000000000,0.12000,1.08000
,,,-288080000.00000000000,0.12000,1.08000
,,,-288040000.00000000000,0.12000,1.08000
,,,-288000000.00000000000,0.08000,1.08000
,,,-287960000.00000000000,0.24000,1.08000
,,,-287920000.00000000000,0.12000,1.12000
,,,-287880000.00000000000,0.12000,1.08000
,,,-287840000.00000000000,0.04000,1.08000
,,,-287800000.00000000000,0.04000,1.08000
,,,-287760000.00000000000,0.24000,1.08000
,,,-287720000.00000000000,0.12000,1.08000
,,,-287680000.00000000000,0.12000,1.08000
,,,-287640000.00000000000,0.08000,1.08000
,,,-287600000.00000000000,0.08000,1.08000
,,,-287560000.00000000000,0.24000,1.08000
,,,-287520000.00000000000,0.12000,1.08000
,,,-287480000.00000000000,0.12000,1.08000
,,,-287440000.00000000000,0.12000,1.08000
,,,-287400000.00000000000,0.20000,1.12000
,,,-287360000.00000000000,0.12000,1.08000
,,,-287320000.00000000000,0.16000,1.08000
,,,-287280000.00000000000,0.12000,1.08000
,,,-287240000.00000000000,0.12000,1.12000
,,,-287200000.00000000000,0.24000,1.08000
,,,-287160000.00000000000,0.16000,1.12000
,,,-287120000.00000000000,0.16000,1.12000
,,,-287080000.00000000000,0.08000,1.08000
,,,-287040000.00000000000,0.08000,1.08000
,,,-287000000.00000000000,0.24000,1.12000
,,,-286960000.00000000000,0.08000,1.08000
,,,-286920000.00000000000,0.08000,1.08000
,,,-286880000.00000000000,0.12000,1.08000
,,,-286840000.00000000000,0.08000,1.12000
,,,-286800000.00000000000,0.20000,1.08000
,,,-286760000.00000000000,0.12000,1.12000
,,,-286720000.00000000000,0.12000,1.08000
,,,-286680000.00000000000,0.08000,1.08000
,,,-286640000.00000000000,0.12000,1.08000
,,,-286600000.00000000000,0.24000,1.08000
,,,-286560000.00000000000,0.12000,1.08000
,,,-286520000.00000000000,0.12000,1.12000
,,,-286480000.00000000000,0.12000,1.12000
,,,-286440000.00000000000,0.12000,1.12000
,,,-286400000.00000000000,0.24000,1.12000
,,,-286360000.00000000000,0.12000,1.08000
,,,-286320000.00000000000,0.16000,1.08000
,,,-286280000.00000000000,0.12000,1.08000
,,,-286240000.00000000000,0.12000,1.08000
,,,-286200000.00000000000,0.24000,1.12000
,,,-286160000.00000000000,0.16000,1.12000
,,,-286120000.00000000000,0.12000,1.12000
,,,-286080000.00000000000,0.08000,1.12000
,,,-286040000.00000000000,0.08000,1.12000
,,,-286000000.00000000000,0.24000,1.08000
,,,-285960000.00000000000,0.12000,1.12000
,,,-285920000.00000000000,0.12000,1.08000
,,,-285880000.00000000000,0.12000,1.08000
,,,-285840000.00000000000,0.04000,1.12000
,,,-285800000.00000000000,0.16000,1.08000
,,,-285760000.00000000000,0.12000,1.12000
,,,-285720000.00000000000,0.12000,1.08000
,,,-285680000.00000000000,0.08000,1.12000
,,,-285640000.00000000000,0.04000,1.08000
,,,-285600000.00000000000,0.24000,1.08000
,,,-285560000.00000000000,0.12000,1.08000
,,,-285520000.00000000000,0.12000,1.12000
,,,-285480000.00000000000,0.08000,1.12000
,,,-285440000.00000000000,0.08000,1.08000
,,,-285400000.00000000000,0.24000,1.08000
,,,-285360000.00000000000,0.16000,1.08000
,,,-285320000.00000000000,0.12000,1.12000
,,,-285280000.00000000000,0.16000,1.08000
,,,-285240000.00000000000,0.08000,1.08000
,,,-285200000.00000000000,0.24000,1.12000
,,,-285160000.00000000000,0.12000,1.08000
,,,-285120000.00000000000,0.12000,1.08000
,,,-285080000.00000000000,0.08000,1.00000
,,,-285040000.00000000000,0.08000,1.08000
,,,-285000000.00000000000,0.24000,1.08000
,,,-284960000.00000000000,0.12000,1.12000
,,,-284920000.00000000000,0.12000,1.08000
,,,-284880000.00000000000,0.08000,1.08000
,,,-284840000.00000000000,0.00,1.12000
,,,-284800000.00000000000,0.20000,1.08000
,,,-284760000.00000000000,0.08000,1.08000
,,,-284720000.00000000000,0.08000,1.12000
,,,-284680000.00000000000,0.12000,1.08000
,,,-284640000.00000000000,0.00,1.08000
,,,-284600000.00000000000,0.32000,1.08000
,,,-284560000.00000000000,0.12000,1.08000
,,,-284520000.00000000000,0.12000,1.08000
,,,-284480000.00000000000,0.12000,1.12000
,,,-284440000.00000000000,0.08000,1.08000
,,,-284400000.00000000000,0.12000,1.08000
,,,-284360000.00000000000,0.12000,1.08000
,,,-284320000.00000000000,0.16000,1.08000
,,,-284280000.00000000000,0.12000,1.08000
,,,-284240000.00000000000,0.24000,1.08000
,,,-284200000.00000000000,0.12000,1.08000
,,,-284160000.00000000000,0.08000,1.08000
,,,-284120000.00000000000,0.12000,1.08000
,,,-284080000.00000000000,0.08000,1.08000
,,,-284040000.00000000000,0.08000,1.08000
,,,-284000000.00000000000,0.08000,1.08000
,,,-283960000.00000000000,0.12000,1.12000
,,,-283920000.00000000000,0.12000,1.08000
,,,-283880000.00000000000,0.08000,1.12000
,,,-283840000.00000000000,0.20000,1.08000
,,,-283800000.00000000000,0.08000,1.12000
,,,-283760000.00000000000,0.08000,1.12000
,,,-283720000.00000000000,0.08000,1.12000
,,,-283680000.00000000000,0.08000,1.08000
,,,-283640000.00000000000,0.24000,1.08000
,,,-283600000.00000000000,0.12000,1.12000
,,,-283560000.00000000000,0.16000,1.12000
,,,-283520000.00000000000,0.12000,1.12000
,,,-283480000.00000000000,0.12000,1.12000
,,,-283440000.00000000000,0.24000,1.08000
,,,-283400000.00000000000,0.12000,1.12000
,,,-283360000.00000000000,0.12000,1.12000
,,,-283320000.00000000000,0.12000,1.08000
,,,-283280000.00000000000,0.12000,1.08000
,,,-283240000.00000000000,0.24000,1.08000
,,,-283200000.00000000000,0.16000,1.08000
,,,-283160000.00000000000,0.08000,1.12000
,,,-283120000.00000000000,0.12000,1.08000
,,,-283080000.00000000000,0.08000,1.08000
,,,-283040000.00000000000,0.20000,1.08000
,,,-283000000.00000000000,0.12000,1.12000
,,,-282960000.00000000000,0.12000,1.08000
,,,-282920000.00000000000,0.04000,1.08000
,,,-282880000.00000000000,0.04000,1.12000
,,,-282840000.00000000000,0.20000,1.08000
,,,-282800000.00000000000,0.08000,1.12000
,,,-282760000.00000000000,0.12000,1.08000
,,,-282720000.00000000000,0.12000,1.12000
,,,-282680000.00000000000,0.08000,1.12000
,,,-282640000.00000000000,0.24000,1.08000
,,,-282600000.00000000000,0.08000,1.12000
,,,-282560000.00000000000,0.12000,1.12000
,,,-282520000.00000000000,0.12000,1.08000
,,,-282480000.00000000000,0.08000,1.08000
,,,-282440000.00000000000,0.28000,1.08000
,,,-282400000.00000000000,0.12000,1.08000
,,,-282360000.00000000000,0.12000,1.08000
,,,-282320000.00000000000,0.08000,1.08000
,,,-282280000.00000000000,0.12000,1.08000
,,,-282240000.00000000000,0.28000,1.12000
,,,-282200000.00000000000,0.12000,1.08000
,,,-282160000.00000000000,0.16000,1.12000
,,,-282120000.00000000000,0.08000,1.12000
,,,-282080000.00000000000,0.08000,1.08000
,,,-282040000.00000000000,0.08000,1.08000
,,,-282000000.00000000000,0.12000,1.08000
,,,-281960000.00000000000,0.12000,1.08000
,,,-281920000.00000000000,0.04000,1.12000
,,,-281880000.00000000000,0.00,1.08000
,,,-281840000.00000000000,0.24000,1.08000
,,,-281800000.00000000000,0.12000,1.12000
,,,-281760000.00000000000,0.12000,1.08000
,,,-281720000.00000000000,0.08000,1.08000
,,,-281680000.00000000000,0.04000,1.12000
,,,-281640000.00000000000,0.20000,1.08000
,,,-281600000.00000000000,0.12000,1.12000
,,,-281560000.00000000000,0.12000,1.08000
,,,-281520000.00000000000,0.12000,1.08000
,,,-281480000.00000000000,0.12000,1.12000
,,,-281440000.00000000000,0.12000,1.12000
,,,-281400000.00000000000,0.16000,1.08000
,,,-281360000.00000000000,0.12000,1.08000
,,,-281320000.00000000000,0.12000,1.12000
,,,-281280000.00000000000,0.20000,1.12000
,,,-281240000.00000000000,0.12000,1.08000
,,,-281200000.00000000000,0.12000,1.12000
,,,-281160000.00000000000,0.12000,1.08000
,,,-281120000.00000000000,0.08000,1.12000
,,,-281080000.00000000000,0.24000,1.08000
,,,-281040000.00000000000,0.08000,1.12000
,,,-281000000.00000000000,0.12000,1.08000
,,,-280960000.00000000000,0.12000,1.08000
,,,-280920000.00000000000,0.08000,1.12000
,,,-280880000.00000000000,0.20000,1.08000
,,,-280840000.00000000000,0.12000,1.08000
,,,-280800000.00000000000,0.12000,1.08000
,,,-280760000.00000000000,0.08000,1.12000
,,,-280720000.00000000000,0.12000,1.08000
,,,-280680000.00000000000,0.16000,1.12000
,,,-280640000.00000000000,0.08000,1.08000
,,,-280600000.00000000000,0.12000,1.08000
,,,-280560000.00000000000,0.12000,1.04000
,,,-280520000.00000000000,0.12000,1.08000
,,,-280480000.00000000000,0.24000,1.12000
,,,-280440000.00000000000,0.12000,1.08000
,,,-280400000.00000000000,0.12000,1.08000
,,,-280360000.00000000000,0.12000,1.08000
,,,-280320000.00000000000,0.08000,1.12000
,,,-280280000.00000000000,0.24000,1.12000
,,,-280240000.00000000000,0.12000,1.12000
,,,-280200000.00000000000,0.12000,1.08000
,,,-280160000.00000000000,0.12000,1.08000
,,,-280120000.00000000000,0.12000,1.08000
,,,-280080000.00000000000,0.24000,1.12000
,,,-280040000.00000000000,0.24000,1.12000
,,,-280000000.00000000000,0.08000,1.08000
,,,-279960000.00000000000,0.12000,1.08000
,,,-279920000.00000000000,0.04000,1.12000
,,,-279880000.00000000000,0.24000,1.12000
,,,-279840000.00000000000,0.12000,1.12000
,,,-279800000.00000000000,0.08000,1.08000
,,,-279760000.00000000000,0.08000,1.08000
,,,-279720000.00000000000,0.04000,1.12000
,,,-279680000.00000000000,0.24000,1.12000
,,,-279640000.00000000000,0.12000,1.08000
,,,-279600000.00000000000,0.12000,1.12000
,,,-279560000.00000000000,0.12000,1.08000
,,,-279520000.00000000000,0.08000,1.08000
,,,-279480000.00000000000,0.24000,1.08000
,,,-279440000.00000000000,0.12000,1.08000
,,,-279400000.00000000000,0.12000,1.08000
,,,-279360000.00000000000,0.12000,1.08000
,,,-279320000.00000000000,0.08000,1.12000
,,,-279280000.00000000000,0.24000,1.08000
,,,-279240000.00000000000,0.16000,1.12000
,,,-279200000.00000000000,0.12000,1.12000
,,,-279160000.00000000000,0.08000,1.08000
,,,-279120000.00000000000,0.04000,1.08000
,,,-279080000.00000000000,0.24000,1.08000
,,,-279040000.00000000000,0.12000,1.12000
,,,-279000000.00000000000,0.12000,1.08000
,,,-278960000.00000000000,0.12000,1.08000
,,,-278920000.00000000000,0.04000,1.08000
,,,-278880000.00000000000,0.24000,1.08000
,,,-278840000.00000000000,0.12000,1.08000
,,,-278800000.00000000000,0.08000,1.12000
,,,-278760000.00000000000,0.08000,1.08000
,,,-278720000.00000000000,0.12000,1.08000
,,,-278680000.00000000000,0.24000,1.08000
,,,-278640000.00000000000,0.16000,1.12000
,,,-278600000.00000000000,0.12000,1.08000
,,,-278560000.00000000000,0.12000,1.08000
,,,-278520000.00000000000,0.08000,1.08000
,,,-278480000.00000000000,0.12000,1.08000
,,,-278440000.00000000000,0.16000,1.08000
,,,-278400000.00000000000,0.16000,1.12000
,,,-278360000.00000000000,0.08000,1.12000
,,,-278320000.00000000000,0.24000,1.08000
,,,-278280000.00000000000,0.12000,1.08000
,,,-278240000.00000000000,0.12000,1.08000
,,,-278200000.00000000000,0.12000,1.12000
,,,-278160000.00000000000,0.08000,1.08000
,,,-278120000.00000000000,0.16000,1.08000
,,,-278080000.00000000000,0.12000,1.08000
,,,-278040000.00000000000,0.12000,1.08000
,,,-278000000.00000000000,0.08000,1.08000
,,,-277960000.00000000000,0.08000,1.12000
,,,-277920000.00000000000,0.20000,1.08000
,,,-277880000.00000000000,0.12000,1.12000
,,,-277840000.00000000000,0.08000,1.12000
,,,-277800000.00000000000,0.12000,1.08000
,,,-277760000.00000000000,0.08000,1.12000
,,,-277720000.00000000000,0.20000,1.08000
,,,-277680000.00000000000,0.08000,1.12000
,,,-277640000.00000000000,0.08000,1.08000
,,,-277600000.00000000000,0.08000,1.12000
,,,-277560000.00000000000,0.08000,1.08000
,,,-277520000.00000000000,0.24000,1.12000
,,,-277480000.00000000000,0.16000,1.08000
,,,-277440000.00000000000,0.16000,1.08000
,,,-277400000.00000000000,0.12000,1.08000
,,,-277360000.00000000000,0.08000,1.08000
,,,-277320000.00000000000,0.24000,1.12000
,,,-277280000.00000000000,0.12000,1.12000
,,,-277240000.00000000000,0.12000,1.08000
,,,-277200000.00000000000,0.08000,1.08000
,,,-277160000.00000000000,0.12000,1.08000
,,,-277120000.00000000000,0.20000,1.08000
,,,-277080000.00000000000,0.12000,1.08000
,,,-277040000.00000000000,0.12000,1.08000
,,,-277000000.00000000000,0.08000,1.08000
,,,-276960000.00000000000,0.08000,1.08000
,,,-276920000.00000000000,0.20000,1.12000
,,,-276880000.00000000000,0.12000,1.12000
,,,-276840000.00000000000,0.12000,1.12000
,,,-276800000.00000000000,0.08000,1.12000
,,,-276760000.00000000000,0.08000,1.08000
,,,-276720000.00000000000,0.20000,1.08000
,,,-276680000.00000000000,0.08000,1.08000
,,,-276640000.00000000000,0.08000,1.12000
,,,-276600000.00000000000,0.08000,1.08000
,,,-276560000.00000000000,0.12000,1.12000
,,,-276520000.00000000000,0.24000,1.08000
,,,-276480000.00000000000,0.12000,1.08000
,,,-276440000.00000000000,0.16000,1.08000
,,,-276400000.00000000000,0.12000,1.08000
,,,-276360000.00000000000,0.12000,1.04000
,,,-276320000.00000000000,0.24000,1.08000
,,,-276280000.00000000000,0.12000,1.08000
,,,-276240000.00000000000,0.08000,1.08000
,,,-276200000.00000000000,0.12000,1.12000
,,,-276160000.00000000000,0.08000,1.08000
,,,-276120000.00000000000,0.24000,1.08000
,,,-276080000.00000000000,0.12000,1.08000
,,,-276040000.00000000000,0.12000,1.08000
,,,-276000000.00000000000,0.00,1.12000
,,,-275960000.00000000000,0.20000,1.12000
,,,-275920000.00000000000,0.08000,1.08000
,,,-275880000.00000000000,0.08000,1.12000
,,,-275840000.00000000000,0.08000,1.08000
,,,-275800000.00000000000,0.04000,1.08000
,,,-275760000.00000000000,0.24000,1.08000
,,,-275720000.00000000000,0.12000,1.08000
,,,-275680000.00000000000,0.08000,1.08000
,,,-275640000.00000000000,0.08000,1.08000
,,,-275600000.00000000000,0.08000,1.08000
,,,-275560000.00000000000,0.12000,1.08000
,,,-275520000.00000000000,0.16000,1.08000
,,,-275480000.00000000000,0.12000,1.08000
,,,-275440000.00000000000,0.12000,1.12000
,,,-275400000.00000000000,0.20000,1.08000
,,,-275360000.00000000000,0.16000,1.08000
,,,-275320000.00000000000,0.12000,1.12000
,,,-275280000.00000000000,0.12000,1.12000
,,,-275240000.00000000000,0.12000,1.08000
,,,-275200000.00000000000,0.24000,1.08000
,,,-275160000.00000000000,0.12000,1.12000
,,,-275120000.00000000000,0.08000,1.12000
,,,-275080000.00000000000,0.12000,1.12000
,,,-275040000.00000000000,0.12000,1.08000
,,,-275000000.00000000000,0.16000,1.12000
,,,-274960000.00000000000,0.12000,1.08000
,,,-274920000.00000000000,0.12000,1.08000
,,,-274880000.00000000000,0.08000,1.08000
,,,-274840000.00000000000,0.08000,1.08000
,,,-274800000.00000000000,0.24000,1.08000
,,,-274760000.00000000000,0.12000,1.08000
,,,-274720000.00000000000,0.08000,1.08000
,,,-274680000.00000000000,0.12000,1.12000
,,,-274640000.00000000000,0.08000,1.08000
,,,-274600000.00000000000,0.20000,1.12000
,,,-274560000.00000000000,0.12000,1.08000
,,,-274520000.00000000000,0.08000,1.08000
,,,-274480000.00000000000,0.12000,1.08000
,,,-274440000.00000000000,0.12000,1.08000
,,,-274400000.00000000000,0.28000,1.12000
,,,-274360000.00000000000,0.16000,1.08000
,,,-274320000.00000000000,0.12000,1.08000
,,,-274280000.00000000000,0.12000,1.08000
,,,-274240000.00000000000,0.08000,1.08000
,,,-274200000.00000000000,0.24000,1.08000
,,,-274160000.00000000000,0.12000,1.12000
,,,-274120000.00000000000,0.12000,1.12000
,,,-274080000.00000000000,0.12000,1.12000
,,,-274040000.00000000000,0.12000,1.12000
,,,-274000000.00000000000,0.12000,1.12000
,,,-273960000.00000000000,0.08000,1.08000
,,,-273920000.00000000000,0.20000,1.12000
,,,-273880000.00000000000,0.12000,1.08000
,,,-273840000.00000000000,0.12000,1.08000
,,,-273800000.00000000000,0.08000,1.04000
,,,-273760000.00000000000,0.08000,1.08000
,,,-273720000.00000000000,0.24000,1.08000
,,,-273680000.00000000000,0.12000,1.08000
,,,-273640000.00000000000,0.12000,1.08000
,,,-273600000.00000000000,0.08000,1.08000
,,,-273560000.00000000000,0.12000,1.08000
,,,-273520000.00000000000,0.24000,1.08000
,,,-273480000.00000000000,0.12000,1.08000
,,,-273440000.00000000000,0.12000,1.08000
,,,-273400000.00000000000,0.12000,1.12000
,,,-273360000.00000000000,0.12000,1.08000
,,,-273320000.00000000000,0.24000,1.08000
,,,-273280000.00000000000,0.12000,1.08000
,,,-273240000.00000000000,0.12000,1.08000
,,,-273200000.00000000000,0.08000,1.08000
,,,-273160000.00000000000,0.12000,1.12000
,,,-273120000.00000000000,0.24000,1.08000
,,,-273080000.00000000000,0.08000,1.12000
,,,-273040000.00000000000,0.08000,1.12000
,,,-273000000.00000000000,0.04000,1.12000
,,,-272960000.00000000000,0.04000,1.08000
,,,-272920000.00000000000,0.24000,1.08000
,,,-272880000.00000000000,0.12000,1.08000
,,,-272840000.00000000000,0.12000,1.08000
,,,-272800000.00000000000,0.04000,1.08000
,,,-272760000.00000000000,0.08000,1.08000
,,,-272720000.00000000000,0.24000,1.08000
,,,-272680000.00000000000,0.12000,1.08000
,,,-272640000.00000000000,0.12000,1.08000
,,,-272600000.00000000000,0.08000,1.08000
,,,-272560000.00000000000,0.08000,1.08000
,,,-272520000.00000000000,0.24000,1.08000
,,,-272480000.00000000000,0.12000,1.08000
,,,-272440000.00000000000,0.12000,1.12000
,,,-272400000.00000000000,0.12000,1.08000
,,,-272360000.00000000000,0.20000,1.08000
,,,-272320000.00000000000,0.16000,1.08000
,,,-272280000.00000000000,0.12000,1.08000
,,,-272240000.00000000000,0.08000,1.12000
,,,-272200000.00000000000,0.12000,1.12000
,,,-272160000.00000000000,0.20000,1.12000
,,,-272120000.00000000000,0.12000,1.08000
,,,-272080000.00000000000,0.12000,1.12000
,,,-272040000.00000000000,0.12000,1.12000
,,,-272000000.00000000000,0.12000,1.12000
,,,-271960000.00000000000,0.16000,1.08000
,,,-271920000.00000000000,0.12000,1.08000
,,,-271880000.00000000000,0.08000,1.08000
,,,-271840000.00000000000,0.12000,1.08000
,,,-271800000.00000000000,0.08000,1.12000
,,,-271760000.00000000000,0.16000,1.08000
,,,-271720000.00000000000,0.08000,1.08000
,,,-271680000.00000000000,0.12000,1.12000
,,,-271640000.00000000000,0.12000,1.12000
,,,-271600000.00000000000,0.08000,1.04000
,,,-271560000.00000000000,0.24000,1.08000
,,,-271520000.00000000000,0.12000,1.08000
,,,-271480000.00000000000,0.12000,1.08000
,,,-271440000.00000000000,0.12000,1.12000
,,,-271400000.00000000000,0.12000,1.12000
,,,-271360000.00000000000,0.24000,1.12000
,,,-271320000.00000000000,0.12000,1.08000
,,,-271280000.00000000000,0.12000,1.08000
,,,-271240000.00000000000,0.12000,1.12000
,,,-271200000.00000000000,0.08000,1.08000
,,,-271160000.00000000000,0.24000,1.08000
,,,-271120000.00000000000,0.16000,1.08000
,,,-271080000.00000000000,0.08000,1.08000
,,,-271040000.00000000000,0.12000,1.08000
,,,-271000000.00000000000,0.08000,1.08000
,,,-270960000.00000000000,0.24000,1.12000
,,,-270920000.00000000000,0.12000,1.08000
,,,-270880000.00000000000,0.12000,1.12000
,,,-270840000.00000000000,0.08000,1.04000
,,,-270800000.00000000000,0.00,1.08000
,,,-270760000.00000000000,0.24000,1.08000
,,,-270720000.00000000000,0.08000,1.12000
,,,-270680000.00000000000,0.08000,1.08000
,,,-270640000.00000000000,0.12000,1.12000
,,,-270600000.00000000000,0.04000,1.12000
,,,-270560000.00000000000,0.24000,1.08000
,,,-270520000.00000000000,0.12000,1.08000
,,,-270480000.00000000000,0.12000,1.08000
,,,-270440000.00000000000,0.12000,1.08000
,,,-270400000.00000000000,0.08000,1.12000
,,,-270360000.00000000000,0.28000,1.08000
,,,-270320000.00000000000,0.16000,1.08000
,,,-270280000.00000000000,0.12000,1.08000
,,,-270240000.00000000000,0.12000,1.08000
,,,-270200000.00000000000,0.08000,1.12000
,,,-270160000.00000000000,0.28000,1.08000
,,,-270120000.00000000000,0.12000,1.12000
,,,-270080000.00000000000,0.08000,1.08000
,,,-270040000.00000000000,0.08000,1.08000
,,,-270000000.00000000000,0.08000,1.08000
,,,-269960000.00000000000,0.20000,1.12000
,,,-269920000.00000000000,0.08000,1.08000
,,,-269880000.00000000000,0.12000,1.08000
,,,-269840000.00000000000,0.08000,1.08000
,,,-269800000.00000000000,0.04000,1.12000
,,,-269760000.00000000000,0.20000,1.08000
,,,-269720000.00000000000,0.08000,1.12000
,,,-269680000.00000000000,0.12000,1.12000
,,,-269640000.00000000000,0.04000,1.08000
,,,-269600000.00000000000,0.08000,1.08000
,,,-269560000.00000000000,0.28000,1.08000
,,,-269520000.00000000000,0.12000,1.12000
,,,-269480000.00000000000,0.12000,1.08000
,,,-269440000.00000000000,0.12000,1.08000
,,,-269400000.00000000000,0.08000,1.12000
,,,-269360000.00000000000,0.12000,1.08000
,,,-269320000.00000000000,0.12000,1.08000
,,,-269280000.00000000000,0.16000,1.08000
,,,-269240000.00000000000,0.12000,1.08000
,,,-269200000.00000000000,0.24000,1.08000
,,,-269160000.00000000000,0.08000,1.12000
,,,-269120000.00000000000,0.12000,1.08000
,,,-269080000.00000000000,0.12000,1.12000
,,,-269040000.00000000000,0.08000,1.12000
,,,-269000000.00000000000,0.20000,1.08000
,,,-268960000.00000000000,0.12000,1.08000
,,,-268920000.00000000000,0.12000,1.12000
,,,-268880000.00000000000,0.08000,1.12000
,,,-268840000.00000000000,0.08000,1.08000
,,,-268800000.00000000000,0.20000,1.12000
,,,-268760000.00000000000,0.08000,1.12000
,,,-268720000.00000000000,0.12000,1.08000
,,,-268680000.00000000000,0.08000,1.08000
,,,-268640000.00000000000,0.04000,1.12000
,,,-268600000.00000000000,0.24000,1.08000
,,,-268560000.00000000000,0.12000,1.12000
,,,-268520000.00000000000,0.12000,1.08000
,,,-268480000.00000000000,0.12000,1.08000
,,,-268440000.00000000000,0.12000,1.12000
,,,-268400000.00000000000,0.24000,1.08000
,,,-268360000.00000000000,0.12000,1.08000
,,,-268320000.00000000000,0.12000,1.08000
,,,-268280000.00000000000,0.12000,1.08000
,,,-268240000.00000000000,0.08000,1.08000
,,,-268200000.00000000000,0.24000,1.08000
,,,-268160000.00000000000,0.16000,1.08000
,,,-268120000.00000000000,0.12000,1.12000
,,,-268080000.00000000000,0.12000,1.12000
,,,-268040000.00000000000,0.12000,1.12000
,,,-268000000.00000000000,0.24000,1.12000
,,,-267960000.00000000000,0.12000,1.12000
,,,-267920000.00000000000,0.12000,1.08000
,,,-267880000.00000000000,0.08000,1.08000
,,,-267840000.00000000000,0.08000,1.08000
,,,-267800000.00000000000,0.20000,1.08000
,,,-267760000.00000000000,0.08000,1.08000
,,,-267720000.00000000000,0.08000,1.08000
,,,-267680000.00000000000,0.08000,1.12000
,,,-267640000.00000000000,0.08000,1.08000
,,,-267600000.00000000000,0.24000,1.12000
,,,-267560000.00000000000,0.12000,1.08000
,,,-267520000.00000000000,0.12000,1.08000
,,,-267480000.00000000000,0.12000,1.08000
,,,-267440000.00000000000,0.08000,1.04000
,,,-267400000.00000000000,0.24000,1.12000
,,,-267360000.00000000000,0.16000,1.12000
,,,-267320000.00000000000,0.12000,1.12000
,,,-267280000.00000000000,0.12000,1.12000
,,,-267240000.00000000000,0.08000,1.12000
,,,-267200000.00000000000,0.28000,1.12000
,,,-267160000.00000000000,0.12000,1.12000
,,,-267120000.00000000000,0.08000,1.08000
,,,-267080000.00000000000,0.08000,1.12000
,,,-267040000.00000000000,0.08000,1.08000
,,,-267000000.00000000000,0.24000,1.12000
,,,-266960000.00000000000,0.12000,1.12000
,,,-266920000.00000000000,0.12000,1.08000
,,,-266880000.00000000000,0.08000,1.08000
,,,-266840000.00000000000,0.00,1.12000
,,,-266800000.00000000000,0.24000,1.08000
,,,-266760000.00000000000,0.08000,1.12000
,,,-266720000.00000000000,0.08000,1.12000
,,,-266680000.00000000000,0.04000,1.08000
,,,-266640000.00000000000,0.08000,1.12000
,,,-266600000.00000000000,0.28000,1.08000
,,,-266560000.00000000000,0.12000,1.08000
,,,-266520000.00000000000,0.12000,1.12000
,,,-266480000.00000000000,0.08000,1.08000
,,,-266440000.00000000000,0.08000,1.12000
,,,-266400000.00000000000,0.12000,1.08000
,,,-266360000.00000000000,0.12000,1.08000
,,,-266320000.00000000000,0.12000,1.08000
,,,-266280000.00000000000,0.12000,1.12000
,,,-266240000.00000000000,0.20000,1.08000
,,,-266200000.00000000000,0.12000,1.12000
,,,-266160000.00000000000,0.12000,1.08000
,,,-266120000.00000000000,0.12000,1.08000
,,,-266080000.00000000000,0.08000,1.08000
,,,-266040000.00000000000,0.08000,1.08000
,,,-266000000.00000000000,0.12000,1.08000
,,,-265960000.00000000000,0.08000,1.08000
,,,-265920000.00000000000,0.08000,1.08000
,,,-265880000.00000000000,0.08000,1.12000
,,,-265840000.00000000000,0.16000,1.08000
,,,-265800000.00000000000,0.12000,1.12000
,,,-265760000.00000000000,0.12000,1.08000
,,,-265720000.00000000000,0.12000,1.08000
,,,-265680000.00000000000,0.12000,1.08000
,,,-265640000.00000000000,0.16000,1.12000
,,,-265600000.00000000000,0.08000,1.08000
,,,-265560000.00000000000,0.12000,1.12000
,,,-265520000.00000000000,0.08000,1.08000
,,,-265480000.00000000000,0.12000,1.12000
,,,-265440000.00000000000,0.24000,1.08000
,,,-265400000.00000000000,0.12000,1.08000
,,,-265360000.00000000000,0.16000,1.08000
,,,-265320000.00000000000,0.12000,1.04000
,,,-265280000.00000000000,0.12000,1.12000
,,,-265240000.00000000000,0.28000,1.08000
,,,-265200000.00000000000,0.08000,1.12000
,,,-265160000.00000000000,0.12000,1.08000
,,,-265120000.00000000000,0.12000,1.12000
,,,-265080000.00000000000,0.08000,1.08000
,,,-265040000.00000000000,0.24000,1.08000
,,,-265000000.00000000000,0.08000,1.12000
,,,-264960000.00000000000,0.12000,1.08000
,,,-264920000.00000000000,0.08000,1.12000
,,,-264880000.00000000000,0.00,1.08000
,,,-264840000.00000000000,0.24000,1.12000
,,,-264800000.00000000000,0.12000,1.12000
,,,-264760000.00000000000,0.12000,1.08000
,,,-264720000.00000000000,0.08000,1.12000
,,,-264680000.00000000000,0.04000,1.08000
,,,-264640000.00000000000,0.20000,1.08000
,,,-264600000.00000000000,0.12000,1.08000
,,,-264560000.00000000000,0.12000,1.08000
,,,-264520000.00000000000,0.08000,1.08000
,,,-264480000.00000000000,0.12000,1.08000
,,,-264440000.00000000000,0.24000,1.08000
,,,-264400000.00000000000,0.12000,1.08000
,,,-264360000.00000000000,0.12000,1.12000
,,,-264320000.00000000000,0.12000,1.12000
,,,-264280000.00000000000,0.12000,1.04000
,,,-264240000.00000000000,0.24000,1.12000
,,,-264200000.00000000000,0.12000,1.04000
,,,-264160000.00000000000,0.12000,1.08000
,,,-264120000.00000000000,0.08000,1.08000
,,,-264080000.00000000000,0.08000,1.08000
,,,-264040000.00000000000,0.08000,1.08000
,,,-264000000.00000000000,0.12000,1.08000
,,,-263960000.00000000000,0.12000,1.08000
,,,-263920000.00000000000,0.08000,1.08000
,,,-263880000.00000000000,0.04000,1.08000
,,,-263840000.00000000000,0.20000,1.08000
,,,-263800000.00000000000,0.12000,1.12000
,,,-263760000.00000000000,0.12000,1.12000
,,,-263720000.00000000000,0.08000,1.08000
,,,-263680000.00000000000,0.08000,1.08000
,,,-263640000.00000000000,0.24000,1.08000
,,,-263600000.00000000000,0.12000,1.12000
,,,-263560000.00000000000,0.12000,1.08000
,,,-263520000.00000000000,0.08000,1.08000
,,,-263480000.00000000000,0.08000,1.08000
,,,-263440000.00000000000,0.16000,1.08000
,,,-263400000.00000000000,0.12000,1.08000
,,,-263360000.00000000000,0.12000,1.08000
,,,-263320000.00000000000,0.12000,1.12000
,,,-263280000.00000000000,0.20000,1.12000
,,,-263240000.00000000000,0.12000,1.08000
,,,-263200000.00000000000,0.12000,1.08000
,,,-263160000.00000000000,0.12000,1.08000
,,,-263120000.00000000000,0.12000,1.12000
,,,-263080000.00000000000,0.20000,1.12000
,,,-263040000.00000000000,0.12000,1.12000
,,,-263000000.00000000000,0.08000,1.12000
,,,-262960000.00000000000,0.08000,1.08000
,,,-262920000.00000000000,0.08000,1.12000
,,,-262880000.00000000000,0.16000,1.12000
,,,-262840000.00000000000,0.12000,1.12000
,,,-262800000.00000000000,0.12000,1.08000
,,,-262760000.00000000000,0.08000,1.12000
,,,-262720000.00000000000,0.04000,1.08000
,,,-262680000.00000000000,0.20000,1.08000
,,,-262640000.00000000000,0.16000,1.12000
,,,-262600000.00000000000,0.08000,1.08000
,,,-262560000.00000000000,0.12000,1.08000
,,,-262520000.00000000000,0.12000,1.12000
,,,-262480000.00000000000,0.24000,1.12000
,,,-262440000.00000000000,0.16000,1.08000
,,,-262400000.00000000000,0.08000,1.08000
,,,-262360000.00000000000,0.12000,1.12000
,,,-262320000.00000000000,0.08000,1.12000
,,,-262280000.00000000000,0.24000,1.08000
,,,-262240000.00000000000,0.16000,1.12000
,,,-262200000.00000000000,0.12000,1.12000
,,,-262160000.00000000000,0.12000,1.12000
,,,-262120000.00000000000,0.12000,1.12000
,,,-262080000.00000000000,0.20000,1.08000
,,,-262040000.00000000000,0.20000,1.08000
,,,-262000000.00000000000,0.12000,1.08000
,,,-261960000.00000000000,0.12000,1.08000
,,,-261920000.00000000000,0.08000,1.12000
,,,-261880000.00000000000,0.24000,1.12000
,,,-261840000.00000000000,0.08000,1.08000
,,,-261800000.00000000000,0.08000,1.12000
,,,-261760000.00000000000,0.08000,1.08000
,,,-261720000.00000000000,0.08000,1.12000
,,,-261680000.00000000000,0.20000,1.08000
,,,-261640000.00000000000,0.12000,1.08000
,,,-261600000.00000000000,0.08000,1.08000
,,,-261560000.00000000000,0.12000,1.12000
,,,-261520000.00000000000,0.04000,1.08000
,,,-261480000.00000000000,0.28000,1.08000
,,,-261440000.00000000000,0.12000,1.08000
,,,-261400000.00000000000,0.12000,1.12000
,,,-261360000.00000000000,0.12000,1.04000
,,,-261320000.00000000000,0.08000,1.12000
,,,-261280000.00000000000,0.24000,1.08000
,,,-261240000.00000000000,0.12000,1.08000
,,,-261200000.00000000000,0.12000,1.08000
,,,-261160000.00000000000,0.12000,1.08000
,,,-261120000.00000000000,0.08000,1.08000
,,,-261080000.00000000000,0.28000,1.08000
,,,-261040000.00000000000,0.12000,1.12000
,,,-261000000.00000000000,0.12000,1.08000
,,,-260960000.00000000000,0.08000,1.08000
,,,-260920000.00000000000,0.08000,1.08000
,,,-260880000.00000000000,0.24000,1.08000
,,,-260840000.00000000000,0.08000,1.12000
,,,-260800000.00000000000,0.08000,1.12000
,,,-260760000.00000000000,0.08000,1.08000
,,,-260720000.00000000000,0.04000,1.08000
,,,-260680000.00000000000,0.24000,1.12000
,,,-260640000.00000000000,0.12000,1.08000
,,,-260600000.00000000000,0.12000,1.12000
,,,-260560000.00000000000,0.12000,1.08000
,,,-260520000.00000000000,0.08000,1.08000
,,,-260480000.00000000000,0.12000,1.08000
,,,-260440000.00000000000,0.12000,1.08000
,,,-260400000.00000000000,0.12000,1.08000
,,,-260360000.00000000000,0.12000,1.12000
,,,-260320000.00000000000,0.24000,1.08000
,,,-260280000.00000000000,0.16000,1.08000
,,,-260240000.00000000000,0.12000,1.08000
,,,-260200000.00000000000,0.12000,1.08000
,,,-260160000.00000000000,0.08000,1.12000
,,,-260120000.00000000000,0.24000,1.12000
,,,-260080000.00000000000,0.12000,1.08000
,,,-260040000.00000000000,0.12000,1.08000
,,,-260000000.00000000000,0.08000,1.12000
,,,-259960000.00000000000,0.20000,1.08000
,,,-259920000.00000000000,0.12000,1.08000
,,,-259880000.00000000000,0.12000,1.08000
,,,-259840000.00000000000,0.08000,1.08000
,,,-259800000.00000000000,0.08000,1.12000
,,,-259760000.00000000000,0.20000,1.12000
,,,-259720000.00000000000,0.12000,1.08000
,,,-259680000.00000000000,0.12000,1.08000
,,,-259640000.00000000000,0.12000,1.08000
,,,-259600000.00000000000,0.12000,1.08000
,,,-259560000.00000000000,0.24000,1.08000
,,,-259520000.00000000000,0.12000,1.08000
,,,-259480000.00000000000,0.12000,1.12000
,,,-259440000.00000000000,0.12000,1.12000
,,,-259400000.00000000000,0.08000,1.08000
,,,-259360000.00000000000,0.24000,1.08000
,,,-259320000.00000000000,0.12000,1.12000
,,,-259280000.00000000000,0.12000,1.08000
,,,-259240000.00000000000,0.12000,1.12000
,,,-259200000.00000000000,0.12000,1.08000
,,,-259160000.00000000000,0.20000,1.08000
,,,-259120000.00000000000,0.12000,1.08000
,,,-259080000.00000000000,0.12000,1.08000
,,,-259040000.00000000000,0.12000,1.08000
,,,-259000000.00000000000,0.08000,1.08000
,,,-258960000.00000000000,0.16000,1.12000
,,,-258920000.00000000000,0.12000,1.08000
,,,-258880000.00000000000,0.12000,1.08000
,,,-258840000.00000000000,0.12000,1.08000
,,,-258800000.00000000000,0.08000,1.08000
,,,-258760000.00000000000,0.20000,1.12000
,,,-258720000.00000000000,0.12000,1.12000
,,,-258680000.00000000000,0.08000,1.12000
,,,-258640000.00000000000,0.08000,1.08000
,,,-258600000.00000000000,0.04000,1.12000
,,,-258560000.00000000000,0.24000,1.08000
,,,-258520000.00000000000,0.12000,1.12000
,,,-258480000.00000000000,0.12000,1.08000
,,,-258440000.00000000000,0.16000,1.08000
,,,-258400000.00000000000,0.04000,1.12000
,,,-258360000.00000000000,0.24000,1.08000
,,,-258320000.00000000000,0.12000,1.08000
,,,-258280000.00000000000,0.12000,1.08000
,,,-258240000.00000000000,0.12000,1.08000
,,,-258200000.00000000000,0.08000,1.08000
,,,-258160000.00000000000,0.24000,1.08000
,,,-258120000.00000000000,0.24000,1.08000
,,,-258080000.00000000000,0.24000,1.08000
,,,-258040000.00000000000,0.24000,1.08000
,,,-258000000.00000000000,0.12000,1.08000
,,,-257960000.00000000000,0.08000,1.12000
,,,-257920000.00000000000,0.04000,1.12000
,,,-257880000.00000000000,0.28000,1.12000
,,,-257840000.00000000000,0.08000,1.08000
,,,-257800000.00000000000,0.08000,1.08000
,,,-257760000.00000000000,0.12000,1.08000
,,,-257720000.00000000000,0.00,1.12000
,,,-257680000.00000000000,0.24000,1.12000
,,,-257640000.00000000000,0.08000,1.12000
,,,-257600000.00000000000,0.12000,1.12000
,,,-257560000.00000000000,0.08000,1.08000
,,,-257520000.00000000000,0.08000,1.08000
,,,-257480000.00000000000,0.16000,1.08000
,,,-257440000.00000000000,0.12000,1.08000
,,,-257400000.00000000000,0.12000,1.08000
,,,-257360000.00000000000,0.12000,1.08000
,,,-257320000.00000000000,0.24000,1.12000
,,,-257280000.00000000000,0.16000,1.12000
,,,-257240000.00000000000,0.12000,1.08000
,,,-257200000.00000000000,0.12000,1.08000
,,,-257160000.00000000000,0.08000,1.08000
,,,-257120000.00000000000,0.24000,1.08000
,,,-257080000.00000000000,0.08000,1.08000
,,,-257040000.00000000000,0.08000,1.12000
,,,-257000000.00000000000,0.12000,1.08000
,,,-256960000.00000000000,0.04000,1.08000
,,,-256920000.00000000000,0.20000,1.12000
,,,-256880000.00000000000,0.12000,1.08000
,,,-256840000.00000000000,0.12000,1.08000
,,,-256800000.00000000000,0.04000,1.12000
,,,-256760000.00000000000,0.12000,1.12000
,,,-256720000.00000000000,0.20000,1.12000
,,,-256680000.00000000000,0.08000,1.08000
,,,-256640000.00000000000,0.12000,1.08000
,,,-256600000.00000000000,0.12000,1.12000
,,,-256560000.00000000000,0.12000,1.08000
,,,-256520000.00000000000,0.20000,1.08000
,,,-256480000.00000000000,0.12000,1.08000
,,,-256440000.00000000000,0.12000,1.12000
,,,-256400000.00000000000,0.12000,1.08000
,,,-256360000.00000000000,0.12000,1.12000
,,,-256320000.00000000000,0.24000,1.08000
,,,-256280000.00000000000,0.12000,1.08000
,,,-256240000.00000000000,0.16000,1.08000
,,,-256200000.00000000000,0.12000,1.08000
,,,-256160000.00000000000,0.08000,1.08000
,,,-256120000.00000000000,0.24000,1.08000
,,,-256080000.00000000000,0.12000,1.08000
,,,-256040000.00000000000,0.12000,1.08000
,,,-256000000.00000000000,0.12000,1.12000
,,,-255960000.00000000000,0.08000,1.08000
,,,-255920000.00000000000,0.24000,1.08000
,,,-255880000.00000000000,0.12000,1.08000
,,,-255840000.00000000000,0.08000,1.08000
,,,-255800000.00000000000,0.12000,1.08000
,,,-255760000.00000000000,0.04000,1.08000
,,,-255720000.00000000000,0.24000,1.08000
,,,-255680000.00000000000,0.08000,1.12000
,,,-255640000.00000000000,0.08000,1.08000
,,,-255600000.00000000000,0.12000,1.08000
,,,-255560000.00000000000,0.08000,1.08000
,,,-255520000.00000000000,0.24000,1.08000
,,,-255480000.00000000000,0.12000,1.12000
,,,-255440000.00000000000,0.12000,1.12000
,,,-255400000.00000000000,0.12000,1.08000
,,,-255360000.00000000000,0.08000,1.12000
,,,-255320000.00000000000,0.28000,1.08000
,,,-255280000.00000000000,0.12000,1.08000
,,,-255240000.00000000000,0.12000,1.12000
,,,-255200000.00000000000,0.12000,1.08000
,,,-255160000.00000000000,0.08000,1.08000
,,,-255120000.00000000000,0.24000,1.12000
,,,-255080000.00000000000,0.12000,1.08000
,,,-255040000.00000000000,0.12000,1.12000
,,,-255000000.00000000000,0.08000,1.08000
,,,-254960000.00000000000,0.04000,1.12000
,,,-254920000.00000000000,0.24000,1.08000
,,,-254880000.00000000000,0.08000,1.12000
,,,-254840000.00000000000,0.12000,1.08000
,,,-254800000.00000000000,0.12000,1.12000
,,,-254760000.00000000000,0.04000,1.08000
,,,-254720000.00000000000,0.24000,1.08000
,,,-254680000.00000000000,0.08000,1.12000
,,,-254640000.00000000000,0.12000,1.08000
,,,-254600000.00000000000,0.08000,1.08000
,,,-254560000.00000000000,0.04000,1.08000
,,,-254520000.00000000000,0.24000,1.12000
,,,-254480000.00000000000,0.16000,1.12000
,,,-254440000.00000000000,0.12000,1.12000
,,,-254400000.00000000000,0.12000,1.08000
,,,-254360000.00000000000,0.24000,1.08000
,,,-254320000.00000000000,0.16000,1.08000
,,,-254280000.00000000000,0.12000,1.08000
,,,-254240000.00000000000,0.16000,1.08000
,,,-254200000.00000000000,0.12000,1.08000
,,,-254160000.00000000000,0.20000,1.08000
,,,-254120000.00000000000,0.12000,1.08000
,,,-254080000.00000000000,0.12000,1.08000
,,,-254040000.00000000000,0.12000,1.08000
,,,-254000000.00000000000,0.00,1.08000
,,,-253960000.00000000000,0.20000,1.08000
,,,-253920000.00000000000,0.12000,1.12000
,,,-253880000.00000000000,0.12000,1.08000
,,,-253840000.00000000000,0.08000,1.08000
,,,-253800000.00000000000,0.08000,1.08000
,,,-253760000.00000000000,0.20000,1.08000
,,,-253720000.00000000000,0.12000,1.12000
,,,-253680000.00000000000,0.12000,1.08000
,,,-253640000.00000000000,0.12000,1.12000
,,,-253600000.00000000000,0.12000,1.08000
,,,-253560000.00000000000,0.16000,1.08000
,,,-253520000.00000000000,0.12000,1.12000
,,,-253480000.00000000000,0.12000,1.12000
,,,-253440000.00000000000,0.08000,1.12000
,,,-253400000.00000000000,0.08000,1.08000
,,,-253360000.00000000000,0.24000,1.08000
,,,-253320000.00000000000,0.16000,1.08000
,,,-253280000.00000000000,0.12000,1.08000
,,,-253240000.00000000000,0.16000,1.08000
,,,-253200000.00000000000,0.12000,1.08000
,,,-253160000.00000000000,0.24000,1.08000
,,,-253120000.00000000000,0.12000,1.08000
,,,-253080000.00000000000,0.12000,1.12000
,,,-253040000.00000000000,0.08000,1.12000
,,,-253000000.00000000000,0.08000,1.08000
,,,-252960000.00000000000,0.24000,1.08000
,,,-252920000.00000000000,0.12000,1.12000
,,,-252880000.00000000000,0.08000,1.12000
,,,-252840000.00000000000,0.08000,1.08000
,,,-252800000.00000000000,0.00,1.12000
,,,-252760000.00000000000,0.24000,1.08000
,,,-252720000.00000000000,0.08000,1.08000
,,,-252680000.00000000000,0.12000,1.08000
,,,-252640000.00000000000,0.12000,1.12000
,,,-252600000.00000000000,0.04000,1.08000
,,,-252560000.00000000000,0.28000,1.08000
,,,-252520000.00000000000,0.12000,1.04000
,,,-252480000.00000000000,0.08000,1.08000
,,,-252440000.00000000000,0.12000,1.12000
,,,-252400000.00000000000,0.08000,1.12000
,,,-252360000.00000000000,0.28000,1.12000
,,,-252320000.00000000000,0.12000,1.08000
,,,-252280000.00000000000,0.12000,1.12000
,,,-252240000.00000000000,0.12000,1.08000
,,,-252200000.00000000000,0.08000,1.08000
,,,-252160000.00000000000,0.28000,1.08000
,,,-252120000.00000000000,0.12000,1.12000
,,,-252080000.00000000000,0.12000,1.12000
,,,-252040000.00000000000,0.12000,1.12000
,,,-252000000.00000000000,0.08000,1.08000
,,,-251960000.00000000000,0.24000,1.08000
,,,-251920000.00000000000,0.12000,1.08000
,,,-251880000.00000000000,0.08000,1.12000
,,,-251840000.00000000000,0.04000,1.12000
,,,-251800000.00000000000,0.08000,1.08000
,,,-251760000.00000000000,0.24000,1.08000
,,,-251720000.00000000000,0.12000,1.08000
,,,-251680000.00000000000,0.08000,1.08000
,,,-251640000.00000000000,0.08000,1.08000
,,,-251600000.00000000000,0.12000,1.08000
,,,-251560000.00000000000,0.24000,1.08000
,,,-251520000.00000000000,0.12000,1.12000
,,,-251480000.00000000000,0.12000,1.08000
,,,-251440000.00000000000,0.08000,1.08000
,,,-251400000.00000000000,0.08000,1.08000
,,,-251360000.00000000000,0.12000,1.08000
,,,-251320000.00000000000,0.12000,1.12000
,,,-251280000.00000000000,0.08000,1.08000
,,,-251240000.00000000000,0.12000,1.12000
,,,-251200000.00000000000,0.20000,1.08000
,,,-251160000.00000000000,0.12000,1.12000
,,,-251120000.00000000000,0.12000,1.08000
,,,-251080000.00000000000,0.12000,1.12000
,,,-251040000.00000000000,0.04000,1.08000
,,,-251000000.00000000000,0.20000,1.08000
,,,-250960000.00000000000,0.12000,1.08000
,,,-250920000.00000000000,0.08000,1.08000
,,,-250880000.00000000000,0.12000,1.08000
,,,-250840000.00000000000,0.08000,1.08000
,,,-250800000.00000000000,0.20000,1.08000
,,,-250760000.00000000000,0.08000,1.08000
,,,-250720000.00000000000,0.12000,1.08000
,,,-250680000.00000000000,0.08000,1.08000
,,,-250640000.00000000000,0.04000,1.12000
,,,-250600000.00000000000,0.16000,1.08000
,,,-250560000.00000000000,0.12000,1.08000
,,,-250520000.00000000000,0.08000,1.12000
,,,-250480000.00000000000,0.12000,1.08000
,,,-250440000.00000000000,0.08000,1.12000
,,,-250400000.00000000000,0.24000,1.08000
,,,-250360000.00000000000,0.12000,1.08000
,,,-250320000.00000000000,0.16000,1.12000
,,,-250280000.00000000000,0.08000,1.08000
,,,-250240000.00000000000,0.12000,1.08000
,,,-250200000.00000000000,0.24000,1.12000
,,,-250160000.00000000000,0.12000,1.12000
,,,-250120000.00000000000,0.12000,1.08000
,,,-250080000.00000000000,0.08000,1.08000
,,,-250040000.00000000000,0.08000,1.08000
,,,-250000000.00000000000,0.16000,1.08000
,,,-249960000.00000000000,0.12000,1.12000
,,,-249920000.00000000000,0.08000,1.08000
,,,-249880000.00000000000,0.12000,1.12000
,,,-249840000.00000000000,0.08000,1.12000
,,,-249800000.00000000000,0.24000,1.12000
,,,-249760000.00000000000,0.12000,1.12000
,,,-249720000.00000000000,0.08000,1.08000
,,,-249680000.00000000000,0.08000,1.12000
,,,-249640000.00000000000,0.08000,1.12000
,,,-249600000.00000000000,0.24000,1.08000
,,,-249560000.00000000000,0.12000,1.08000
,,,-249520000.00000000000,0.12000,1.12000
,,,-249480000.00000000000,0.12000,1.08000
,,,-249440000.00000000000,0.12000,1.12000
,,,-249400000.00000000000,0.24000,1.08000
,,,-249360000.00000000000,0.12000,1.12000
,,,-249320000.00000000000,0.12000,1.12000
,,,-249280000.00000000000,0.12000,1.12000
,,,-249240000.00000000000,0.12000,1.12000
,,,-249200000.00000000000,0.24000,1.08000
,,,-249160000.00000000000,0.12000,1.08000
,,,-249120000.00000000000,0.12000,1.12000
,,,-249080000.00000000000,0.12000,1.04000
,,,-249040000.00000000000,0.08000,1.08000
,,,-249000000.00000000000,0.24000,1.12000
,,,-248960000.00000000000,0.12000,1.12000
,,,-248920000.00000000000,0.08000,1.08000
,,,-248880000.00000000000,0.08000,1.08000
,,,-248840000.00000000000,0.08000,1.12000
,,,-248800000.00000000000,0.24000,1.08000
,,,-248760000.00000000000,0.08000,1.08000
,,,-248720000.00000000000,0.12000,1.12000
,,,-248680000.00000000000,0.08000,1.12000
,,,-248640000.00000000000,0.04000,1.12000
,,,-248600000.00000000000,0.24000,1.08000
,,,-248560000.00000000000,0.08000,1.12000
,,,-248520000.00000000000,0.12000,1.12000
,,,-248480000.00000000000,0.12000,1.08000
,,,-248440000.00000000000,0.08000,1.12000
,,,-248400000.00000000000,0.16000,1.08000
,,,-248360000.00000000000,0.12000,1.12000
,,,-248320000.00000000000,0.12000,1.08000
,,,-248280000.00000000000,0.12000,1.12000
,,,-248240000.00000000000,0.24000,1.08000
,,,-248200000.00000000000,0.12000,1.04000
,,,-248160000.00000000000,0.12000,1.12000
,,,-248120000.00000000000,0.12000,1.08000
,,,-248080000.00000000000,0.08000,1.08000
,,,-248040000.00000000000,0.08000,1.08000
,,,-248000000.00000000000,0.12000,1.08000
,,,-247960000.00000000000,0.12000,1.12000
,,,-247920000.00000000000,0.12000,1.08000
,,,-247880000.00000000000,0.04000,1.08000
,,,-247840000.00000000000,0.20000,1.08000
,,,-247800000.00000000000,0.08000,1.12000
,,,-247760000.00000000000,0.12000,1.12000
,,,-247720000.00000000000,0.12000,1.08000
,,,-247680000.00000000000,0.04000,1.12000
,,,-247640000.00000000000,0.24000,1.08000
,,,-247600000.00000000000,0.12000,1.12000
,,,-247560000.00000000000,0.12000,1.08000
,,,-247520000.00000000000,0.12000,1.12000
,,,-247480000.00000000000,0.12000,1.08000
,,,-247440000.00000000000,0.24000,1.12000
,,,-247400000.00000000000,0.12000,1.12000
,,,-247360000.00000000000,0.16000,1.08000
,,,-247320000.00000000000,0.12000,1.08000
,,,-247280000.00000000000,0.12000,1.08000
,,,-247240000.00000000000,0.24000,1.08000
,,,-247200000.00000000000,0.12000,1.08000
,,,-247160000.00000000000,0.12000,1.12000
,,,-247120000.00000000000,0.12000,1.08000
,,,-247080000.00000000000,0.08000,1.12000
,,,-247040000.00000000000,0.24000,1.12000
,,,-247000000.00000000000,0.12000,1.08000
,,,-246960000.00000000000,0.12000,1.12000
,,,-246920000.00000000000,0.08000,1.12000
,,,-246880000.00000000000,0.04000,1.08000
,,,-246840000.00000000000,0.20000,1.08000
,,,-246800000.00000000000,0.08000,1.08000
,,,-246760000.00000000000,0.08000,1.12000
,,,-246720000.00000000000,0.08000,1.08000
,,,-246680000.00000000000,0.08000,1.08000
,,,-246640000.00000000000,0.20000,1.08000
,,,-246600000.00000000000,0.12000,1.08000
,,,-246560000.00000000000,0.12000,1.12000
,,,-246520000.00000000000,0.08000,1.08000
,,,-246480000.00000000000,0.08000,1.08000
,,,-246440000.00000000000,0.24000,1.12000
,,,-246400000.00000000000,0.12000,1.12000
,,,-246360000.00000000000,0.12000,1.08000
,,,-246320000.00000000000,0.12000,1.08000
,,,-246280000.00000000000,0.08000,1.12000
,,,-246240000.00000000000,0.24000,1.08000
,,,-246200000.00000000000,0.12000,1.08000
,,,-246160000.00000000000,0.12000,1.12000
,,,-246120000.00000000000,0.12000,1.12000
,,,-246080000.00000000000,0.08000,1.12000
,,,-246040000.00000000000,0.08000,1.12000
,,,-246000000.00000000000,0.12000,1.08000
,,,-245960000.00000000000,0.12000,1.08000
,,,-245920000.00000000000,0.08000,1.08000
,,,-245880000.00000000000,0.04000,1.08000
,,,-245840000.00000000000,0.24000,1.08000
,,,-245800000.00000000000,0.04000,1.12000
,,,-245760000.00000000000,0.08000,1.08000
,,,-245720000.00000000000,0.08000,1.08000
,,,-245680000.00000000000,0.04000,1.04000
,,,-245640000.00000000000,0.24000,1.04000
,,,-245600000.00000000000,0.12000,1.08000
,,,-245560000.00000000000,0.12000,1.08000
,,,-245520000.00000000000,0.08000,1.12000
,,,-245480000.00000000000,0.08000,1.08000
,,,-245440000.00000000000,0.16000,1.12000
,,,-245400000.00000000000,0.12000,1.12000
,,,-245360000.00000000000,0.12000,1.08000
,,,-245320000.00000000000,0.16000,1.08000
,,,-245280000.00000000000,0.20000,1.08000
,,,-245240000.00000000000,0.12000,1.12000
,,,-245200000.00000000000,0.12000,1.08000
,,,-245160000.00000000000,0.12000,1.08000
,,,-245120000.00000000000,0.12000,1.08000
,,,-245080000.00000000000,0.24000,1.08000
,,,-245040000.00000000000,0.12000,1.08000
,,,-245000000.00000000000,0.12000,1.08000
,,,-244960000.00000000000,0.08000,1.08000
,,,-244920000.00000000000,0.04000,1.08000
,,,-244880000.00000000000,0.20000,1.12000
,,,-244840000.00000000000,0.12000,1.08000
,,,-244800000.00000000000,0.08000,1.08000
,,,-244760000.00000000000,0.08000,1.12000
,,,-244720000.00000000000,0.04000,1.08000
,,,-244680000.00000000000,0.20000,1.08000
,,,-244640000.00000000000,0.08000,1.08000
,,,-244600000.00000000000,0.12000,1.08000
,,,-244560000.00000000000,0.12000,1.08000
,,,-244520000.00000000000,0.12000,1.12000
,,,-244480000.00000000000,0.20000,1.08000
,,,-244440000.00000000000,0.12000,1.08000
,,,-244400000.00000000000,0.12000,1.04000
,,,-244360000.00000000000,0.12000,1.08000
,,,-244320000.00000000000,0.08000,1.12000
,,,-244280000.00000000000,0.24000,1.08000
,,,-244240000.00000000000,0.12000,1.12000
,,,-244200000.00000000000,0.12000,1.08000
,,,-244160000.00000000000,0.12000,1.08000
,,,-244120000.00000000000,0.12000,1.08000
,,,-244080000.00000000000,0.24000,1.12000
,,,-244040000.00000000000,0.24000,1.12000
,,,-244000000.00000000000,0.12000,1.08000
,,,-243960000.00000000000,0.08000,1.12000
,,,-243920000.00000000000,0.20000,1.08000
,,,-243880000.00000000000,0.08000,1.08000
,,,-243840000.00000000000,0.12000,1.08000
,,,-243800000.00000000000,0.08000,1.08000
,,,-243760000.00000000000,0.04000,1.08000
,,,-243720000.00000000000,0.16000,1.08000
,,,-243680000.00000000000,0.12000,1.12000
,,,-243640000.00000000000,0.12000,1.08000
,,,-243600000.00000000000,0.12000,1.08000
,,,-243560000.00000000000,0.12000,1.08000
,,,-243520000.00000000000,0.28000,1.12000
,,,-243480000.00000000000,0.12000,1.08000
,,,-243440000.00000000000,0.12000,1.12000
,,,-243400000.00000000000,0.12000,1.08000
,,,-243360000.00000000000,0.08000,1.08000
,,,-243320000.00000000000,0.28000,1.08000
,,,-243280000.00000000000,0.12000,1.08000
,,,-243240000.00000000000,0.12000,1.08000
,,,-243200000.00000000000,0.08000,1.12000
,,,-243160000.00000000000,0.08000,1.08000
,,,-243120000.00000000000,0.24000,1.08000
,,,-243080000.00000000000,0.12000,1.08000
,,,-243040000.00000000000,0.12000,1.12000
,,,-243000000.00000000000,0.08000,1.08000
,,,-242960000.00000000000,0.04000,1.12000
,,,-242920000.00000000000,0.24000,1.08000
,,,-242880000.00000000000,0.12000,1.08000
,,,-242840000.00000000000,0.08000,1.08000
,,,-242800000.00000000000,0.08000,1.12000
,,,-242760000.00000000000,0.08000,1.12000
,,,-242720000.00000000000,0.24000,1.08000
,,,-242680000.00000000000,0.12000,1.12000
,,,-242640000.00000000000,0.08000,1.12000
,,,-242600000.00000000000,0.08000,1.08000
,,,-242560000.00000000000,0.08000,1.08000
,,,-242520000.00000000000,0.16000,1.08000
,,,-242480000.00000000000,0.16000,1.08000
,,,-242440000.00000000000,0.08000,1.08000
,,,-242400000.00000000000,0.12000,1.08000
,,,-242360000.00000000000,0.20000,1.08000
,,,-242320000.00000000000,0.12000,1.12000
,,,-242280000.00000000000,0.12000,1.08000
,,,-242240000.00000000000,0.12000,1.08000
,,,-242200000.00000000000,0.12000,1.08000
,,,-242160000.00000000000,0.24000,1.08000
,,,-242120000.00000000000,0.24000,1.08000
,,,-242080000.00000000000,0.24000,1.08000
,,,-242040000.00000000000,0.24000,1.08000
,,,-242000000.00000000000,0.12000,1.08000
,,,-241960000.00000000000,0.12000,1.08000
,,,-241920000.00000000000,0.08000,1.08000
,,,-241880000.00000000000,0.16000,1.08000
,,,-241840000.00000000000,0.12000,1.12000
,,,-241800000.00000000000,0.12000,1.08000
,,,-241760000.00000000000,0.12000,1.08000
,,,-241720000.00000000000,0.08000,1.08000
,,,-241680000.00000000000,0.16000,1.08000
,,,-241640000.00000000000,0.12000,1.12000
,,,-241600000.00000000000,0.12000,1.08000
,,,-241560000.00000000000,0.12000,1.08000
,,,-241520000.00000000000,0.08000,1.12000
,,,-241480000.00000000000,0.20000,1.12000
,,,-241440000.00000000000,0.16000,1.08000
,,,-241400000.00000000000,0.12000,1.12000
,,,-241360000.00000000000,0.12000,1.08000
,,,-241320000.00000000000,0.12000,1.12000
,,,-241280000.00000000000,0.24000,1.12000
,,,-241240000.00000000000,0.16000,1.08000
,,,-241200000.00000000000,0.12000,1.08000
,,,-241160000.00000000000,0.12000,1.12000
,,,-241120000.00000000000,0.12000,1.12000
,,,-241080000.00000000000,0.24000,1.08000
,,,-241040000.00000000000,0.12000,1.08000
,,,-241000000.00000000000,0.12000,1.08000
,,,-240960000.00000000000,0.08000,1.12000
,,,-240920000.00000000000,0.08000,1.12000
,,,-240880000.00000000000,0.24000,1.08000
,,,-240840000.00000000000,0.12000,1.08000
,,,-240800000.00000000000,0.12000,1.08000
,,,-240760000.00000000000,0.08000,1.12000
,,,-240720000.00000000000,0.04000,1.12000
,,,-240680000.00000000000,0.24000,1.12000
,,,-240640000.00000000000,0.08000,1.12000
,,,-240600000.00000000000,0.08000,1.08000
,,,-240560000.00000000000,0.08000,1.12000
,,,-240520000.00000000000,0.08000,1.08000
,,,-240480000.00000000000,0.24000,1.08000
,,,-240440000.00000000000,0.12000,1.08000
,,,-240400000.00000000000,0.12000,1.08000
,,,-240360000.00000000000,0.08000,1.08000
,,,-240320000.00000000000,0.12000,1.08000
,,,-240280000.00000000000,0.24000,1.12000
,,,-240240000.00000000000,0.12000,1.12000
,,,-240200000.00000000000,0.12000,1.12000
,,,-240160000.00000000000,0.12000,1.12000
,,,-240120000.00000000000,0.08000,1.08000
,,,-240080000.00000000000,0.24000,1.08000
,,,-240040000.00000000000,0.24000,1.08000
,,,-240000000.00000000000,0.08000,1.08000
,,,-239960000.00000000000,0.08000,1.08000
,,,-239920000.00000000000,0.00,1.08000
,,,-239880000.00000000000,0.24000,1.08000
,,,-239840000.00000000000,0.08000,1.12000
,,,-239800000.00000000000,0.08000,1.12000
,,,-239760000.00000000000,0.08000,1.08000
,,,-239720000.00000000000,0.04000,1.08000
,,,-239680000.00000000000,0.24000,1.08000
,,,-239640000.00000000000,0.12000,1.12000
,,,-239600000.00000000000,0.12000,1.12000
,,,-239560000.00000000000,0.08000,1.12000
,,,-239520000.00000000000,0.04000,1.08000
,,,-239480000.00000000000,0.28000,1.12000
,,,-239440000.00000000000,0.12000,1.12000
,,,-239400000.00000000000,0.12000,1.08000
,,,-239360000.00000000000,0.12000,1.08000
,,,-239320000.00000000000,0.20000,1.12000
,,,-239280000.00000000000,0.12000,1.08000
,,,-239240000.00000000000,0.12000,1.08000
,,,-239200000.00000000000,0.16000,1.08000
,,,-239160000.00000000000,0.12000,1.08000
,,,-239120000.00000000000,0.16000,1.12000
,,,-239080000.00000000000,0.12000,1.08000
,,,-239040000.00000000000,0.08000,1.12000
,,,-239000000.00000000000,0.12000,1.08000
,,,-238960000.00000000000,0.12000,1.08000
,,,-238920000.00000000000,0.24000,1.12000
,,,-238880000.00000000000,0.08000,1.12000
,,,-238840000.00000000000,0.12000,1.08000
,,,-238800000.00000000000,0.08000,1.08000
,,,-238760000.00000000000,0.08000,1.12000
,,,-238720000.00000000000,0.20000,1.12000
,,,-238680000.00000000000,0.12000,1.08000
,,,-238640000.00000000000,0.12000,1.08000
,,,-238600000.00000000000,0.08000,1.08000
,,,-238560000.00000000000,0.08000,1.08000
,,,-238520000.00000000000,0.16000,1.04000
,,,-238480000.00000000000,0.16000,1.08000
,,,-238440000.00000000000,0.12000,1.08000
,,,-238400000.00000000000,0.12000,1.12000
,,,-238360000.00000000000,0.08000,1.08000
,,,-238320000.00000000000,0.24000,1.04000
,,,-238280000.00000000000,0.16000,1.08000
,,,-238240000.00000000000,0.16000,1.08000
,,,-238200000.00000000000,0.12000,1.12000
,,,-238160000.00000000000,0.12000,1.08000
,,,-238120000.00000000000,0.20000,1.12000
,,,-238080000.00000000000,0.12000,1.08000
,,,-238040000.00000000000,0.12000,1.08000
,,,-238000000.00000000000,0.12000,1.08000
,,,-237960000.00000000000,0.08000,1.08000
,,,-237920000.00000000000,0.24000,1.12000
,,,-237880000.00000000000,0.12000,1.08000
,,,-237840000.00000000000,0.08000,1.08000
,,,-237800000.00000000000,0.08000,1.08000
,,,-237760000.00000000000,0.04000,1.08000
,,,-237720000.00000000000,0.16000,1.08000
,,,-237680000.00000000000,0.12000,1.08000
,,,-237640000.00000000000,0.12000,1.08000
,,,-237600000.00000000000,0.08000,1.08000
,,,-237560000.00000000000,0.04000,1.12000
,,,-237520000.00000000000,0.20000,1.08000
,,,-237480000.00000000000,0.12000,1.08000
,,,-237440000.00000000000,0.12000,1.08000
,,,-237400000.00000000000,0.12000,1.04000
,,,-237360000.00000000000,0.08000,1.12000
,,,-237320000.00000000000,0.24000,1.08000
,,,-237280000.00000000000,0.12000,1.08000
,,,-237240000.00000000000,0.12000,1.08000
,,,-237200000.00000000000,0.12000,1.12000
,,,-237160000.00000000000,0.08000,1.04000
,,,-237120000.00000000000,0.24000,1.12000
,,,-237080000.00000000000,0.12000,1.12000
,,,-237040000.00000000000,0.12000,1.08000
,,,-237000000.00000000000,0.12000,1.08000
,,,-236960000.00000000000,0.08000,1.08000
,,,-236920000.00000000000,0.24000,1.12000
,,,-236880000.00000000000,0.12000,1.08000
,,,-236840000.00000000000,0.08000,1.08000
,,,-236800000.00000000000,0.08000,1.08000
,,,-236760000.00000000000,0.04000,1.04000
,,,-236720000.00000000000,0.16000,1.12000
,,,-236680000.00000000000,0.12000,1.12000
,,,-236640000.00000000000,0.08000,1.08000
,,,-236600000.00000000000,0.08000,1.08000
,,,-236560000.00000000000,0.08000,1.12000
,,,-236520000.00000000000,0.24000,1.08000
,,,-236480000.00000000000,0.12000,1.12000
,,,-236440000.00000000000,0.12000,1.08000
,,,-236400000.00000000000,0.08000,1.08000
,,,-236360000.00000000000,0.08000,1.08000
,,,-236320000.00000000000,0.16000,1.08000
,,,-236280000.00000000000,0.12000,1.12000
,,,-236240000.00000000000,0.08000,1.08000
,,,-236200000.00000000000,0.12000,1.12000
,,,-236160000.00000000000,0.20000,1.12000
,,,-236120000.00000000000,0.12000,1.08000
,,,-236080000.00000000000,0.08000,1.12000
,,,-236040000.00000000000,0.08000,1.12000
,,,-236000000.00000000000,0.08000,1.08000
,,,-235960000.00000000000,0.24000,1.08000
,,,-235920000.00000000000,0.12000,1.12000
,,,-235880000.00000000000,0.08000,1.12000
,,,-235840000.00000000000,0.08000,1.08000
,,,-235800000.00000000000,0.04000,1.12000
,,,-235760000.00000000000,0.20000,1.08000
,,,-235720000.00000000000,0.12000,1.12000
,,,-235680000.00000000000,0.04000,1.08000
,,,-235640000.00000000000,0.08000,1.08000
,,,-235600000.00000000000,0.04000,1.08000
,,,-235560000.00000000000,0.24000,1.08000
,,,-235520000.00000000000,0.12000,1.08000
,,,-235480000.00000000000,0.12000,1.12000
,,,-235440000.00000000000,0.12000,1.12000
,,,-235400000.00000000000,0.08000,1.08000
,,,-235360000.00000000000,0.24000,1.08000
,,,-235320000.00000000000,0.16000,1.12000
,,,-235280000.00000000000,0.12000,1.12000
,,,-235240000.00000000000,0.12000,1.12000
,,,-235200000.00000000000,0.08000,1.12000
,,,-235160000.00000000000,0.20000,1.12000
,,,-235120000.00000000000,0.12000,1.08000
,,,-235080000.00000000000,0.12000,1.08000
,,,-235040000.00000000000,0.08000,1.08000
,,,-235000000.00000000000,0.08000,1.08000
,,,-234960000.00000000000,0.20000,1.12000
,,,-234920000.00000000000,0.16000,1.08000
,,,-234880000.00000000000,0.12000,1.08000
,,,-234840000.00000000000,0.08000,1.12000
,,,-234800000.00000000000,0.04000,1.12000
,,,-234760000.00000000000,0.20000,1.12000
,,,-234720000.00000000000,0.12000,1.08000
,,,-234680000.00000000000,0.12000,1.12000
,,,-234640000.00000000000,0.08000,1.08000
,,,-234600000.00000000000,0.08000,1.08000
,,,-234560000.00000000000,0.24000,1.12000
,,,-234520000.00000000000,0.12000,1.08000
,,,-234480000.00000000000,0.12000,1.08000
,,,-234440000.00000000000,0.12000,1.08000
,,,-234400000.00000000000,0.08000,1.12000
,,,-234360000.00000000000,0.24000,1.08000
,,,-234320000.00000000000,0.12000,1.12000
,,,-234280000.00000000000,0.16000,1.08000
,,,-234240000.00000000000,0.12000,1.12000
,,,-234200000.00000000000,0.08000,1.04000
,,,-234160000.00000000000,0.28000,1.08000
,,,-234120000.00000000000,0.12000,1.08000
,,,-234080000.00000000000,0.12000,1.08000
,,,-234040000.00000000000,0.12000,1.08000
,,,-234000000.00000000000,0.08000,1.08000
,,,-233960000.00000000000,0.24000,1.08000
,,,-233920000.00000000000,0.12000,1.08000
,,,-233880000.00000000000,0.12000,1.08000
,,,-233840000.00000000000,0.08000,1.12000
,,,-233800000.00000000000,0.08000,1.08000
,,,-233760000.00000000000,0.20000,1.08000
,,,-233720000.00000000000,0.08000,1.12000
,,,-233680000.00000000000,0.08000,1.08000
,,,-233640000.00000000000,0.08000,1.08000
,,,-233600000.00000000000,0.08000,1.12000
,,,-233560000.00000000000,0.24000,1.12000
,,,-233520000.00000000000,0.12000,1.08000
,,,-233480000.00000000000,0.12000,1.12000
,,,-233440000.00000000000,0.12000,1.12000
,,,-233400000.00000000000,0.04000,1.08000
,,,-233360000.00000000000,0.12000,1.08000
,,,-233320000.00000000000,0.12000,1.08000
,,,-233280000.00000000000,0.12000,1.12000
,,,-233240000.00000000000,0.08000,1.08000
,,,-233200000.00000000000,0.24000,1.08000
,,,-233160000.00000000000,0.16000,1.08000
,,,-233120000.00000000000,0.12000,1.12000
,,,-233080000.00000000000,0.12000,1.08000
,,,-233040000.00000000000,0.08000,1.08000
,,,-233000000.00000000000,0.20000,1.12000
,,,-232960000.00000000000,0.12000,1.08000
,,,-232920000.00000000000,0.08000,1.08000
,,,-232880000.00000000000,0.12000,1.08000
,,,-232840000.00000000000,0.08000,1.08000
,,,-232800000.00000000000,0.20000,1.12000
,,,-232760000.00000000000,0.12000,1.08000
,,,-232720000.00000000000,0.08000,1.08000
,,,-232680000.00000000000,0.08000,1.08000
,,,-232640000.00000000000,0.08000,1.12000
,,,-232600000.00000000000,0.20000,1.12000
,,,-232560000.00000000000,0.12000,1.12000
,,,-232520000.00000000000,0.08000,1.12000
,,,-232480000.00000000000,0.12000,1.12000
,,,-232440000.00000000000,0.12000,1.08000
,,,-232400000.00000000000,0.24000,1.12000
,,,-232360000.00000000000,0.12000,1.12000
,,,-232320000.00000000000,0.12000,1.08000
,,,-232280000.00000000000,0.12000,1.12000
,,,-232240000.00000000000,0.08000,1.08000
,,,-232200000.00000000000,0.24000,1.12000
,,,-232160000.00000000000,0.12000,1.12000
,,,-232120000.00000000000,0.12000,1.12000
,,,-232080000.00000000000,0.12000,1.08000
,,,-232040000.00000000000,0.12000,1.08000
,,,-232000000.00000000000,0.24000,1.08000
,,,-231960000.00000000000,0.12000,1.08000
,,,-231920000.00000000000,0.12000,1.12000
,,,-231880000.00000000000,0.08000,1.12000
,,,-231840000.00000000000,0.08000,1.04000
,,,-231800000.00000000000,0.24000,1.08000
,,,-231760000.00000000000,0.08000,1.12000
,,,-231720000.00000000000,0.08000,1.08000
,,,-231680000.00000000000,0.04000,1.12000
,,,-231640000.00000000000,0.08000,1.12000
,,,-231600000.00000000000,0.24000,1.08000
,,,-231560000.00000000000,0.12000,1.12000
,,,-231520000.00000000000,0.12000,1.08000
,,,-231480000.00000000000,0.08000,1.12000
,,,-231440000.00000000000,0.12000,1.12000
,,,-231400000.00000000000,0.24000,1.08000
,,,-231360000.00000000000,0.12000,1.12000
,,,-231320000.00000000000,0.12000,1.12000
,,,-231280000.00000000000,0.12000,1.08000
,,,-231240000.00000000000,0.12000,1.08000
,,,-231200000.00000000000,0.24000,1.12000
,,,-231160000.00000000000,0.12000,1.12000
,,,-231120000.00000000000,0.12000,1.08000
,,,-231080000.00000000000,0.12000,1.12000
,,,-231040000.00000000000,0.12000,1.08000
,,,-231000000.00000000000,0.20000,1.08000
,,,-230960000.00000000000,0.12000,1.08000
,,,-230920000.00000000000,0.12000,1.12000
,,,-230880000.00000000000,0.08000,1.08000
,,,-230840000.00000000000,0.00,1.12000
,,,-230800000.00000000000,0.24000,1.08000
,,,-230760000.00000000000,0.12000,1.08000
,,,-230720000.00000000000,0.12000,1.12000
,,,-230680000.00000000000,0.08000,1.08000
,,,-230640000.00000000000,0.00,1.08000
,,,-230600000.00000000000,0.24000,1.12000
,,,-230560000.00000000000,0.12000,1.12000
,,,-230520000.00000000000,0.12000,1.12000
,,,-230480000.00000000000,0.12000,1.08000
,,,-230440000.00000000000,0.08000,1.04000
,,,-230400000.00000000000,0.12000,1.12000
,,,-230360000.00000000000,0.12000,1.08000
,,,-230320000.00000000000,0.12000,1.12000
,,,-230280000.00000000000,0.12000,1.08000
,,,-230240000.00000000000,0.20000,1.08000
,,,-230200000.00000000000,0.12000,1.08000
,,,-230160000.00000000000,0.12000,1.12000
,,,-230120000.00000000000,0.12000,1.08000
,,,-230080000.00000000000,0.12000,1.08000
,,,-230040000.00000000000,0.12000,1.08000
,,,-230000000.00000000000,0.12000,1.08000
,,,-229960000.00000000000,0.12000,1.08000
,,,-229920000.00000000000,0.08000,1.12000
,,,-229880000.00000000000,0.04000,1.08000
,,,-229840000.00000000000,0.20000,1.08000
,,,-229800000.00000000000,0.12000,1.12000
,,,-229760000.00000000000,0.08000,1.08000
,,,-229720000.00000000000,0.04000,1.12000
,,,-229680000.00000000000,0.04000,1.08000
,,,-229640000.00000000000,0.24000,1.08000
,,,-229600000.00000000000,0.08000,1.08000
,,,-229560000.00000000000,0.08000,1.12000
,,,-229520000.00000000000,0.12000,1.12000
,,,-229480000.00000000000,0.08000,1.08000
,,,-229440000.00000000000,0.20000,1.12000
,,,-229400000.00000000000,0.12000,1.08000
,,,-229360000.00000000000,0.12000,1.08000
,,,-229320000.00000000000,0.12000,1.08000
,,,-229280000.00000000000,0.12000,1.08000
,,,-229240000.00000000000,0.24000,1.12000
,,,-229200000.00000000000,0.12000,1.08000
,,,-229160000.00000000000,0.12000,1.08000
,,,-229120000.00000000000,0.08000,1.08000
,,,-229080000.00000000000,0.08000,1.08000
,,,-229040000.00000000000,0.24000,1.08000
,,,-229000000.00000000000,0.12000,1.12000
,,,-228960000.00000000000,0.08000,1.08000
,,,-228920000.00000000000,0.12000,1.08000
,,,-228880000.00000000000,0.04000,1.08000
,,,-228840000.00000000000,0.24000,1.08000
,,,-228800000.00000000000,0.12000,1.08000
,,,-228760000.00000000000,0.08000,1.12000
,,,-228720000.00000000000,0.12000,1.08000
,,,-228680000.00000000000,0.04000,1.08000
,,,-228640000.00000000000,0.24000,1.12000
,,,-228600000.00000000000,0.12000,1.08000
,,,-228560000.00000000000,0.12000,1.08000
,,,-228520000.00000000000,0.08000,1.08000
,,,-228480000.00000000000,0.08000,1.08000
,,,-228440000.00000000000,0.24000,1.08000
,,,-228400000.00000000000,0.12000,1.08000
,,,-228360000.00000000000,0.12000,1.08000
,,,-228320000.00000000000,0.12000,1.08000
,,,-228280000.00000000000,0.08000,1.12000
,,,-228240000.00000000000,0.28000,1.08000
,,,-228200000.00000000000,0.12000,1.12000
,,,-228160000.00000000000,0.12000,1.08000
,,,-228120000.00000000000,0.08000,1.08000
,,,-228080000.00000000000,0.08000,1.08000
,,,-228040000.00000000000,0.08000,1.08000
,,,-228000000.00000000000,0.12000,1.12000
,,,-227960000.00000000000,0.08000,1.08000
,,,-227920000.00000000000,0.08000,1.08000
,,,-227880000.00000000000,0.24000,1.12000
,,,-227840000.00000000000,0.08000,1.08000
,,,-227800000.00000000000,0.08000,1.08000
,,,-227760000.00000000000,0.08000,1.08000
,,,-227720000.00000000000,0.08000,1.12000
,,,-227680000.00000000000,0.28000,1.08000
,,,-227640000.00000000000,0.08000,1.12000
,,,-227600000.00000000000,0.08000,1.12000
,,,-227560000.00000000000,0.08000,1.08000
,,,-227520000.00000000000,0.08000,1.12000
,,,-227480000.00000000000,0.08000,1.08000
,,,-227440000.00000000000,0.12000,1.08000
,,,-227400000.00000000000,0.12000,1.08000
,,,-227360000.00000000000,0.12000,1.08000
,,,-227320000.00000000000,0.24000,1.08000
,,,-227280000.00000000000,0.12000,1.12000
,,,-227240000.00000000000,0.12000,1.08000
,,,-227200000.00000000000,0.12000,1.08000
,,,-227160000.00000000000,0.08000,1.08000
,,,-227120000.00000000000,0.20000,1.08000
,,,-227080000.00000000000,0.08000,1.08000
,,,-227040000.00000000000,0.12000,1.12000
,,,-227000000.00000000000,0.08000,1.08000
,,,-226960000.00000000000,0.08000,1.12000
,,,-226920000.00000000000,0.20000,1.12000
,,,-226880000.00000000000,0.08000,1.12000
,,,-226840000.00000000000,0.12000,1.08000
,,,-226800000.00000000000,0.04000,1.12000
,,,-226760000.00000000000,0.08000,1.08000
,,,-226720000.00000000000,0.20000,1.08000
,,,-226680000.00000000000,0.12000,1.08000
,,,-226640000.00000000000,0.12000,1.08000
,,,-226600000.00000000000,0.08000,1.12000
,,,-226560000.00000000000,0.08000,1.12000
,,,-226520000.00000000000,0.24000,1.08000
,,,-226480000.00000000000,0.16000,1.08000
,,,-226440000.00000000000,0.12000,1.12000
,,,-226400000.00000000000,0.12000,1.08000
,,,-226360000.00000000000,0.12000,1.08000
,,,-226320000.00000000000,0.24000,1.08000
,,,-226280000.00000000000,0.12000,1.12000
,,,-226240000.00000000000,0.12000,1.08000
,,,-226200000.00000000000,0.12000,1.08000
,,,-226160000.00000000000,0.12000,1.08000
,,,-226120000.00000000000,0.12000,1.08000
,,,-226080000.00000000000,0.12000,1.08000
,,,-226040000.00000000000,0.20000,1.08000
,,,-226000000.00000000000,0.12000,1.08000
,,,-225960000.00000000000,0.04000,1.12000
,,,-225920000.00000000000,0.24000,1.12000
,,,-225880000.00000000000,0.12000,1.12000
,,,-225840000.00000000000,0.12000,1.12000
,,,-225800000.00000000000,0.08000,1.08000
,,,-225760000.00000000000,0.08000,1.08000
,,,-225720000.00000000000,0.20000,1.04000
,,,-225680000.00000000000,0.12000,1.08000
,,,-225640000.00000000000,0.12000,1.08000
,,,-225600000.00000000000,0.12000,1.12000
,,,-225560000.00000000000,0.12000,1.12000
,,,-225520000.00000000000,0.24000,1.12000
,,,-225480000.00000000000,0.12000,1.12000
,,,-225440000.00000000000,0.12000,1.04000
,,,-225400000.00000000000,0.12000,1.08000
,,,-225360000.00000000000,0.08000,1.08000
,,,-225320000.00000000000,0.24000,1.12000
,,,-225280000.00000000000,0.12000,1.12000
,,,-225240000.00000000000,0.16000,1.08000
,,,-225200000.00000000000,0.08000,1.12000
,,,-225160000.00000000000,0.08000,1.08000
,,,-225120000.00000000000,0.24000,1.08000
,,,-225080000.00000000000,0.12000,1.12000
,,,-225040000.00000000000,0.12000,1.08000
,,,-225000000.00000000000,0.08000,1.12000
,,,-224960000.00000000000,0.08000,1.12000
,,,-224920000.00000000000,0.28000,1.08000
,,,-224880000.00000000000,0.12000,1.12000
,,,-224840000.00000000000,0.12000,1.12000
,,,-224800000.00000000000,0.08000,1.08000
,,,-224760000.00000000000,0.08000,1.12000
,,,-224720000.00000000000,0.24000,1.08000
,,,-224680000.00000000000,0.12000,1.08000
,,,-224640000.00000000000,0.12000,1.08000
,,,-224600000.00000000000,0.08000,1.08000
,,,-224560000.00000000000,0.00,1.08000
,,,-224520000.00000000000,0.12000,1.12000
,,,-224480000.00000000000,0.12000,1.12000
,,,-224440000.00000000000,0.12000,1.08000
,,,-224400000.00000000000,0.12000,1.08000
,,,-224360000.00000000000,0.20000,1.12000
,,,-224320000.00000000000,0.04000,1.08000
,,,-224280000.00000000000,0.16000,1.12000
,,,-224240000.00000000000,0.12000,1.08000
,,,-224200000.00000000000,0.12000,1.12000
,,,-224160000.00000000000,0.24000,1.12000
,,,-224120000.00000000000,0.24000,1.12000
,,,-224080000.00000000000,0.24000,1.12000
,,,-224040000.00000000000,0.24000,1.12000
,,,-224000000.00000000000,0.12000,1.12000
,,,-223960000.00000000000,0.12000,1.08000
,,,-223920000.00000000000,0.08000,1.08000
,,,-223880000.00000000000,0.20000,1.08000
,,,-223840000.00000000000,0.12000,1.12000
,,,-223800000.00000000000,0.12000,1.08000
,,,-223760000.00000000000,0.08000,1.12000
,,,-223720000.00000000000,0.04000,1.12000
,,,-223680000.00000000000,0.20000,1.08000
,,,-223640000.00000000000,0.12000,1.12000
,,,-223600000.00000000000,0.08000,1.08000
,,,-223560000.00000000000,0.12000,1.08000
,,,-223520000.00000000000,0.04000,1.08000
,,,-223480000.00000000000,0.16000,1.04000
,,,-223440000.00000000000,0.12000,1.12000
,,,-223400000.00000000000,0.12000,1.08000
,,,-223360000.00000000000,0.08000,1.08000
,,,-223320000.00000000000,0.12000,1.12000
,,,-223280000.00000000000,0.24000,1.12000
,,,-223240000.00000000000,0.12000,1.12000
,,,-223200000.00000000000,0.12000,1.08000
,,,-223160000.00000000000,0.12000,1.08000
,,,-223120000.00000000000,0.08000,1.08000
,,,-223080000.00000000000,0.24000,1.08000
,,,-223040000.00000000000,0.12000,1.12000
,,,-223000000.00000000000,0.12000,1.08000
,,,-222960000.00000000000,0.08000,1.08000
,,,-222920000.00000000000,0.08000,1.08000
,,,-222880000.00000000000,0.24000,1.08000
,,,-222840000.00000000000,0.12000,1.08000
,,,-222800000.00000000000,0.12000,1.08000
,,,-222760000.00000000000,0.08000,1.08000
,,,-222720000.00000000000,0.04000,1.08000
,,,-222680000.00000000000,0.20000,1.08000
,,,-222640000.00000000000,0.12000,1.08000
,,,-222600000.00000000000,0.08000,1.12000
,,,-222560000.00000000000,0.08000,1.12000
,,,-222520000.00000000000,0.04000,1.08000
,,,-222480000.00000000000,0.24000,1.08000
,,,-222440000.00000000000,0.12000,1.08000
,,,-222400000.00000000000,0.12000,1.08000
,,,-222360000.00000000000,0.12000,1.08000
,,,-222320000.00000000000,0.04000,1.08000
,,,-222280000.00000000000,0.28000,1.08000
,,,-222240000.00000000000,0.12000,1.12000
,,,-222200000.00000000000,0.12000,1.12000
,,,-222160000.00000000000,0.08000,1.08000
,,,-222120000.00000000000,0.12000,1.12000
,,,-222080000.00000000000,0.24000,1.08000
,,,-222040000.00000000000,0.24000,1.08000
,,,-222000000.00000000000,0.08000,1.12000
,,,-221960000.00000000000,0.12000,1.08000
,,,-221920000.00000000000,0.08000,1.08000
,,,-221880000.00000000000,0.24000,1.08000
,,,-221840000.00000000000,0.12000,1.08000
,,,-221800000.00000000000,0.12000,1.12000
,,,-221760000.00000000000,0.08000,1.12000
,,,-221720000.00000000000,0.04000,1.08000
,,,-221680000.00000000000,0.24000,1.08000
,,,-221640000.00000000000,0.12000,1.08000
,,,-221600000.00000000000,0.12000,1.12000
,,,-221560000.00000000000,0.08000,1.08000
,,,-221520000.00000000000,0.04000,1.12000
,,,-221480000.00000000000,0.28000,1.12000
,,,-221440000.00000000000,0.08000,1.12000
,,,-221400000.00000000000,0.08000,1.08000
,,,-221360000.00000000000,0.12000,1.12000
,,,-221320000.00000000000,0.20000,1.12000
,,,-221280000.00000000000,0.16000,1.08000
,,,-221240000.00000000000,0.12000,1.08000
,,,-221200000.00000000000,0.12000,1.12000
,,,-221160000.00000000000,0.12000,1.08000
,,,-221120000.00000000000,0.24000,1.12000
,,,-221080000.00000000000,0.12000,1.08000
,,,-221040000.00000000000,0.12000,1.12000
,,,-221000000.00000000000,0.12000,1.08000
,,,-220960000.00000000000,0.12000,1.08000
,,,-220920000.00000000000,0.20000,1.12000
,,,-220880000.00000000000,0.08000,1.08000
,,,-220840000.00000000000,0.08000,1.12000
,,,-220800000.00000000000,0.12000,1.12000
,,,-220760000.00000000000,0.04000,1.08000
,,,-220720000.00000000000,0.20000,1.12000
,,,-220680000.00000000000,0.08000,1.08000
,,,-220640000.00000000000,0.12000,1.04000
,,,-220600000.00000000000,0.12000,1.08000
,,,-220560000.00000000000,0.08000,1.08000
,,,-220520000.00000000000,0.24000,1.12000
,,,-220480000.00000000000,0.12000,1.12000
,,,-220440000.00000000000,0.12000,1.08000
,,,-220400000.00000000000,0.12000,1.08000
,,,-220360000.00000000000,0.16000,1.08000
,,,-220320000.00000000000,0.24000,1.12000
,,,-220280000.00000000000,0.12000,1.12000
,,,-220240000.00000000000,0.12000,1.08000
,,,-220200000.00000000000,0.12000,1.12000
,,,-220160000.00000000000,0.08000,1.12000
,,,-220120000.00000000000,0.24000,1.08000
,,,-220080000.00000000000,0.12000,1.08000
,,,-220040000.00000000000,0.12000,1.08000
,,,-220000000.00000000000,0.08000,1.08000
,,,-219960000.00000000000,0.08000,1.08000
,,,-219920000.00000000000,0.20000,1.12000
,,,-219880000.00000000000,0.12000,1.12000
,,,-219840000.00000000000,0.08000,1.12000
,,,-219800000.00000000000,0.12000,1.08000
,,,-219760000.00000000000,0.08000,1.08000
,,,-219720000.00000000000,0.24000,1.12000
,,,-219680000.00000000000,0.16000,1.08000
,,,-219640000.00000000000,0.08000,1.12000
,,,-219600000.00000000000,0.08000,1.08000
,,,-219560000.00000000000,0.08000,1.08000
,,,-219520000.00000000000,0.24000,1.12000
,,,-219480000.00000000000,0.12000,1.12000
,,,-219440000.00000000000,0.12000,1.08000
,,,-219400000.00000000000,0.12000,1.08000
,,,-219360000.00000000000,0.08000,1.08000
,,,-219320000.00000000000,0.24000,1.12000
,,,-219280000.00000000000,0.12000,1.08000
,,,-219240000.00000000000,0.12000,1.08000
,,,-219200000.00000000000,0.12000,1.12000
,,,-219160000.00000000000,0.08000,1.08000
,,,-219120000.00000000000,0.24000,1.08000
,,,-219080000.00000000000,0.12000,1.08000
,,,-219040000.00000000000,0.12000,1.12000
,,,-219000000.00000000000,0.12000,1.08000
,,,-218960000.00000000000,0.08000,1.08000
,,,-218920000.00000000000,0.24000,1.08000
,,,-218880000.00000000000,0.12000,1.08000
,,,-218840000.00000000000,0.12000,1.12000
,,,-218800000.00000000000,0.08000,1.08000
,,,-218760000.00000000000,0.04000,1.08000
,,,-218720000.00000000000,0.24000,1.08000
,,,-218680000.00000000000,0.08000,1.08000
,,,-218640000.00000000000,0.08000,1.12000
,,,-218600000.00000000000,0.12000,1.08000
,,,-218560000.00000000000,0.04000,1.12000
,,,-218520000.00000000000,0.24000,1.08000
,,,-218480000.00000000000,0.08000,1.12000
,,,-218440000.00000000000,0.12000,1.08000
,,,-218400000.00000000000,0.12000,1.08000
,,,-218360000.00000000000,0.08000,1.12000
,,,-218320000.00000000000,0.12000,1.08000
,,,-218280000.00000000000,0.12000,1.08000
,,,-218240000.00000000000,0.12000,1.08000
,,,-218200000.00000000000,0.08000,1.12000
,,,-218160000.00000000000,0.24000,1.12000
,,,-218120000.00000000000,0.12000,1.08000
,,,-218080000.00000000000,0.12000,1.08000
,,,-218040000.00000000000,0.12000,1.08000
,,,-218000000.00000000000,0.08000,1.08000
,,,-217960000.00000000000,0.20000,1.12000
,,,-217920000.00000000000,0.12000,1.08000
,,,-217880000.00000000000,0.08000,1.08000
,,,-217840000.00000000000,0.08000,1.12000
,,,-217800000.00000000000,0.08000,1.08000
,,,-217760000.00000000000,0.16000,1.08000
,,,-217720000.00000000000,0.12000,1.08000
,,,-217680000.00000000000,0.12000,1.08000
,,,-217640000.00000000000,0.08000,1.12000
,,,-217600000.00000000000,0.08000,1.08000
,,,-217560000.00000000000,0.24000,1.12000
,,,-217520000.00000000000,0.12000,1.08000
,,,-217480000.00000000000,0.12000,1.08000
,,,-217440000.00000000000,0.12000,1.08000
,,,-217400000.00000000000,0.08000,1.12000
,,,-217360000.00000000000,0.24000,1.12000
,,,-217320000.00000000000,0.12000,1.12000
,,,-217280000.00000000000,0.12000,1.08000
,,,-217240000.00000000000,0.08000,1.08000
,,,-217200000.00000000000,0.08000,1.08000
,,,-217160000.00000000000,0.28000,1.08000
,,,-217120000.00000000000,0.12000,1.08000
,,,-217080000.00000000000,0.12000,1.08000
,,,-217040000.00000000000,0.12000,1.12000
,,,-217000000.00000000000,0.08000,1.12000
,,,-216960000.00000000000,0.24000,1.12000
,,,-216920000.00000000000,0.08000,1.12000
,,,-216880000.00000000000,0.12000,1.04000
,,,-216840000.00000000000,0.12000,1.12000
,,,-216800000.00000000000,0.08000,1.12000
,,,-216760000.00000000000,0.24000,1.08000
,,,-216720000.00000000000,0.12000,1.08000
,,,-216680000.00000000000,0.12000,1.08000
,,,-216640000.00000000000,0.08000,1.08000
,,,-216600000.00000000000,0.04000,1.08000
,,,-216560000.00000000000,0.20000,1.12000
,,,-216520000.00000000000,0.08000,1.08000
,,,-216480000.00000000000,0.08000,1.08000
,,,-216440000.00000000000,0.12000,1.08000
,,,-216400000.00000000000,0.08000,1.08000
,,,-216360000.00000000000,0.24000,1.08000
,,,-216320000.00000000000,0.12000,1.08000
,,,-216280000.00000000000,0.16000,1.12000
,,,-216240000.00000000000,0.12000,1.12000
,,,-216200000.00000000000,0.08000,1.08000
,,,-216160000.00000000000,0.24000,1.08000
,,,-216120000.00000000000,0.12000,1.12000
,,,-216080000.00000000000,0.12000,1.08000
,,,-216040000.00000000000,0.12000,1.08000
,,,-216000000.00000000000,0.08000,1.08000
,,,-215960000.00000000000,0.24000,1.08000
,,,-215920000.00000000000,0.12000,1.08000
,,,-215880000.00000000000,0.08000,1.12000
,,,-215840000.00000000000,0.08000,1.08000
,,,-215800000.00000000000,0.04000,1.04000
,,,-215760000.00000000000,0.24000,1.12000
,,,-215720000.00000000000,0.08000,1.12000
,,,-215680000.00000000000,0.08000,1.12000
,,,-215640000.00000000000,0.08000,1.08000
,,,-215600000.00000000000,0.04000,1.08000
,,,-215560000.00000000000,0.24000,1.12000
,,,-215520000.00000000000,0.08000,1.08000
,,,-215480000.00000000000,0.08000,1.08000
,,,-215440000.00000000000,0.12000,1.12000
,,,-215400000.00000000000,0.08000,1.08000
,,,-215360000.00000000000,0.12000,1.12000
,,,-215320000.00000000000,0.16000,1.12000
,,,-215280000.00000000000,0.16000,1.08000
,,,-215240000.00000000000,0.12000,1.12000
,,,-215200000.00000000000,0.24000,1.12000
,,,-215160000.00000000000,0.12000,1.12000
,,,-215120000.00000000000,0.12000,1.08000
,,,-215080000.00000000000,0.12000,1.08000
,,,-215040000.00000000000,0.08000,1.12000
,,,-215000000.00000000000,0.16000,1.08000
,,,-214960000.00000000000,0.12000,1.08000
,,,-214920000.00000000000,0.12000,1.08000
,,,-214880000.00000000000,0.12000,1.12000
,,,-214840000.00000000000,0.08000,1.08000
,,,-214800000.00000000000,0.16000,1.12000
,,,-214760000.00000000000,0.12000,1.08000
,,,-214720000.00000000000,0.12000,1.08000
,,,-214680000.00000000000,0.08000,1.08000
,,,-214640000.00000000000,0.08000,1.08000
,,,-214600000.00000000000,0.16000,1.08000
,,,-214560000.00000000000,0.08000,1.12000
,,,-214520000.00000000000,0.12000,1.08000
,,,-214480000.00000000000,0.08000,1.08000
,,,-214440000.00000000000,0.12000,1.08000
,,,-214400000.00000000000,0.24000,1.08000
,,,-214360000.00000000000,0.12000,1.12000
,,,-214320000.00000000000,0.12000,1.08000
,,,-214280000.00000000000,0.12000,1.12000
,,,-214240000.00000000000,0.08000,1.12000
,,,-214200000.00000000000,0.24000,1.12000
,,,-214160000.00000000000,0.16000,1.08000
,,,-214120000.00000000000,0.12000,1.08000
,,,-214080000.00000000000,0.12000,1.08000
,,,-214040000.00000000000,0.12000,1.08000
,,,-214000000.00000000000,0.20000,1.12000
,,,-213960000.00000000000,0.12000,1.08000
,,,-213920000.00000000000,0.12000,1.12000
,,,-213880000.00000000000,0.04000,1.12000
,,,-213840000.00000000000,0.08000,1.08000
,,,-213800000.00000000000,0.24000,1.12000
,,,-213760000.00000000000,0.12000,1.08000
,,,-213720000.00000000000,0.08000,1.08000
,,,-213680000.00000000000,0.08000,1.12000
,,,-213640000.00000000000,0.04000,1.12000
,,,-213600000.00000000000,0.24000,1.12000
,,,-213560000.00000000000,0.12000,1.08000
,,,-213520000.00000000000,0.12000,1.08000
,,,-213480000.00000000000,0.08000,1.08000
,,,-213440000.00000000000,0.08000,1.08000
,,,-213400000.00000000000,0.28000,1.12000
,,,-213360000.00000000000,0.12000,1.12000
,,,-213320000.00000000000,0.12000,1.08000
,,,-213280000.00000000000,0.12000,1.12000
,,,-213240000.00000000000,0.12000,1.08000
,,,-213200000.00000000000,0.24000,1.08000
,,,-213160000.00000000000,0.12000,1.12000
,,,-213120000.00000000000,0.12000,1.08000
,,,-213080000.00000000000,0.08000,1.12000
,,,-213040000.00000000000,0.08000,1.12000
,,,-213000000.00000000000,0.28000,1.08000
,,,-212960000.00000000000,0.12000,1.12000
,,,-212920000.00000000000,0.12000,1.08000
,,,-212880000.00000000000,0.12000,1.08000
,,,-212840000.00000000000,0.00,1.12000
,,,-212800000.00000000000,0.24000,1.08000
,,,-212760000.00000000000,0.08000,1.08000
,,,-212720000.00000000000,0.08000,1.12000
,,,-212680000.00000000000,0.12000,1.08000
,,,-212640000.00000000000,0.04000,1.08000
,,,-212600000.00000000000,0.24000,1.08000
,,,-212560000.00000000000,0.12000,1.12000
,,,-212520000.00000000000,0.12000,1.08000
,,,-212480000.00000000000,0.12000,1.12000
,,,-212440000.00000000000,0.08000,1.08000
,,,-212400000.00000000000,0.12000,1.12000
,,,-212360000.00000000000,0.12000,1.12000
,,,-212320000.00000000000,0.12000,1.08000
,,,-212280000.00000000000,0.08000,1.08000
,,,-212240000.00000000000,0.24000,1.12000
,,,-212200000.00000000000,0.12000,1.08000
,,,-212160000.00000000000,0.12000,1.08000
,,,-212120000.00000000000,0.16000,1.12000
,,,-212080000.00000000000,0.08000,1.08000
,,,-212040000.00000000000,0.08000,1.08000
,,,-212000000.00000000000,0.12000,1.08000
,,,-211960000.00000000000,0.12000,1.12000
,,,-211920000.00000000000,0.08000,1.08000
,,,-211880000.00000000000,0.24000,1.12000
,,,-211840000.00000000000,0.12000,1.08000
,,,-211800000.00000000000,0.12000,1.08000
,,,-211760000.00000000000,0.12000,1.08000
,,,-211720000.00000000000,0.04000,1.08000
,,,-211680000.00000000000,0.16000,1.08000
,,,-211640000.00000000000,0.16000,1.08000
,,,-211600000.00000000000,0.12000,1.08000
,,,-211560000.00000000000,0.08000,1.12000
,,,-211520000.00000000000,0.08000,1.12000
,,,-211480000.00000000000,0.24000,1.08000
,,,-211440000.00000000000,0.12000,1.08000
,,,-211400000.00000000000,0.16000,1.08000
,,,-211360000.00000000000,0.08000,1.08000
,,,-211320000.00000000000,0.12000,1.08000
,,,-211280000.00000000000,0.28000,1.08000
,,,-211240000.00000000000,0.16000,1.08000
,,,-211200000.00000000000,0.12000,1.12000
,,,-211160000.00000000000,0.12000,1.12000
,,,-211120000.00000000000,0.12000,1.12000
,,,-211080000.00000000000,0.24000,1.08000
,,,-211040000.00000000000,0.16000,1.08000
,,,-211000000.00000000000,0.12000,1.08000
,,,-210960000.00000000000,0.08000,1.12000
,,,-210920000.00000000000,0.08000,1.08000
,,,-210880000.00000000000,0.24000,1.08000
,,,-210840000.00000000000,0.12000,1.08000
,,,-210800000.00000000000,0.12000,1.12000
,,,-210760000.00000000000,0.08000,1.08000
,,,-210720000.00000000000,0.08000,1.08000
,,,-210680000.00000000000,0.16000,1.12000
,,,-210640000.00000000000,0.12000,1.12000
,,,-210600000.00000000000,0.08000,1.08000
,,,-210560000.00000000000,0.08000,1.08000
,,,-210520000.00000000000,0.08000,1.08000
,,,-210480000.00000000000,0.20000,1.12000
,,,-210440000.00000000000,0.12000,1.08000
,,,-210400000.00000000000,0.12000,1.08000
,,,-210360000.00000000000,0.12000,1.04000
,,,-210320000.00000000000,0.08000,1.08000
,,,-210280000.00000000000,0.24000,1.12000
,,,-210240000.00000000000,0.08000,1.12000
,,,-210200000.00000000000,0.12000,1.08000
,,,-210160000.00000000000,0.12000,1.08000
,,,-210120000.00000000000,0.12000,1.08000
,,,-210080000.00000000000,0.12000,1.08000
,,,-210040000.00000000000,0.12000,1.08000
,,,-210000000.00000000000,0.24000,1.08000
,,,-209960000.00000000000,0.16000,1.08000
,,,-209920000.00000000000,0.12000,1.08000
,,,-209880000.00000000000,0.08000,1.12000
,,,-209840000.00000000000,0.00,1.08000
,,,-209800000.00000000000,0.24000,1.08000
,,,-209760000.00000000000,0.12000,1.08000
,,,-209720000.00000000000,0.08000,1.08000
,,,-209680000.00000000000,0.08000,1.12000
,,,-209640000.00000000000,0.00,1.12000
,,,-209600000.00000000000,0.24000,1.04000
,,,-209560000.00000000000,0.12000,1.12000
,,,-209520000.00000000000,0.12000,1.12000
,,,-209480000.00000000000,0.08000,1.08000
,,,-209440000.00000000000,0.04000,1.08000
,,,-209400000.00000000000,0.12000,1.08000
,,,-209360000.00000000000,0.12000,1.12000
,,,-209320000.00000000000,0.12000,1.08000
,,,-209280000.00000000000,0.08000,1.08000
,,,-209240000.00000000000,0.24000,1.12000
,,,-209200000.00000000000,0.16000,1.08000
,,,-209160000.00000000000,0.08000,1.08000
,,,-209120000.00000000000,0.16000,1.12000
,,,-209080000.00000000000,0.12000,1.08000
,,,-209040000.00000000000,0.20000,1.12000
,,,-209000000.00000000000,0.12000,1.12000
,,,-208960000.00000000000,0.12000,1.08000
,,,-208920000.00000000000,0.12000,1.12000
,,,-208880000.00000000000,0.08000,1.08000
,,,-208840000.00000000000,0.16000,1.12000
,,,-208800000.00000000000,0.12000,1.08000
,,,-208760000.00000000000,0.12000,1.08000
,,,-208720000.00000000000,0.08000,1.12000
,,,-208680000.00000000000,0.08000,1.12000
,,,-208640000.00000000000,0.24000,1.08000
,,,-208600000.00000000000,0.08000,1.08000
,,,-208560000.00000000000,0.12000,1.12000
,,,-208520000.00000000000,0.08000,1.08000
,,,-208480000.00000000000,0.08000,1.08000
,,,-208440000.00000000000,0.24000,1.08000
,,,-208400000.00000000000,0.12000,1.08000
,,,-208360000.00000000000,0.12000,1.08000
,,,-208320000.00000000000,0.08000,1.08000
,,,-208280000.00000000000,0.12000,1.08000
,,,-208240000.00000000000,0.24000,1.08000
,,,-208200000.00000000000,0.16000,1.12000
,,,-208160000.00000000000,0.12000,1.08000
,,,-208120000.00000000000,0.12000,1.08000
,,,-208080000.00000000000,0.12000,1.08000
,,,-208040000.00000000000,0.12000,1.08000
,,,-208000000.00000000000,0.12000,1.12000
,,,-207960000.00000000000,0.12000,1.08000
,,,-207920000.00000000000,0.12000,1.08000
,,,-207880000.00000000000,0.08000,1.12000
,,,-207840000.00000000000,0.20000,1.12000
,,,-207800000.00000000000,0.12000,1.12000
,,,-207760000.00000000000,0.12000,1.12000
,,,-207720000.00000000000,0.12000,1.08000
,,,-207680000.00000000000,0.08000,1.08000
,,,-207640000.00000000000,0.24000,1.08000
,,,-207600000.00000000000,0.12000,1.12000
,,,-207560000.00000000000,0.08000,1.08000
,,,-207520000.00000000000,0.08000,1.12000
,,,-207480000.00000000000,0.08000,1.12000
,,,-207440000.00000000000,0.24000,1.12000
,,,-207400000.00000000000,0.12000,1.12000
,,,-207360000.00000000000,0.12000,1.12000
,,,-207320000.00000000000,0.12000,1.08000
,,,-207280000.00000000000,0.12000,1.08000
,,,-207240000.00000000000,0.24000,1.12000
,,,-207200000.00000000000,0.16000,1.12000
,,,-207160000.00000000000,0.16000,1.12000
,,,-207120000.00000000000,0.12000,1.08000
,,,-207080000.00000000000,0.08000,1.08000
,,,-207040000.00000000000,0.24000,1.12000
,,,-207000000.00000000000,0.16000,1.08000
,,,-206960000.00000000000,0.12000,1.12000
,,,-206920000.00000000000,0.08000,1.08000
,,,-206880000.00000000000,0.08000,1.12000
,,,-206840000.00000000000,0.24000,1.12000
,,,-206800000.00000000000,0.08000,1.08000
,,,-206760000.00000000000,0.12000,1.12000
,,,-206720000.00000000000,0.12000,1.08000
,,,-206680000.00000000000,0.04000,1.12000
,,,-206640000.00000000000,0.24000,1.12000
,,,-206600000.00000000000,0.12000,1.08000
,,,-206560000.00000000000,0.08000,1.08000
,,,-206520000.00000000000,0.12000,1.08000
,,,-206480000.00000000000,0.08000,1.08000
,,,-206440000.00000000000,0.28000,1.08000
,,,-206400000.00000000000,0.08000,1.12000
,,,-206360000.00000000000,0.12000,1.12000
,,,-206320000.00000000000,0.12000,1.12000
,,,-206280000.00000000000,0.24000,1.12000
,,,-206240000.00000000000,0.12000,1.08000
,,,-206200000.00000000000,0.08000,1.12000
,,,-206160000.00000000000,0.12000,1.08000
,,,-206120000.00000000000,0.12000,1.12000
,,,-206080000.00000000000,0.24000,1.08000
,,,-206040000.00000000000,0.24000,1.08000
,,,-206000000.00000000000,0.12000,1.08000
,,,-205960000.00000000000,0.08000,1.08000
,,,-205920000.00000000000,0.08000,1.08000
,,,-205880000.00000000000,0.20000,1.08000
,,,-205840000.00000000000,0.12000,1.08000
,,,-205800000.00000000000,0.08000,1.08000
,,,-205760000.00000000000,0.12000,1.08000
,,,-205720000.00000000000,0.08000,1.08000
,,,-205680000.00000000000,0.20000,1.08000
,,,-205640000.00000000000,0.12000,1.12000
,,,-205600000.00000000000,0.12000,1.12000
,,,-205560000.00000000000,0.08000,1.08000
,,,-205520000.00000000000,0.04000,1.08000
,,,-205480000.00000000000,0.20000,1.12000
,,,-205440000.00000000000,0.12000,1.08000
,,,-205400000.00000000000,0.12000,1.12000
,,,-205360000.00000000000,0.12000,1.08000
,,,-205320000.00000000000,0.12000,1.08000
,,,-205280000.00000000000,0.24000,1.12000
,,,-205240000.00000000000,0.12000,1.08000
,,,-205200000.00000000000,0.12000,1.08000
,,,-205160000.00000000000,0.08000,1.08000
,,,-205120000.00000000000,0.12000,1.08000
,,,-205080000.00000000000,0.24000,1.08000
,,,-205040000.00000000000,0.12000,1.08000
,,,-205000000.00000000000,0.12000,1.12000
,,,-204960000.00000000000,0.12000,1.08000
,,,-204920000.00000000000,0.08000,1.08000
,,,-204880000.00000000000,0.24000,1.08000
,,,-204840000.00000000000,0.08000,1.12000
,,,-204800000.00000000000,0.12000,1.08000
,,,-204760000.00000000000,0.08000,1.08000
,,,-204720000.00000000000,0.12000,1.12000
,,,-204680000.00000000000,0.20000,1.08000
,,,-204640000.00000000000,0.12000,1.08000
,,,-204600000.00000000000,0.08000,1.12000
,,,-204560000.00000000000,0.08000,1.12000
,,,-204520000.00000000000,0.08000,1.08000
,,,-204480000.00000000000,0.24000,1.08000
,,,-204440000.00000000000,0.12000,1.08000
,,,-204400000.00000000000,0.12000,1.08000
,,,-204360000.00000000000,0.08000,1.12000
,,,-204320000.00000000000,0.12000,1.08000
,,,-204280000.00000000000,0.24000,1.08000
,,,-204240000.00000000000,0.12000,1.08000
,,,-204200000.00000000000,0.16000,1.12000
,,,-204160000.00000000000,0.12000,1.12000
,,,-204120000.00000000000,0.08000,1.12000
,,,-204080000.00000000000,0.28000,1.08000
,,,-204040000.00000000000,0.28000,1.08000
,,,-204000000.00000000000,0.16000,1.12000
,,,-203960000.00000000000,0.08000,1.08000
,,,-203920000.00000000000,0.08000,1.08000
,,,-203880000.00000000000,0.24000,1.08000
,,,-203840000.00000000000,0.08000,1.12000
,,,-203800000.00000000000,0.08000,1.12000
,,,-203760000.00000000000,0.08000,1.08000
,,,-203720000.00000000000,0.04000,1.12000
,,,-203680000.00000000000,0.20000,1.04000
,,,-203640000.00000000000,0.08000,1.08000
,,,-203600000.00000000000,0.08000,1.08000
,,,-203560000.00000000000,0.08000,1.08000
,,,-203520000.00000000000,0.12000,1.08000
,,,-203480000.00000000000,0.24000,1.08000
,,,-203440000.00000000000,0.12000,1.08000
,,,-203400000.00000000000,0.12000,1.08000
,,,-203360000.00000000000,0.08000,1.12000
,,,-203320000.00000000000,0.08000,1.08000
,,,-203280000.00000000000,0.12000,1.08000
,,,-203240000.00000000000,0.16000,1.08000
,,,-203200000.00000000000,0.12000,1.08000
,,,-203160000.00000000000,0.12000,1.12000
,,,-203120000.00000000000,0.24000,1.08000
,,,-203080000.00000000000,0.12000,1.08000
,,,-203040000.00000000000,0.12000,1.08000
,,,-203000000.00000000000,0.12000,1.12000
,,,-202960000.00000000000,0.08000,1.12000
,,,-202920000.00000000000,0.16000,1.12000
,,,-202880000.00000000000,0.12000,1.08000
,,,-202840000.00000000000,0.08000,1.08000
,,,-202800000.00000000000,0.08000,1.08000
,,,-202760000.00000000000,0.00,1.08000
,,,-202720000.00000000000,0.16000,1.12000
,,,-202680000.00000000000,0.12000,1.12000
,,,-202640000.00000000000,0.12000,1.08000
,,,-202600000.00000000000,0.12000,1.08000
,,,-202560000.00000000000,0.08000,1.08000
,,,-202520000.00000000000,0.24000,1.12000
,,,-202480000.00000000000,0.12000,1.08000
,,,-202440000.00000000000,0.12000,1.08000
,,,-202400000.00000000000,0.12000,1.08000
,,,-202360000.00000000000,0.12000,1.08000
,,,-202320000.00000000000,0.20000,1.08000
,,,-202280000.00000000000,0.16000,1.08000
,,,-202240000.00000000000,0.12000,1.08000
,,,-202200000.00000000000,0.12000,1.12000
,,,-202160000.00000000000,0.12000,1.12000
,,,-202120000.00000000000,0.24000,1.08000
,,,-202080000.00000000000,0.12000,1.12000
,,,-202040000.00000000000,0.12000,1.12000
,,,-202000000.00000000000,0.12000,1.08000
,,,-201960000.00000000000,0.12000,1.08000
,,,-201920000.00000000000,0.24000,1.08000
,,,-201880000.00000000000,0.12000,1.04000
,,,-201840000.00000000000,0.08000,1.08000
,,,-201800000.00000000000,0.04000,1.12000
,,,-201760000.00000000000,0.04000,1.08000
,,,-201720000.00000000000,0.24000,1.08000
,,,-201680000.00000000000,0.12000,1.12000
,,,-201640000.00000000000,0.08000,1.12000
,,,-201600000.00000000000,0.08000,1.08000
,,,-201560000.00000000000,0.08000,1.08000
,,,-201520000.00000000000,0.24000,1.08000
,,,-201480000.00000000000,0.08000,1.08000
,,,-201440000.00000000000,0.12000,1.08000
,,,-201400000.00000000000,0.12000,1.08000
,,,-201360000.00000000000,0.08000,1.08000
,,,-201320000.00000000000,0.28000,1.08000
,,,-201280000.00000000000,0.12000,1.08000
,,,-201240000.00000000000,0.12000,1.08000
,,,-201200000.00000000000,0.08000,1.08000
,,,-201160000.00000000000,0.12000,1.08000
,,,-201120000.00000000000,0.28000,1.12000
,,,-201080000.00000000000,0.12000,1.08000
,,,-201040000.00000000000,0.12000,1.08000
,,,-201000000.00000000000,0.12000,1.08000
,,,-200960000.00000000000,0.08000,1.08000
,,,-200920000.00000000000,0.24000,1.08000
,,,-200880000.00000000000,0.12000,1.08000
,,,-200840000.00000000000,0.12000,1.08000
,,,-200800000.00000000000,0.08000,1.08000
,,,-200760000.00000000000,0.08000,1.08000
,,,-200720000.00000000000,0.24000,1.08000
,,,-200680000.00000000000,0.08000,1.12000
,,,-200640000.00000000000,0.12000,1.08000
,,,-200600000.00000000000,0.08000,1.08000
,,,-200560000.00000000000,0.08000,1.08000
,,,-200520000.00000000000,0.24000,1.08000
,,,-200480000.00000000000,0.12000,1.08000
,,,-200440000.00000000000,0.12000,1.08000
,,,-200400000.00000000000,0.12000,1.12000
,,,-200360000.00000000000,0.04000,1.04000
,,,-200320000.00000000000,0.16000,1.08000
,,,-200280000.00000000000,0.12000,1.08000
,,,-200240000.00000000000,0.12000,1.08000
,,,-200200000.00000000000,0.12000,1.08000
,,,-200160000.00000000000,0.24000,1.08000
,,,-200120000.00000000000,0.12000,1.08000
,,,-200080000.00000000000,0.12000,1.08000
,,,-200040000.00000000000,0.12000,1.08000
,,,-200000000.00000000000,0.12000,1.12000
,,,-199960000.00000000000,0.20000,1.08000
,,,-199920000.00000000000,0.12000,1.08000
,,,-199880000.00000000000,0.12000,1.08000
,,,-199840000.00000000000,0.08000,1.08000
,,,-199800000.00000000000,0.04000,1.08000
,,,-199760000.00000000000,0.20000,1.08000
,,,-199720000.00000000000,0.12000,1.12000
,,,-199680000.00000000000,0.08000,1.12000
,,,-199640000.00000000000,0.00,1.08000
,,,-199600000.00000000000,0.04000,1.12000
,,,-199560000.00000000000,0.24000,1.08000
,,,-199520000.00000000000,0.08000,1.08000
,,,-199480000.00000000000,0.12000,1.12000
,,,-199440000.00000000000,0.08000,1.12000
,,,-199400000.00000000000,0.12000,1.08000
,,,-199360000.00000000000,0.24000,1.12000
,,,-199320000.00000000000,0.12000,1.08000
,,,-199280000.00000000000,0.08000,1.12000
,,,-199240000.00000000000,0.08000,1.12000
,,,-199200000.00000000000,0.08000,1.08000
,,,-199160000.00000000000,0.24000,1.12000
,,,-199120000.00000000000,0.12000,1.12000
,,,-199080000.00000000000,0.12000,1.08000
,,,-199040000.00000000000,0.12000,1.04000
,,,-199000000.00000000000,0.12000,1.12000
,,,-198960000.00000000000,0.20000,1.08000
,,,-198920000.00000000000,0.12000,1.04000
,,,-198880000.00000000000,0.12000,1.08000
,,,-198840000.00000000000,0.12000,1.12000
,,,-198800000.00000000000,0.08000,1.08000
,,,-198760000.00000000000,0.16000,1.08000
,,,-198720000.00000000000,0.12000,1.08000
,,,-198680000.00000000000,0.08000,1.12000
,,,-198640000.00000000000,0.08000,1.12000
,,,-198600000.00000000000,0.00,1.04000
,,,-198560000.00000000000,0.20000,1.12000
,,,-198520000.00000000000,0.12000,1.08000
,,,-198480000.00000000000,0.12000,1.08000
,,,-198440000.00000000000,0.08000,1.08000
,,,-198400000.00000000000,0.08000,1.08000
,,,-198360000.00000000000,0.24000,1.08000
,,,-198320000.00000000000,0.16000,1.08000
,,,-198280000.00000000000,0.12000,1.12000
,,,-198240000.00000000000,0.12000,1.08000
,,,-198200000.00000000000,0.12000,1.08000
,,,-198160000.00000000000,0.24000,1.08000
,,,-198120000.00000000000,0.12000,1.08000
,,,-198080000.00000000000,0.12000,1.08000
,,,-198040000.00000000000,0.12000,1.08000
,,,-198000000.00000000000,0.08000,1.12000
,,,-197960000.00000000000,0.24000,1.04000
,,,-197920000.00000000000,0.12000,1.08000
,,,-197880000.00000000000,0.12000,1.08000
,,,-197840000.00000000000,0.08000,1.08000
,,,-197800000.00000000000,0.00,1.08000
,,,-197760000.00000000000,0.24000,1.08000
,,,-197720000.00000000000,0.08000,1.08000
,,,-197680000.00000000000,0.08000,1.12000
,,,-197640000.00000000000,0.08000,1.08000
,,,-197600000.00000000000,0.08000,1.12000
,,,-197560000.00000000000,0.24000,1.08000
,,,-197520000.00000000000,0.12000,1.04000
,,,-197480000.00000000000,0.12000,1.08000
,,,-197440000.00000000000,0.08000,1.12000
,,,-197400000.00000000000,0.08000,1.12000
,,,-197360000.00000000000,0.12000,1.08000
,,,-197320000.00000000000,0.12000,1.08000
,,,-197280000.00000000000,0.12000,1.08000
,,,-197240000.00000000000,0.12000,1.08000
,,,-197200000.00000000000,0.24000,1.08000
,,,-197160000.00000000000,0.20000,1.08000
,,,-197120000.00000000000,0.12000,1.08000
,,,-197080000.00000000000,0.12000,1.12000
,,,-197040000.00000000000,0.12000,1.08000
,,,-197000000.00000000000,0.24000,1.12000
,,,-196960000.00000000000,0.12000,1.12000
,,,-196920000.00000000000,0.12000,1.08000
,,,-196880000.00000000000,0.12000,1.12000
,,,-196840000.00000000000,0.04000,1.12000
,,,-196800000.00000000000,0.20000,1.08000
,,,-196760000.00000000000,0.12000,1.12000
,,,-196720000.00000000000,0.08000,1.08000
,,,-196680000.00000000000,0.12000,1.08000
,,,-196640000.00000000000,0.04000,1.12000
,,,-196600000.00000000000,0.24000,1.12000
,,,-196560000.00000000000,0.12000,1.08000
,,,-196520000.00000000000,0.08000,1.08000
,,,-196480000.00000000000,0.08000,1.08000
,,,-196440000.00000000000,0.08000,1.12000
,,,-196400000.00000000000,0.24000,1.08000
,,,-196360000.00000000000,0.12000,1.08000
,,,-196320000.00000000000,0.12000,1.12000
,,,-196280000.00000000000,0.12000,1.08000
,,,-196240000.00000000000,0.08000,1.08000
,,,-196200000.00000000000,0.24000,1.12000
,,,-196160000.00000000000,0.12000,1.08000
,,,-196120000.00000000000,0.12000,1.08000
,,,-196080000.00000000000,0.08000,1.08000
,,,-196040000.00000000000,0.08000,1.08000
,,,-196000000.00000000000,0.08000,1.12000
,,,-195960000.00000000000,0.12000,1.08000
,,,-195920000.00000000000,0.08000,1.12000
,,,-195880000.00000000000,0.08000,1.08000
,,,-195840000.00000000000,0.20000,1.08000
,,,-195800000.00000000000,0.12000,1.08000
,,,-195760000.00000000000,0.12000,1.08000
,,,-195720000.00000000000,0.04000,1.08000
,,,-195680000.00000000000,0.08000,1.08000
,,,-195640000.00000000000,0.24000,1.08000
,,,-195600000.00000000000,0.12000,1.12000
,,,-195560000.00000000000,0.08000,1.12000
,,,-195520000.00000000000,0.08000,1.08000
,,,-195480000.00000000000,0.08000,1.08000
,,,-195440000.00000000000,0.24000,1.08000
,,,-195400000.00000000000,0.12000,1.12000
,,,-195360000.00000000000,0.12000,1.08000
,,,-195320000.00000000000,0.12000,1.12000
,,,-195280000.00000000000,0.12000,1.12000
,,,-195240000.00000000000,0.24000,1.12000
,,,-195200000.00000000000,0.12000,1.08000
,,,-195160000.00000000000,0.12000,1.08000
,,,-195120000.00000000000,0.12000,1.08000
,,,-195080000.00000000000,0.00,1.08000
,,,-195040000.00000000000,0.28000,1.12000
,,,-195000000.00000000000,0.08000,1.08000
,,,-194960000.00000000000,0.12000,1.12000
,,,-194920000.00000000000,0.12000,1.12000
,,,-194880000.00000000000,0.04000,1.12000
,,,-194840000.00000000000,0.24000,1.08000
,,,-194800000.00000000000,0.12000,1.08000
,,,-194760000.00000000000,0.08000,1.08000
,,,-194720000.00000000000,0.08000,1.08000
,,,-194680000.00000000000,0.04000,1.12000
,,,-194640000.00000000000,0.24000,1.08000
,,,-194600000.00000000000,0.12000,1.12000
,,,-194560000.00000000000,0.08000,1.08000
,,,-194520000.00000000000,0.08000,1.08000
,,,-194480000.00000000000,0.08000,1.08000
,,,-194440000.00000000000,0.12000,1.08000
,,,-194400000.00000000000,0.12000,1.08000
,,,-194360000.00000000000,0.12000,1.08000
,,,-194320000.00000000000,0.08000,1.08000
,,,-194280000.00000000000,0.24000,1.08000
,,,-194240000.00000000000,0.16000,1.12000
,,,-194200000.00000000000,0.16000,1.08000
,,,-194160000.00000000000,0.12000,1.08000
,,,-194120000.00000000000,0.12000,1.08000
,,,-194080000.00000000000,0.12000,1.08000
,,,-194040000.00000000000,0.12000,1.08000
,,,-194000000.00000000000,0.20000,1.12000
,,,-193960000.00000000000,0.12000,1.08000
,,,-193920000.00000000000,0.12000,1.12000
,,,-193880000.00000000000,0.12000,1.08000
,,,-193840000.00000000000,0.12000,1.12000
,,,-193800000.00000000000,0.20000,1.08000
,,,-193760000.00000000000,0.08000,1.08000
,,,-193720000.00000000000,0.12000,1.12000
,,,-193680000.00000000000,0.08000,1.08000
,,,-193640000.00000000000,0.08000,1.12000
,,,-193600000.00000000000,0.20000,1.08000
,,,-193560000.00000000000,0.12000,1.08000
,,,-193520000.00000000000,0.08000,1.08000
,,,-193480000.00000000000,0.12000,1.08000
,,,-193440000.00000000000,0.08000,1.08000
,,,-193400000.00000000000,0.24000,1.08000
,,,-193360000.00000000000,0.12000,1.12000
,,,-193320000.00000000000,0.12000,1.08000
,,,-193280000.00000000000,0.12000,1.12000
,,,-193240000.00000000000,0.08000,1.08000
,,,-193200000.00000000000,0.24000,1.08000
,,,-193160000.00000000000,0.12000,1.08000
,,,-193120000.00000000000,0.12000,1.08000
,,,-193080000.00000000000,0.12000,1.12000
,,,-193040000.00000000000,0.12000,1.08000
,,,-193000000.00000000000,0.24000,1.08000
,,,-192960000.00000000000,0.12000,1.08000
,,,-192920000.00000000000,0.12000,1.08000
,,,-192880000.00000000000,0.08000,1.08000
,,,-192840000.00000000000,0.08000,1.08000
,,,-192800000.00000000000,0.16000,1.08000
,,,-192760000.00000000000,0.12000,1.08000
,,,-192720000.00000000000,0.08000,1.12000
,,,-192680000.00000000000,0.08000,1.08000
,,,-192640000.00000000000,0.08000,1.08000
,,,-192600000.00000000000,0.16000,1.08000
,,,-192560000.00000000000,0.16000,1.08000
,,,-192520000.00000000000,0.12000,1.08000
,,,-192480000.00000000000,0.08000,1.12000
,,,-192440000.00000000000,0.08000,1.08000
,,,-192400000.00000000000,0.24000,1.12000
,,,-192360000.00000000000,0.16000,1.08000
,,,-192320000.00000000000,0.12000,1.08000
,,,-192280000.00000000000,0.12000,1.08000
,,,-192240000.00000000000,0.12000,1.08000
,,,-192200000.00000000000,0.24000,1.08000
,,,-192160000.00000000000,0.12000,1.08000
,,,-192120000.00000000000,0.12000,1.08000
,,,-192080000.00000000000,0.12000,1.12000
,,,-192040000.00000000000,0.12000,1.12000
,,,-192000000.00000000000,0.28000,1.12000
,,,-191960000.00000000000,0.12000,1.08000
,,,-191920000.00000000000,0.12000,1.12000
,,,-191880000.00000000000,0.12000,1.08000
,,,-191840000.00000000000,0.08000,1.08000
,,,-191800000.00000000000,0.24000,1.08000
,,,-191760000.00000000000,0.08000,1.08000
,,,-191720000.00000000000,0.04000,1.08000
,,,-191680000.00000000000,0.08000,1.08000
,,,-191640000.00000000000,0.04000,1.08000
,,,-191600000.00000000000,0.24000,1.12000
,,,-191560000.00000000000,0.08000,1.08000
,,,-191520000.00000000000,0.08000,1.12000
,,,-191480000.00000000000,0.12000,1.08000
,,,-191440000.00000000000,0.04000,1.12000
,,,-191400000.00000000000,0.28000,1.08000
,,,-191360000.00000000000,0.12000,1.08000
,,,-191320000.00000000000,0.12000,1.08000
,,,-191280000.00000000000,0.12000,1.12000
,,,-191240000.00000000000,0.20000,1.12000
,,,-191200000.00000000000,0.12000,1.12000
,,,-191160000.00000000000,0.12000,1.12000
,,,-191120000.00000000000,0.12000,1.12000
,,,-191080000.00000000000,0.12000,1.12000
,,,-191040000.00000000000,0.20000,1.08000
,,,-191000000.00000000000,0.12000,1.08000
,,,-190960000.00000000000,0.12000,1.12000
,,,-190920000.00000000000,0.12000,1.08000
,,,-190880000.00000000000,0.08000,1.12000
,,,-190840000.00000000000,0.20000,1.12000
,,,-190800000.00000000000,0.12000,1.08000
,,,-190760000.00000000000,0.08000,1.08000
,,,-190720000.00000000000,0.12000,1.08000
,,,-190680000.00000000000,0.04000,1.12000
,,,-190640000.00000000000,0.20000,1.08000
,,,-190600000.00000000000,0.12000,1.08000
,,,-190560000.00000000000,0.08000,1.12000
,,,-190520000.00000000000,0.12000,1.08000
,,,-190480000.00000000000,0.08000,1.04000
,,,-190440000.00000000000,0.20000,1.08000
,,,-190400000.00000000000,0.12000,1.08000
,,,-190360000.00000000000,0.12000,1.12000
,,,-190320000.00000000000,0.12000,1.08000
,,,-190280000.00000000000,0.12000,1.12000
,,,-190240000.00000000000,0.28000,1.08000
,,,-190200000.00000000000,0.16000,1.08000
,,,-190160000.00000000000,0.12000,1.08000
,,,-190120000.00000000000,0.12000,1.08000
,,,-190080000.00000000000,0.12000,1.12000
,,,-190040000.00000000000,0.12000,1.12000
,,,-190000000.00000000000,0.12000,1.08000
,,,-189960000.00000000000,0.12000,1.08000
,,,-189920000.00000000000,0.12000,1.08000
,,,-189880000.00000000000,0.08000,1.08000
,,,-189840000.00000000000,0.24000,1.08000
,,,-189800000.00000000000,0.08000,1.08000
,,,-189760000.00000000000,0.08000,1.08000
,,,-189720000.00000000000,0.08000,1.12000
,,,-189680000.00000000000,0.04000,1.12000
,,,-189640000.00000000000,0.20000,1.08000
,,,-189600000.00000000000,0.12000,1.12000
,,,-189560000.00000000000,0.08000,1.08000
,,,-189520000.00000000000,0.08000,1.08000
,,,-189480000.00000000000,0.04000,1.08000
,,,-189440000.00000000000,0.24000,1.12000
,,,-189400000.00000000000,0.08000,1.12000
,,,-189360000.00000000000,0.12000,1.08000
,,,-189320000.00000000000,0.12000,1.12000
,,,-189280000.00000000000,0.08000,1.08000
,,,-189240000.00000000000,0.28000,1.08000
,,,-189200000.00000000000,0.12000,1.08000
,,,-189160000.00000000000,0.16000,1.04000
,,,-189120000.00000000000,0.12000,1.12000
,,,-189080000.00000000000,0.08000,1.08000
,,,-189040000.00000000000,0.28000,1.08000
,,,-189000000.00000000000,0.12000,1.12000
,,,-188960000.00000000000,0.12000,1.08000
,,,-188920000.00000000000,0.12000,1.08000
,,,-188880000.00000000000,0.08000,1.12000
,,,-188840000.00000000000,0.24000,1.08000
,,,-188800000.00000000000,0.12000,1.08000
,,,-188760000.00000000000,0.08000,1.08000
,,,-188720000.00000000000,0.08000,1.08000
,,,-188680000.00000000000,0.08000,1.08000
,,,-188640000.00000000000,0.24000,1.12000
,,,-188600000.00000000000,0.08000,1.08000
,,,-188560000.00000000000,0.08000,1.04000
,,,-188520000.00000000000,0.12000,1.08000
,,,-188480000.00000000000,0.08000,1.12000
,,,-188440000.00000000000,0.28000,1.08000
,,,-188400000.00000000000,0.08000,1.08000
,,,-188360000.00000000000,0.12000,1.08000
,,,-188320000.00000000000,0.12000,1.08000
,,,-188280000.00000000000,0.08000,1.12000
,,,-188240000.00000000000,0.12000,1.08000
,,,-188200000.00000000000,0.12000,1.08000
,,,-188160000.00000000000,0.12000,1.08000
,,,-188120000.00000000000,0.12000,1.04000
,,,-188080000.00000000000,0.24000,1.12000
,,,-188040000.00000000000,0.24000,1.12000
,,,-188000000.00000000000,0.16000,1.12000
,,,-187960000.00000000000,0.08000,1.08000
,,,-187920000.00000000000,0.08000,1.12000
,,,-187880000.00000000000,0.20000,1.08000
,,,-187840000.00000000000,0.12000,1.12000
,,,-187800000.00000000000,0.12000,1.12000
,,,-187760000.00000000000,0.08000,1.08000
,,,-187720000.00000000000,0.08000,1.08000
,,,-187680000.00000000000,0.16000,1.08000
,,,-187640000.00000000000,0.08000,1.12000
,,,-187600000.00000000000,0.08000,1.12000
,,,-187560000.00000000000,0.08000,1.12000
,,,-187520000.00000000000,0.12000,1.12000
,,,-187480000.00000000000,0.20000,1.12000
,,,-187440000.00000000000,0.12000,1.08000
,,,-187400000.00000000000,0.12000,1.08000
,,,-187360000.00000000000,0.12000,1.08000
,,,-187320000.00000000000,0.08000,1.08000
,,,-187280000.00000000000,0.20000,1.08000
,,,-187240000.00000000000,0.16000,1.12000
,,,-187200000.00000000000,0.12000,1.12000
,,,-187160000.00000000000,0.12000,1.08000
,,,-187120000.00000000000,0.12000,1.12000
,,,-187080000.00000000000,0.20000,1.08000
,,,-187040000.00000000000,0.16000,1.12000
,,,-187000000.00000000000,0.12000,1.12000
,,,-186960000.00000000000,0.12000,1.08000
,,,-186920000.00000000000,0.08000,1.08000
,,,-186880000.00000000000,0.28000,1.08000
,,,-186840000.00000000000,0.12000,1.12000
,,,-186800000.00000000000,0.12000,1.12000
,,,-186760000.00000000000,0.08000,1.08000
,,,-186720000.00000000000,0.08000,1.12000
,,,-186680000.00000000000,0.20000,1.08000
,,,-186640000.00000000000,0.08000,1.12000
,,,-186600000.00000000000,0.08000,1.12000
,,,-186560000.00000000000,0.08000,1.08000
,,,-186520000.00000000000,0.08000,1.08000
,,,-186480000.00000000000,0.24000,1.12000
,,,-186440000.00000000000,0.12000,1.08000
,,,-186400000.00000000000,0.12000,1.08000
,,,-186360000.00000000000,0.12000,1.08000
,,,-186320000.00000000000,0.00,1.12000
,,,-186280000.00000000000,0.24000,1.08000
,,,-186240000.00000000000,0.12000,1.08000
,,,-186200000.00000000000,0.12000,1.08000
,,,-186160000.00000000000,0.12000,1.08000
,,,-186120000.00000000000,0.08000,1.08000
,,,-186080000.00000000000,0.28000,1.08000
,,,-186040000.00000000000,0.28000,1.08000
,,,-186000000.00000000000,0.16000,1.08000
,,,-185960000.00000000000,0.12000,1.08000
,,,-185920000.00000000000,0.12000,1.12000
,,,-185880000.00000000000,0.24000,1.12000
,,,-185840000.00000000000,0.12000,1.08000
,,,-185800000.00000000000,0.12000,1.08000
,,,-185760000.00000000000,0.08000,1.08000
,,,-185720000.00000000000,0.04000,1.12000
,,,-185680000.00000000000,0.24000,1.08000
,,,-185640000.00000000000,0.08000,1.12000
,,,-185600000.00000000000,0.08000,1.08000
,,,-185560000.00000000000,0.08000,1.12000
,,,-185520000.00000000000,0.08000,1.12000
,,,-185480000.00000000000,0.24000,1.08000
,,,-185440000.00000000000,0.12000,1.08000
,,,-185400000.00000000000,0.12000,1.12000
,,,-185360000.00000000000,0.08000,1.12000
,,,-185320000.00000000000,0.08000,1.12000
,,,-185280000.00000000000,0.08000,1.12000
,,,-185240000.00000000000,0.12000,1.08000
,,,-185200000.00000000000,0.16000,1.08000
,,,-185160000.00000000000,0.08000,1.08000
,,,-185120000.00000000000,0.24000,1.08000
,,,-185080000.00000000000,0.12000,1.08000
,,,-185040000.00000000000,0.16000,1.08000
,,,-185000000.00000000000,0.08000,1.12000
,,,-184960000.00000000000,0.08000,1.08000
,,,-184920000.00000000000,0.24000,1.12000
,,,-184880000.00000000000,0.12000,1.08000
,,,-184840000.00000000000,0.08000,1.08000
,,,-184800000.00000000000,0.08000,1.08000
,,,-184760000.00000000000,0.04000,1.12000
,,,-184720000.00000000000,0.16000,1.12000
,,,-184680000.00000000000,0.12000,1.08000
,,,-184640000.00000000000,0.08000,1.08000
,,,-184600000.00000000000,0.08000,1.08000
,,,-184560000.00000000000,0.08000,1.08000
,,,-184520000.00000000000,0.20000,1.12000
,,,-184480000.00000000000,0.08000,1.12000
,,,-184440000.00000000000,0.08000,1.08000
,,,-184400000.00000000000,0.08000,1.08000
,,,-184360000.00000000000,0.12000,1.08000
,,,-184320000.00000000000,0.20000,1.12000
,,,-184280000.00000000000,0.12000,1.12000
,,,-184240000.00000000000,0.12000,1.12000
,,,-184200000.00000000000,0.12000,1.08000
,,,-184160000.00000000000,0.08000,1.08000
,,,-184120000.00000000000,0.24000,1.12000
,,,-184080000.00000000000,0.12000,1.08000
,,,-184040000.00000000000,0.12000,1.08000
,,,-184000000.00000000000,0.12000,1.08000
,,,-183960000.00000000000,0.08000,1.12000
,,,-183920000.00000000000,0.24000,1.12000
,,,-183880000.00000000000,0.08000,1.08000
,,,-183840000.00000000000,0.12000,1.12000
,,,-183800000.00000000000,0.08000,1.12000
,,,-183760000.00000000000,0.08000,1.08000
,,,-183720000.00000000000,0.16000,1.08000
,,,-183680000.00000000000,0.12000,1.08000
,,,-183640000.00000000000,0.12000,1.08000
,,,-183600000.00000000000,0.08000,1.12000
,,,-183560000.00000000000,0.04000,1.12000
,,,-183520000.00000000000,0.24000,1.12000
,,,-183480000.00000000000,0.12000,1.08000
,,,-183440000.00000000000,0.08000,1.12000
,,,-183400000.00000000000,0.12000,1.08000
,,,-183360000.00000000000,0.08000,1.08000
,,,-183320000.00000000000,0.24000,1.12000
,,,-183280000.00000000000,0.12000,1.08000
,,,-183240000.00000000000,0.12000,1.08000
,,,-183200000.00000000000,0.12000,1.12000
,,,-183160000.00000000000,0.08000,1.08000
,,,-183120000.00000000000,5.00000,1.08000
,,,-183080000.00000000000,5.08000,1.08000
,,,-183040000.00000000000,5.04000,1.08000
,,,-183000000.00000000000,5.04000,1.12000
,,,-182960000.00000000000,5.04000,1.08000
,,,-182920000.00000000000,5.12000,1.12000
,,,-182880000.00000000000,5.12000,1.08000
,,,-182840000.00000000000,5.16000,1.08000
,,,-182800000.00000000000,5.08000,1.08000
,,,-182760000.00000000000,5.12000,1.08000
,,,-182720000.00000000000,5.16000,1.08000
,,,-182680000.00000000000,5.12000,1.08000
,,,-182640000.00000000000,5.12000,1.08000
,,,-182600000.00000000000,5.08000,1.12000
,,,-182560000.00000000000,5.12000,1.08000
,,,-182520000.00000000000,5.12000,1.08000
,,,-182480000.00000000000,5.12000,1.12000
,,,-182440000.00000000000,5.12000,1.08000
,,,-182400000.00000000000,5.08000,1.08000
,,,-182360000.00000000000,5.16000,1.08000
,,,-182320000.00000000000,5.16000,1.12000
,,,-182280000.00000000000,5.16000,1.08000
,,,-182240000.00000000000,5.12000,1.08000
,,,-182200000.00000000000,5.16000,1.12000
,,,-182160000.00000000000,5.08000,1.12000
,,,-182120000.00000000000,5.12000,1.08000
,,,-182080000.00000000000,5.12000,1.12000
,,,-182040000.00000000000,5.12000,1.12000
,,,-182000000.00000000000,5.16000,1.12000
,,,-181960000.00000000000,5.12000,1.12000
,,,-181920000.00000000000,5.12000,1.08000
,,,-181880000.00000000000,5.12000,1.08000
,,,-181840000.00000000000,5.12000,1.08000
,,,-181800000.00000000000,5.12000,1.12000
,,,-181760000.00000000000,5.12000,1.12000
,,,-181720000.00000000000,5.16000,1.12000
,,,-181680000.00000000000,5.08000,1.08000
,,,-181640000.00000000000,5.12000,1.08000
,,,-181600000.00000000000,5.12000,1.12000
,,,-181560000.00000000000,5.16000,1.12000
,,,-181520000.00000000000,5.12000,1.08000
,,,-181480000.00000000000,5.12000,1.12000
,,,-181440000.00000000000,5.12000,1.04000
,,,-181400000.00000000000,5.12000,1.08000
,,,-181360000.00000000000,5.12000,1.12000
,,,-181320000.00000000000,5.12000,1.08000
,,,-181280000.00000000000,5.12000,1.08000
,,,-181240000.00000000000,5.08000,1.12000
,,,-181200000.00000000000,5.16000,1.08000
,,,-181160000.00000000000,5.12000,1.08000
,,,-181120000.00000000000,5.16000,1.08000
,,,-181080000.00000000000,5.08000,1.08000
,,,-181040000.00000000000,5.16000,1.12000
,,,-181000000.00000000000,5.12000,1.08000
,,,-180960000.00000000000,5.12000,1.08000
,,,-180920000.00000000000,5.12000,1.08000
,,,-180880000.00000000000,5.12000,1.08000
,,,-180840000.00000000000,5.12000,1.08000
,,,-180800000.00000000000,5.12000,1.08000
,,,-180760000.00000000000,5.12000,1.08000
,,,-180720000.00000000000,5.08000,1.08000
,,,-180680000.00000000000,5.12000,1.12000
,,,-180640000.00000000000,5.12000,1.12000
,,,-180600000.00000000000,5.12000,1.08000
,,,-180560000.00000000000,5.12000,1.08000
,,,-180520000.00000000000,5.00000,1.08000
,,,-180480000.00000000000,5.12000,1.12000
,,,-180440000.00000000000,5.12000,1.08000
,,,-180400000.00000000000,5.12000,1.12000
,,,-180360000.00000000000,5.16000,1.08000
,,,-180320000.00000000000,5.12000,1.08000
,,,-180280000.00000000000,5.16000,1.12000
,,,-180240000.00000000000,5.12000,1.12000
,,,-180200000.00000000000,5.12000,1.08000
,,,-180160000.00000000000,5.12000,1.08000
,,,-180120000.00000000000,5.08000,1.08000
,,,-180080000.00000000000,5.12000,1.08000
,,,-180040000.00000000000,5.12000,1.08000
,,,-180000000.00000000000,5.12000,1.08000
,,,-179960000.00000000000,5.12000,1.12000
,,,-179920000.00000000000,5.08000,1.08000
,,,-179880000.00000000000,5.16000,1.12000
,,,-179840000.00000000000,5.12000,1.08000
,,,-179800000.00000000000,5.12000,1.08000
,,,-179760000.00000000000,5.04000,1.08000
,,,-179720000.00000000000,5.12000,1.08000
,,,-179680000.00000000000,5.12000,1.12000
,,,-179640000.00000000000,5.12000,1.12000
,,,-179600000.00000000000,5.12000,1.08000
,,,-179560000.00000000000,5.12000,1.08000
,,,-179520000.00000000000,5.12000,1.08000
,,,-179480000.00000000000,5.12000,1.08000
,,,-179440000.00000000000,5.12000,1.08000
,,,-179400000.00000000000,5.12000,1.08000
,,,-179360000.00000000000,5.12000,1.12000
,,,-179320000.00000000000,5.12000,1.08000
,,,-179280000.00000000000,5.04000,1.08000
,,,-179240000.00000000000,5.08000,1.12000
,,,-179200000.00000000000,5.12000,1.08000
,,,-179160000.00000000000,5.12000,1.12000
,,,-179120000.00000000000,5.12000,1.08000
,,,-179080000.00000000000,5.12000,1.08000
,,,-179040000.00000000000,5.12000,1.08000
,,,-179000000.00000000000,5.12000,1.08000
,,,-178960000.00000000000,5.12000,1.12000
,,,-178920000.00000000000,5.12000,1.12000
,,,-178880000.00000000000,5.16000,1.12000
,,,-178840000.00000000000,5.04000,1.12000
,,,-178800000.00000000000,5.12000,1.08000
,,,-178760000.00000000000,5.12000,1.08000
,,,-178720000.00000000000,5.12000,1.08000
,,,-178680000.00000000000,5.12000,1.08000
,,,-178640000.00000000000,5.12000,1.12000
,,,-178600000.00000000000,5.16000,1.08000
,,,-178560000.00000000000,5.16000,1.08000
,,,-178520000.00000000000,5.12000,1.08000
,,,-178480000.00000000000,5.12000,1.08000
,,,-178440000.00000000000,5.20000,1.08000
,,,-178400000.00000000000,5.12000,1.12000
,,,-178360000.00000000000,5.16000,1.08000
,,,-178320000.00000000000,5.12000,1.08000
,,,-178280000.00000000000,5.12000,1.12000
,,,-178240000.00000000000,5.16000,1.04000
,,,-178200000.00000000000,5.12000,1.08000
,,,-178160000.00000000000,5.12000,1.12000
,,,-178120000.00000000000,5.12000,1.12000
,,,-178080000.00000000000,5.12000,1.12000
,,,-178040000.00000000000,5.12000,1.12000
,,,-178000000.00000000000,5.12000,1.08000
,,,-177960000.00000000000,5.12000,1.08000
,,,-177920000.00000000000,5.04000,1.12000
,,,-177880000.00000000000,5.12000,1.08000
,,,-177840000.00000000000,5.12000,1.12000
,,,-177800000.00000000000,5.16000,1.08000
,,,-177760000.00000000000,5.12000,1.08000
,,,-177720000.00000000000,5.12000,1.08000
,,,-177680000.00000000000,5.08000,1.12000
,,,-177640000.00000000000,5.12000,1.08000
,,,-177600000.00000000000,5.12000,1.12000
,,,-177560000.00000000000,5.12000,1.12000
,,,-177520000.00000000000,5.16000,1.08000
,,,-177480000.00000000000,5.08000,1.08000
,,,-177440000.00000000000,5.12000,1.12000
,,,-177400000.00000000000,5.12000,1.12000
,,,-177360000.00000000000,5.12000,1.08000
,,,-177320000.00000000000,5.12000,1.12000
,,,-177280000.00000000000,5.12000,1.08000
,,,-177240000.00000000000,5.12000,1.08000
,,,-177200000.00000000000,5.12000,1.12000
,,,-177160000.00000000000,5.12000,1.08000
,,,-177120000.00000000000,5.12000,1.08000
,,,-177080000.00000000000,5.12000,1.12000
,,,-177040000.00000000000,5.08000,1.12000
,,,-177000000.00000000000,5.12000,1.12000
,,,-176960000.00000000000,5.08000,1.08000
,,,-176920000.00000000000,5.08000,1.12000
,,,-176880000.00000000000,5.12000,1.08000
,,,-176840000.00000000000,5.04000,1.12000
,,,-176800000.00000000000,5.12000,1.12000
,,,-176760000.00000000000,5.08000,1.12000
,,,-176720000.00000000000,5.12000,1.08000
,,,-176680000.00000000000,5.08000,1.08000
,,,-176640000.00000000000,5.12000,1.08000
,,,-176600000.00000000000,5.12000,1.08000
,,,-176560000.00000000000,5.08000,1.12000
,,,-176520000.00000000000,5.12000,1.12000
,,,-176480000.00000000000,5.12000,1.08000
,,,-176440000.00000000000,5.16000,1.12000
,,,-176400000.00000000000,5.12000,1.08000
,,,-176360000.00000000000,5.12000,1.12000
,,,-176320000.00000000000,5.12000,1.08000
,,,-176280000.00000000000,5.16000,1.12000
,,,-176240000.00000000000,5.16000,1.12000
,,,-176200000.00000000000,5.12000,1.08000
,,,-176160000.00000000000,5.12000,1.12000
,,,-176120000.00000000000,5.12000,1.12000
,,,-176080000.00000000000,5.12000,1.12000
,,,-176040000.00000000000,5.12000,1.12000
,,,-176000000.00000000000,5.12000,1.12000
,,,-175960000.00000000000,5.16000,1.12000
,,,-175920000.00000000000,5.12000,1.08000
,,,-175880000.00000000000,5.12000,1.12000
,,,-175840000.00000000000,5.08000,1.12000
,,,-175800000.00000000000,5.12000,1.12000
,,,-175760000.00000000000,5.12000,1.12000
,,,-175720000.00000000000,5.12000,1.08000
,,,-175680000.00000000000,5.12000,1.12000
,,,-175640000.00000000000,5.08000,1.08000
,,,-175600000.00000000000,5.16000,1.08000
,,,-175560000.00000000000,5.12000,1.12000
,,,-175520000.00000000000,5.12000,1.08000
,,,-175480000.00000000000,5.12000,1.12000
,,,-175440000.00000000000,5.16000,1.12000
,,,-175400000.00000000000,5.16000,1.12000
,,,-175360000.00000000000,5.16000,1.12000
,,,-175320000.00000000000,5.16000,1.08000
,,,-175280000.00000000000,5.08000,1.12000
,,,-175240000.00000000000,5.12000,1.12000
,,,-175200000.00000000000,5.08000,1.12000
,,,-175160000.00000000000,5.12000,1.12000
,,,-175120000.00000000000,5.12000,1.12000
,,,-175080000.00000000000,5.08000,1.12000
,,,-175040000.00000000000,5.12000,1.08000
,,,-175000000.00000000000,5.12000,1.12000
,,,-174960000.00000000000,5.12000,1.08000
,,,-174920000.00000000000,5.12000,1.12000
,,,-174880000.00000000000,5.12000,1.12000
,,,-174840000.00000000000,5.12000,1.12000
,,,-174800000.00000000000,5.16000,1.12000
,,,-174760000.00000000000,5.12000,1.12000
,,,-174720000.00000000000,5.12000,1.08000
,,,-174680000.00000000000,5.16000,1.12000
,,,-174640000.00000000000,5.08000,1.08000
,,,-174600000.00000000000,5.16000,1.08000
,,,-174560000.00000000000,5.16000,1.12000
,,,-174520000.00000000000,5.16000,1.08000
,,,-174480000.00000000000,5.12000,1.12000
,,,-174440000.00000000000,5.16000,1.08000
,,,-174400000.00000000000,5.12000,1.12000
,,,-174360000.00000000000,5.12000,1.08000
,,,-174320000.00000000000,5.12000,1.12000
,,,-174280000.00000000000,5.12000,1.12000
,,,-174240000.00000000000,5.12000,1.12000
,,,-174200000.00000000000,5.08000,1.08000
,,,-174160000.00000000000,5.16000,1.12000
,,,-174120000.00000000000,5.08000,1.12000
,,,-174080000.00000000000,5.16000,1.12000
,,,-174040000.00000000000,5.16000,1.12000
,,,-174000000.00000000000,5.12000,1.12000
,,,-173960000.00000000000,5.12000,1.12000
,,,-173920000.00000000000,5.16000,1.12000
,,,-173880000.00000000000,5.12000,1.12000
,,,-173840000.00000000000,5.12000,1.12000
,,,-173800000.00000000000,5.16000,1.08000
,,,-173760000.00000000000,5.12000,1.16000
,,,-173720000.00000000000,5.12000,1.12000
,,,-173680000.00000000000,5.04000,1.12000
,,,-173640000.00000000000,5.12000,1.12000
,,,-173600000.00000000000,5.12000,1.08000
,,,-173560000.00000000000,5.12000,1.16000
,,,-173520000.00000000000,5.12000,1.12000
,,,-173480000.00000000000,5.12000,1.08000
,,,-173440000.00000000000,5.12000,1.12000
,,,-173400000.00000000000,5.16000,1.12000
,,,-173360000.00000000000,5.12000,1.16000
,,,-173320000.00000000000,5.16000,1.12000
,,,-173280000.00000000000,5.12000,1.12000
,,,-173240000.00000000000,5.12000,1.12000
,,,-173200000.00000000000,5.16000,1.12000
,,,-173160000.00000000000,5.12000,1.12000
,,,-173120000.00000000000,5.08000,1.12000
,,,-173080000.00000000000,5.12000,1.16000
,,,-173040000.00000000000,5.04000,1.12000
,,,-173000000.00000000000,5.12000,1.12000
,,,-172960000.00000000000,5.08000,1.12000
,,,-172920000.00000000000,5.12000,1.12000
,,,-172880000.00000000000,5.08000,1.12000
,,,-172840000.00000000000,5.12000,1.12000
,,,-172800000.00000000000,5.12000,1.16000
,,,-172760000.00000000000,5.08000,1.12000
,,,-172720000.00000000000,5.08000,1.12000
,,,-172680000.00000000000,5.12000,1.12000
,,,-172640000.00000000000,5.12000,1.12000
,,,-172600000.00000000000,5.08000,1.16000
,,,-172560000.00000000000,5.12000,1.12000
,,,-172520000.00000000000,5.08000,1.12000
,,,-172480000.00000000000,5.12000,1.12000
,,,-172440000.00000000000,5.08000,1.12000
,,,-172400000.00000000000,5.16000,1.12000
,,,-172360000.00000000000,5.12000,1.12000
,,,-172320000.00000000000,5.16000,1.12000
,,,-172280000.00000000000,5.12000,1.12000
,,,-172240000.00000000000,5.12000,1.16000
,,,-172200000.00000000000,5.12000,1.16000
,,,-172160000.00000000000,5.16000,1.16000
,,,-172120000.00000000000,5.08000,1.16000
,,,-172080000.00000000000,5.16000,1.16000
,,,-172040000.00000000000,5.16000,1.16000
,,,-172000000.00000000000,5.12000,1.16000
,,,-171960000.00000000000,5.04000,1.16000
,,,-171920000.00000000000,5.12000,1.16000
,,,-171880000.00000000000,5.08000,1.16000
,,,-171840000.00000000000,5.12000,1.12000
,,,-171800000.00000000000,5.12000,1.16000
,,,-171760000.00000000000,5.12000,1.16000
,,,-171720000.00000000000,5.12000,1.16000
,,,-171680000.00000000000,5.12000,1.16000
,,,-171640000.00000000000,5.12000,1.16000
,,,-171600000.00000000000,5.08000,1.16000
,,,-171560000.00000000000,5.16000,1.16000
,,,-171520000.00000000000,5.12000,1.16000
,,,-171480000.00000000000,5.12000,1.16000
,,,-171440000.00000000000,5.12000,1.16000
,,,-171400000.00000000000,5.12000,1.16000
,,,-171360000.00000000000,5.08000,1.16000
,,,-171320000.00000000000,5.16000,1.20000
,,,-171280000.00000000000,5.12000,1.16000
,,,-171240000.00000000000,5.08000,1.16000
,,,-171200000.00000000000,5.04000,1.16000
,,,-171160000.00000000000,5.16000,1.16000
,,,-171120000.00000000000,5.12000,1.16000
,,,-171080000.00000000000,5.12000,1.16000
,,,-171040000.00000000000,5.08000,1.16000
,,,-171000000.00000000000,5.08000,1.16000
,,,-170960000.00000000000,5.12000,1.16000
,,,-170920000.00000000000,5.12000,1.16000
,,,-170880000.00000000000,5.12000,1.20000
,,,-170840000.00000000000,5.08000,1.16000
,,,-170800000.00000000000,5.12000,1.16000
,,,-170760000.00000000000,5.12000,1.16000
,,,-170720000.00000000000,5.12000,1.20000
,,,-170680000.00000000000,5.08000,1.20000
,,,-170640000.00000000000,5.12000,1.20000
,,,-170600000.00000000000,5.12000,1.20000
,,,-170560000.00000000000,5.12000,1.16000
,,,-170520000.00000000000,5.12000,1.16000
,,,-170480000.00000000000,5.12000,1.16000
,,,-170440000.00000000000,5.12000,1.20000
,,,-170400000.00000000000,5.16000,1.20000
,,,-170360000.00000000000,5.12000,1.24000
,,,-170320000.00000000000,5.12000,1.20000
,,,-170280000.00000000000,5.08000,1.20000
,,,-170240000.00000000000,5.12000,1.20000
,,,-170200000.00000000000,5.12000,1.24000
,,,-170160000.00000000000,5.12000,1.20000
,,,-170120000.00000000000,5.12000,1.20000
,,,-170080000.00000000000,5.12000,1.24000
,,,-170040000.00000000000,5.12000,1.24000
,,,-170000000.00000000000,5.12000,1.20000
,,,-169960000.00000000000,5.08000,1.24000
,,,-169920000.00000000000,5.12000,1.24000
,,,-169880000.00000000000,5.12000,1.20000
,,,-169840000.00000000000,5.12000,1.20000
,,,-169800000.00000000000,5.12000,1.20000
,,,-169760000.00000000000,5.16000,1.20000
,,,-169720000.00000000000,5.12000,1.20000
,,,-169680000.00000000000,5.12000,1.20000
,,,-169640000.00000000000,5.12000,1.24000
,,,-169600000.00000000000,5.12000,1.24000
,,,-169560000.00000000000,5.12000,1.24000
,,,-169520000.00000000000,5.12000,1.24000
,,,-169480000.00000000000,5.16000,1.24000
,,,-169440000.00000000000,5.08000,1.20000
,,,-169400000.00000000000,5.16000,1.24000
,,,-169360000.00000000000,5.12000,1.24000
,,,-169320000.00000000000,5.12000,1.24000
,,,-169280000.00000000000,5.12000,1.24000
,,,-169240000.00000000000,5.12000,1.24000
,,,-169200000.00000000000,5.08000,1.24000
,,,-169160000.00000000000,5.12000,1.24000
,,,-169120000.00000000000,5.12000,1.24000
,,,-169080000.00000000000,5.12000,1.24000
,,,-169040000.00000000000,5.12000,1.28000
,,,-169000000.00000000000,5.12000,1.24000
,,,-168960000.00000000000,5.12000,1.28000
,,,-168920000.00000000000,5.12000,1.28000
,,,-168880000.00000000000,5.12000,1.28000
,,,-168840000.00000000000,5.12000,1.24000
,,,-168800000.00000000000,5.12000,1.28000
,,,-168760000.00000000000,5.12000,1.24000
,,,-168720000.00000000000,5.12000,1.24000
,,,-168680000.00000000000,5.12000,1.28000
,,,-168640000.00000000000,5.12000,1.28000
,,,-168600000.00000000000,5.12000,1.28000
,,,-168560000.00000000000,5.16000,1.28000
,,,-168520000.00000000000,5.12000,1.28000
,,,-168480000.00000000000,5.04000,1.28000
,,,-168440000.00000000000,5.12000,1.28000
,,,-168400000.00000000000,5.12000,1.28000
,,,-168360000.00000000000,5.12000,1.28000
,,,-168320000.00000000000,5.12000,1.28000
,,,-168280000.00000000000,5.12000,1.32000
,,,-168240000.00000000000,5.16000,1.28000
,,,-168200000.00000000000,5.08000,1.28000
,,,-168160000.00000000000,5.12000,1.28000
,,,-168120000.00000000000,5.12000,1.28000
,,,-168080000.00000000000,5.12000,1.32000
,,,-168040000.00000000000,5.12000,1.32000
,,,-168000000.00000000000,5.08000,1.28000
,,,-167960000.00000000000,5.12000,1.28000
,,,-167920000.00000000000,5.12000,1.28000
,,,-167880000.00000000000,5.12000,1.32000
,,,-167840000.00000000000,5.08000,1.28000
,,,-167800000.00000000000,5.12000,1.28000
,,,-167760000.00000000000,5.08000,1.28000
,,,-167720000.00000000000,5.16000,1.32000
,,,-167680000.00000000000,5.12000,1.28000
,,,-167640000.00000000000,5.12000,1.32000
,,,-167600000.00000000000,5.12000,1.32000
,,,-167560000.00000000000,5.12000,1.32000
,,,-167520000.00000000000,5.12000,1.32000
,,,-167480000.00000000000,5.12000,1.32000
,,,-167440000.00000000000,5.12000,1.32000
,,,-167400000.00000000000,5.12000,1.32000
,,,-167360000.00000000000,5.16000,1.32000
,,,-167320000.00000000000,5.08000,1.32000
,,,-167280000.00000000000,5.12000,1.32000
,,,-167240000.00000000000,5.12000,1.32000
,,,-167200000.00000000000,5.08000,1.32000
,,,-167160000.00000000000,5.12000,1.32000
,,,-167120000.00000000000,5.12000,1.36000
,,,-167080000.00000000000,5.12000,1.32000
,,,-167040000.00000000000,5.04000,1.40000
,,,-167000000.00000000000,5.12000,1.36000
,,,-166960000.00000000000,5.16000,1.32000
,,,-166920000.00000000000,5.12000,1.36000
,,,-166880000.00000000000,5.12000,1.32000
,,,-166840000.00000000000,5.04000,1.36000
,,,-166800000.00000000000,5.12000,1.36000
,,,-166760000.00000000000,5.08000,1.36000
,,,-166720000.00000000000,5.12000,1.40000
,,,-166680000.00000000000,5.12000,1.40000
,,,-166640000.00000000000,5.12000,1.36000
,,,-166600000.00000000000,5.08000,1.40000
,,,-166560000.00000000000,5.12000,1.40000
,,,-166520000.00000000000,5.08000,1.36000
,,,-166480000.00000000000,5.12000,1.40000
,,,-166440000.00000000000,5.16000,1.36000
,,,-166400000.00000000000,5.12000,1.40000
,,,-166360000.00000000000,5.12000,1.40000
,,,-166320000.00000000000,5.12000,1.40000
,,,-166280000.00000000000,5.16000,1.40000
,,,-166240000.00000000000,5.12000,1.40000
,,,-166200000.00000000000,5.12000,1.40000
,,,-166160000.00000000000,5.12000,1.40000
,,,-166120000.00000000000,5.16000,1.40000
,,,-166080000.00000000000,5.08000,1.40000
,,,-166040000.00000000000,5.08000,1.40000
,,,-166000000.00000000000,5.12000,1.40000
,,,-165960000.00000000000,5.12000,1.40000
,,,-165920000.00000000000,5.12000,1.40000
,,,-165880000.00000000000,5.12000,1.40000
,,,-165840000.00000000000,5.12000,1.40000
,,,-165800000.00000000000,5.12000,1.44000
,,,-165760000.00000000000,5.12000,1.44000
,,,-165720000.00000000000,5.12000,1.44000
,,,-165680000.00000000000,5.08000,1.40000
,,,-165640000.00000000000,5.12000,1.44000
,,,-165600000.00000000000,5.16000,1.44000
,,,-165560000.00000000000,5.12000,1.44000
,,,-165520000.00000000000,5.12000,1.44000
,,,-165480000.00000000000,5.12000,1.44000
,,,-165440000.00000000000,5.12000,1.44000
,,,-165400000.00000000000,5.12000,1.48000
,,,-165360000.00000000000,5.12000,1.44000
,,,-165320000.00000000000,5.12000,1.44000
,,,-165280000.00000000000,5.16000,1.44000
,,,-165240000.00000000000,5.12000,1.44000
,,,-165200000.00000000000,5.12000,1.44000
,,,-165160000.00000000000,5.12000,1.48000
,,,-165120000.00000000000,5.12000,1.48000
,,,-165080000.00000000000,5.12000,1.48000
,,,-165040000.00000000000,5.12000,1.48000
,,,-165000000.00000000000,5.12000,1.48000
,,,-164960000.00000000000,5.12000,1.48000
,,,-164920000.00000000000,5.12000,1.48000
,,,-164880000.00000000000,5.04000,1.48000
,,,-164840000.00000000000,5.12000,1.48000
,,,-164800000.00000000000,5.04000,1.48000
,,,-164760000.00000000000,5.12000,1.48000
,,,-164720000.00000000000,5.04000,1.48000
,,,-164680000.00000000000,5.12000,1.52000
,,,-164640000.00000000000,5.12000,1.48000
,,,-164600000.00000000000,5.12000,1.52000
,,,-164560000.00000000000,5.12000,1.52000
,,,-164520000.00000000000,5.16000,1.52000
,,,-164480000.00000000000,5.12000,1.52000
,,,-164440000.00000000000,5.12000,1.52000
,,,-164400000.00000000000,5.08000,1.52000
,,,-164360000.00000000000,5.12000,1.52000
,,,-164320000.00000000000,5.12000,1.52000
,,,-164280000.00000000000,5.12000,1.52000
,,,-164240000.00000000000,5.16000,1.56000
,,,-164200000.00000000000,5.08000,1.56000
,,,-164160000.00000000000,5.12000,1.56000
,,,-164120000.00000000000,5.04000,1.56000
,,,-164080000.00000000000,5.08000,1.56000
,,,-164040000.00000000000,5.08000,1.56000
,,,-164000000.00000000000,5.08000,1.56000
,,,-163960000.00000000000,5.12000,1.56000
,,,-163920000.00000000000,5.12000,1.60000
,,,-163880000.00000000000,5.08000,1.60000
,,,-163840000.00000000000,5.12000,1.56000
,,,-163800000.00000000000,5.08000,1.56000
,,,-163760000.00000000000,5.12000,1.56000
,,,-163720000.00000000000,5.12000,1.56000
,,,-163680000.00000000000,5.12000,1.56000
,,,-163640000.00000000000,5.12000,1.60000
,,,-163600000.00000000000,5.12000,1.56000
,,,-163560000.00000000000,5.12000,1.60000
,,,-163520000.00000000000,5.12000,1.56000
,,,-163480000.00000000000,5.12000,1.56000
,,,-163440000.00000000000,5.12000,1.64000
,,,-163400000.00000000000,5.12000,1.60000
,,,-163360000.00000000000,5.12000,1.60000
,,,-163320000.00000000000,5.12000,1.60000
,,,-163280000.00000000000,5.12000,1.60000
,,,-163240000.00000000000,5.12000,1.60000
,,,-163200000.00000000000,5.12000,1.60000
,,,-163160000.00000000000,5.08000,1.64000
,,,-163120000.00000000000,5.12000,1.60000
,,,-163080000.00000000000,5.12000,1.60000
,,,-163040000.00000000000,5.12000,1.64000
,,,-163000000.00000000000,5.12000,1.60000
,,,-162960000.00000000000,5.08000,1.64000
,,,-162920000.00000000000,5.12000,1.64000
,,,-162880000.00000000000,5.04000,1.64000
,,,-162840000.00000000000,5.16000,1.64000
,,,-162800000.00000000000,5.08000,1.64000
,,,-162760000.00000000000,5.12000,1.64000
,,,-162720000.00000000000,5.12000,1.64000
,,,-162680000.00000000000,5.16000,1.68000
,,,-162640000.00000000000,5.12000,1.64000
,,,-162600000.00000000000,5.16000,1.68000
,,,-162560000.00000000000,5.12000,1.68000
,,,-162520000.00000000000,5.12000,1.64000
,,,-162480000.00000000000,5.16000,1.68000
,,,-162440000.00000000000,5.12000,1.68000
,,,-162400000.00000000000,5.12000,1.68000
,,,-162360000.00000000000,5.12000,1.68000
,,,-162320000.00000000000,5.12000,1.68000
,,,-162280000.00000000000,5.12000,1.72000
,,,-162240000.00000000000,5.12000,1.72000
,,,-162200000.00000000000,5.12000,1.68000
,,,-162160000.00000000000,5.12000,1.72000
,,,-162120000.00000000000,5.12000,1.72000
,,,-162080000.00000000000,5.12000,1.72000
,,,-162040000.00000000000,5.12000,1.72000
,,,-162000000.00000000000,5.12000,1.72000
,,,-161960000.00000000000,5.08000,1.72000
,,,-161920000.00000000000,5.12000,1.72000
,,,-161880000.00000000000,5.12000,1.72000
,,,-161840000.00000000000,5.12000,1.72000
,,,-161800000.00000000000,5.12000,1.72000
,,,-161760000.00000000000,5.12000,1.72000
,,,-161720000.00000000000,5.12000,1.76000
,,,-161680000.00000000000,5.12000,1.76000
,,,-161640000.00000000000,5.12000,1.76000
,,,-161600000.00000000000,5.12000,1.76000
,,,-161560000.00000000000,5.12000,1.76000
,,,-161520000.00000000000,5.08000,1.76000
,,,-161480000.00000000000,5.12000,1.76000
,,,-161440000.00000000000,5.12000,1.76000
,,,-161400000.00000000000,5.16000,1.80000
,,,-161360000.00000000000,5.12000,1.76000
,,,-161320000.00000000000,5.12000,1.80000
,,,-161280000.00000000000,5.12000,1.80000
,,,-161240000.00000000000,5.04000,1.76000
,,,-161200000.00000000000,5.12000,1.76000
,,,-161160000.00000000000,5.12000,1.80000
,,,-161120000.00000000000,5.12000,1.80000
,,,-161080000.00000000000,5.08000,1.80000
,,,-161040000.00000000000,5.16000,1.80000
,,,-161000000.00000000000,5.12000,1.80000
,,,-160960000.00000000000,5.12000,1.80000
,,,-160920000.00000000000,5.04000,1.76000
,,,-160880000.00000000000,5.12000,1.80000
,,,-160840000.00000000000,5.08000,1.80000
,,,-160800000.00000000000,5.12000,1.80000
,,,-160760000.00000000000,5.12000,1.80000
,,,-160720000.00000000000,5.04000,1.84000
,,,-160680000.00000000000,5.16000,1.88000
,,,-160640000.00000000000,5.08000,1.80000
,,,-160600000.00000000000,5.12000,1.88000
,,,-160560000.00000000000,5.12000,1.88000
,,,-160520000.00000000000,5.12000,1.88000
,,,-160480000.00000000000,5.12000,1.88000
,,,-160440000.00000000000,5.12000,1.80000
,,,-160400000.00000000000,5.12000,1.84000
,,,-160360000.00000000000,5.16000,1.88000
,,,-160320000.00000000000,5.16000,1.88000
,,,-160280000.00000000000,5.12000,1.88000
,,,-160240000.00000000000,5.16000,1.88000
,,,-160200000.00000000000,5.12000,1.92000
,,,-160160000.00000000000,5.08000,1.92000
,,,-160120000.00000000000,5.12000,1.88000
,,,-160080000.00000000000,5.12000,1.88000
,,,-160040000.00000000000,5.12000,1.88000
,,,-160000000.00000000000,5.08000,1.92000
,,,-159960000.00000000000,5.12000,1.92000
,,,-159920000.00000000000,5.08000,1.92000
,,,-159880000.00000000000,5.12000,1.92000
,,,-159840000.00000000000,5.12000,1.92000
,,,-159800000.00000000000,5.12000,1.96000
,,,-159760000.00000000000,5.16000,1.92000
,,,-159720000.00000000000,5.12000,1.96000
,,,-159680000.00000000000,5.12000,1.96000
,,,-159640000.00000000000,5.08000,1.96000
,,,-159600000.00000000000,5.12000,1.96000
,,,-159560000.00000000000,5.12000,1.96000
,,,-159520000.00000000000,5.12000,1.96000
,,,-159480000.00000000000,5.12000,1.92000
,,,-159440000.00000000000,5.12000,1.96000
,,,-159400000.00000000000,5.08000,1.96000
,,,-159360000.00000000000,5.12000,1.96000
,,,-159320000.00000000000,5.12000,1.96000
,,,-159280000.00000000000,5.08000,1.96000
,,,-159240000.00000000000,5.12000,1.96000
,,,-159200000.00000000000,5.12000,1.96000
,,,-159160000.00000000000,5.12000,1.96000
,,,-159120000.00000000000,5.12000,1.96000
,,,-159080000.00000000000,5.08000,1.96000
,,,-159040000.00000000000,5.04000,1.96000
,,,-159000000.00000000000,5.08000,1.96000
,,,-158960000.00000000000,5.12000,2.00000
,,,-158920000.00000000000,5.12000,1.96000
,,,-158880000.00000000000,5.12000,1.96000
,,,-158840000.00000000000,5.08000,2.00000
,,,-158800000.00000000000,5.08000,2.00000
,,,-158760000.00000000000,5.12000,2.00000
,,,-158720000.00000000000,5.12000,2.00000
,,,-158680000.00000000000,5.08000,1.96000
,,,-158640000.00000000000,5.16000,2.00000
,,,-158600000.00000000000,5.08000,2.00000
,,,-158560000.00000000000,5.12000,2.00000
,,,-158520000.00000000000,5.08000,2.04000
,,,-158480000.00000000000,5.08000,2.00000
,,,-158440000.00000000000,5.16000,2.04000
,,,-158400000.00000000000,5.12000,2.04000
,,,-158360000.00000000000,5.24000,2.04000
,,,-158320000.00000000000,5.12000,2.04000
,,,-158280000.00000000000,5.12000,2.00000
,,,-158240000.00000000000,5.16000,2.04000
,,,-158200000.00000000000,5.16000,2.04000
,,,-158160000.00000000000,5.12000,2.00000
,,,-158120000.00000000000,5.08000,2.08000
,,,-158080000.00000000000,5.04000,2.08000
,,,-158040000.00000000000,5.04000,2.08000
,,,-158000000.00000000000,5.12000,2.04000
,,,-157960000.00000000000,5.12000,2.04000
,,,-157920000.00000000000,5.12000,2.04000
,,,-157880000.00000000000,5.12000,2.04000
,,,-157840000.00000000000,5.12000,2.08000
,,,-157800000.00000000000,5.12000,2.04000
,,,-157760000.00000000000,5.08000,2.12000
,,,-157720000.00000000000,5.12000,2.08000
,,,-157680000.00000000000,5.12000,2.08000
,,,-157640000.00000000000,5.12000,2.08000
,,,-157600000.00000000000,5.12000,2.08000
,,,-157560000.00000000000,5.12000,2.08000
,,,-157520000.00000000000,5.08000,2.12000
,,,-157480000.00000000000,5.16000,2.08000
,,,-157440000.00000000000,5.12000,2.12000
,,,-157400000.00000000000,5.12000,2.12000
,,,-157360000.00000000000,5.12000,2.16000
,,,-157320000.00000000000,5.12000,2.12000
,,,-157280000.00000000000,5.12000,2.12000
,,,-157240000.00000000000,5.16000,2.12000
,,,-157200000.00000000000,5.12000,2.12000
,,,-157160000.00000000000,5.12000,2.16000
,,,-157120000.00000000000,5.16000,2.20000
,,,-157080000.00000000000,5.16000,2.16000
,,,-157040000.00000000000,5.08000,2.16000
,,,-157000000.00000000000,5.12000,2.16000
,,,-156960000.00000000000,5.08000,2.16000
,,,-156920000.00000000000,5.12000,2.16000
,,,-156880000.00000000000,5.12000,2.20000
,,,-156840000.00000000000,5.12000,2.20000
,,,-156800000.00000000000,5.12000,2.20000
,,,-156760000.00000000000,5.16000,2.20000
,,,-156720000.00000000000,5.12000,2.20000
,,,-156680000.00000000000,5.12000,2.20000
,,,-156640000.00000000000,5.12000,2.20000
,,,-156600000.00000000000,5.12000,2.20000
,,,-156560000.00000000000,5.08000,2.16000
,,,-156520000.00000000000,5.12000,2.24000
,,,-156480000.00000000000,5.12000,2.20000
,,,-156440000.00000000000,5.12000,2.24000
,,,-156400000.00000000000,5.08000,2.20000
,,,-156360000.00000000000,5.12000,2.24000
,,,-156320000.00000000000,5.16000,2.20000
,,,-156280000.00000000000,5.12000,2.24000
,,,-156240000.00000000000,5.12000,2.24000
,,,-156200000.00000000000,5.08000,2.28000
,,,-156160000.00000000000,5.12000,2.24000
,,,-156120000.00000000000,5.16000,2.24000
,,,-156080000.00000000000,5.08000,2.24000
,,,-156040000.00000000000,5.08000,2.24000
,,,-156000000.00000000000,5.12000,2.24000
,,,-155960000.00000000000,5.12000,2.28000
,,,-155920000.00000000000,5.12000,2.24000
,,,-155880000.00000000000,5.12000,2.24000
,,,-155840000.00000000000,5.12000,2.24000
,,,-155800000.00000000000,5.12000,2.28000
,,,-155760000.00000000000,5.12000,2.24000
,,,-155720000.00000000000,5.12000,2.36000
,,,-155680000.00000000000,5.12000,2.32000
,,,-155640000.00000000000,5.12000,2.32000
,,,-155600000.00000000000,5.12000,2.28000
,,,-155560000.00000000000,5.08000,2.36000
,,,-155520000.00000000000,5.12000,2.32000
,,,-155480000.00000000000,5.12000,2.28000
,,,-155440000.00000000000,5.12000,2.32000
,,,-155400000.00000000000,5.12000,2.32000
,,,-155360000.00000000000,5.12000,2.32000
,,,-155320000.00000000000,5.12000,2.36000
,,,-155280000.00000000000,5.12000,2.32000
,,,-155240000.00000000000,5.12000,2.36000
,,,-155200000.00000000000,5.12000,2.36000
,,,-155160000.00000000000,5.12000,2.36000
,,,-155120000.00000000000,5.16000,2.36000
,,,-155080000.00000000000,5.08000,2.36000
,,,-155040000.00000000000,5.08000,2.36000
,,,-155000000.00000000000,5.12000,2.36000
,,,-154960000.00000000000,5.12000,2.40000
,,,-154920000.00000000000,5.04000,2.40000
,,,-154880000.00000000000,5.16000,2.36000
,,,-154840000.00000000000,5.08000,2.40000
,,,-154800000.00000000000,5.12000,2.36000
,,,-154760000.00000000000,5.08000,2.36000
,,,-154720000.00000000000,5.12000,2.40000
,,,-154680000.00000000000,5.12000,2.40000
,,,-154640000.00000000000,5.16000,2.40000
,,,-154600000.00000000000,5.12000,2.40000
,,,-154560000.00000000000,5.12000,2.40000
,,,-154520000.00000000000,5.12000,2.40000
,,,-154480000.00000000000,5.12000,2.40000
,,,-154440000.00000000000,5.12000,2.40000
,,,-154400000.00000000000,5.08000,2.40000
,,,-154360000.00000000000,5.12000,2.40000
,,,-154320000.00000000000,5.12000,2.40000
,,,-154280000.00000000000,5.16000,2.40000
,,,-154240000.00000000000,5.08000,2.40000
,,,-154200000.00000000000,5.12000,2.48000
,,,-154160000.00000000000,5.12000,2.44000
,,,-154120000.00000000000,5.12000,2.44000
,,,-154080000.00000000000,5.12000,2.44000
,,,-154040000.00000000000,5.12000,2.44000
,,,-154000000.00000000000,5.08000,2.48000
,,,-153960000.00000000000,5.12000,2.48000
,,,-153920000.00000000000,5.12000,2.48000
,,,-153880000.00000000000,5.08000,2.48000
,,,-153840000.00000000000,5.12000,2.48000
,,,-153800000.00000000000,5.12000,2.52000
,,,-153760000.00000000000,5.12000,2.48000
,,,-153720000.00000000000,5.08000,2.48000
,,,-153680000.00000000000,5.16000,2.52000
,,,-153640000.00000000000,5.08000,2.48000
,,,-153600000.00000000000,5.16000,2.52000
,,,-153560000.00000000000,5.12000,2.52000
,,,-153520000.00000000000,5.12000,2.52000
,,,-153480000.00000000000,5.12000,2.52000
,,,-153440000.00000000000,5.12000,2.52000
,,,-153400000.00000000000,5.12000,2.52000
,,,-153360000.00000000000,5.12000,2.52000
,,,-153320000.00000000000,5.16000,2.52000
,,,-153280000.00000000000,5.08000,2.56000
,,,-153240000.00000000000,5.16000,2.56000
,,,-153200000.00000000000,5.08000,2.52000
,,,-153160000.00000000000,5.12000,2.56000
,,,-153120000.00000000000,5.12000,2.56000
,,,-153080000.00000000000,5.08000,2.56000
,,,-153040000.00000000000,5.08000,2.56000
,,,-153000000.00000000000,5.12000,2.56000
,,,-152960000.00000000000,5.12000,2.56000
,,,-152920000.00000000000,5.12000,2.60000
,,,-152880000.00000000000,5.12000,2.56000
,,,-152840000.00000000000,5.08000,2.60000
,,,-152800000.00000000000,5.12000,2.56000
,,,-152760000.00000000000,5.12000,2.60000
,,,-152720000.00000000000,5.12000,2.56000
,,,-152680000.00000000000,5.12000,2.60000
,,,-152640000.00000000000,5.12000,2.60000
,,,-152600000.00000000000,5.08000,2.60000
,,,-152560000.00000000000,5.12000,2.64000
,,,-152520000.00000000000,5.12000,2.64000
,,,-152480000.00000000000,5.12000,2.64000
,,,-152440000.00000000000,5.12000,2.64000
,,,-152400000.00000000000,5.12000,2.64000
,,,-152360000.00000000000,5.12000,2.64000
,,,-152320000.00000000000,5.12000,2.64000
,,,-152280000.00000000000,5.12000,2.64000
,,,-152240000.00000000000,5.12000,2.64000
,,,-152200000.00000000000,5.12000,2.64000
,,,-152160000.00000000000,5.12000,2.68000
,,,-152120000.00000000000,5.12000,2.68000
,,,-152080000.00000000000,5.12000,2.68000
,,,-152040000.00000000000,5.12000,2.68000
,,,-152000000.00000000000,5.12000,2.68000
,,,-151960000.00000000000,5.12000,2.68000
,,,-151920000.00000000000,5.12000,2.68000
,,,-151880000.00000000000,5.08000,2.68000
,,,-151840000.00000000000,5.08000,2.68000
,,,-151800000.00000000000,5.08000,2.68000
,,,-151760000.00000000000,5.12000,2.72000
,,,-151720000.00000000000,5.16000,2.72000
,,,-151680000.00000000000,5.12000,2.68000
,,,-151640000.00000000000,5.12000,2.72000
,,,-151600000.00000000000,5.04000,2.68000
,,,-151560000.00000000000,5.16000,2.72000
,,,-151520000.00000000000,5.12000,2.72000
,,,-151480000.00000000000,5.12000,2.72000
,,,-151440000.00000000000,5.12000,2.68000
,,,-151400000.00000000000,5.12000,2.72000
,,,-151360000.00000000000,5.08000,2.72000
,,,-151320000.00000000000,5.12000,2.76000
,,,-151280000.00000000000,5.12000,2.72000
,,,-151240000.00000000000,5.12000,2.76000
,,,-151200000.00000000000,5.12000,2.76000
,,,-151160000.00000000000,5.12000,2.76000
,,,-151120000.00000000000,5.08000,2.76000
,,,-151080000.00000000000,5.12000,2.80000
,,,-151040000.00000000000,5.12000,2.80000
,,,-151000000.00000000000,5.12000,2.80000
,,,-150960000.00000000000,5.12000,2.80000
,,,-150920000.00000000000,5.08000,2.76000
,,,-150880000.00000000000,5.08000,2.80000
,,,-150840000.00000000000,5.08000,2.80000
,,,-150800000.00000000000,5.08000,2.80000
,,,-150760000.00000000000,5.12000,2.80000
,,,-150720000.00000000000,5.12000,2.80000
,,,-150680000.00000000000,5.12000,2.80000
,,,-150640000.00000000000,5.12000,2.80000
,,,-150600000.00000000000,5.12000,2.80000
,,,-150560000.00000000000,5.12000,2.84000
,,,-150520000.00000000000,5.12000,2.80000
,,,-150480000.00000000000,5.12000,2.84000
,,,-150440000.00000000000,5.12000,2.80000
,,,-150400000.00000000000,5.16000,2.84000
,,,-150360000.00000000000,5.12000,2.84000
,,,-150320000.00000000000,5.12000,2.84000
,,,-150280000.00000000000,5.16000,2.84000
,,,-150240000.00000000000,5.12000,2.84000
,,,-150200000.00000000000,5.12000,2.84000
,,,-150160000.00000000000,5.08000,2.84000
,,,-150120000.00000000000,5.12000,2.84000
,,,-150080000.00000000000,5.12000,2.84000
,,,-150040000.00000000000,5.12000,2.84000
,,,-150000000.00000000000,5.04000,2.88000
,,,-149960000.00000000000,5.12000,2.84000
,,,-149920000.00000000000,5.12000,2.84000
,,,-149880000.00000000000,5.12000,2.88000
,,,-149840000.00000000000,5.12000,2.88000
,,,-149800000.00000000000,5.12000,2.88000
,,,-149760000.00000000000,5.12000,2.88000
,,,-149720000.00000000000,5.08000,2.96000
,,,-149680000.00000000000,5.12000,2.88000
,,,-149640000.00000000000,5.12000,2.96000
,,,-149600000.00000000000,5.12000,2.88000
,,,-149560000.00000000000,5.12000,2.88000
,,,-149520000.00000000000,5.12000,3.00000
,,,-149480000.00000000000,5.16000,3.00000
,,,-149440000.00000000000,5.12000,2.96000
,,,-149400000.00000000000,5.12000,2.96000
,,,-149360000.00000000000,5.08000,2.96000
,,,-149320000.00000000000,5.12000,3.00000
,,,-149280000.00000000000,5.12000,2.96000
,,,-149240000.00000000000,5.12000,3.00000
,,,-149200000.00000000000,5.16000,3.00000
,,,-149160000.00000000000,5.08000,3.00000
,,,-149120000.00000000000,5.12000,3.04000
,,,-149080000.00000000000,5.12000,3.00000
,,,-149040000.00000000000,5.12000,3.00000
,,,-149000000.00000000000,5.08000,3.00000
,,,-148960000.00000000000,5.12000,3.04000
,,,-148920000.00000000000,5.12000,3.00000
,,,-148880000.00000000000,5.12000,3.00000
,,,-148840000.00000000000,5.12000,3.04000
,,,-148800000.00000000000,5.08000,3.04000
,,,-148760000.00000000000,5.12000,3.04000
,,,-148720000.00000000000,5.08000,3.04000
,,,-148680000.00000000000,5.08000,3.04000
,,,-148640000.00000000000,5.12000,3.08000
,,,-148600000.00000000000,5.20000,3.04000
,,,-148560000.00000000000,5.12000,3.04000
,,,-148520000.00000000000,5.12000,3.04000
,,,-148480000.00000000000,5.12000,3.04000
,,,-148440000.00000000000,5.12000,3.08000
,,,-148400000.00000000000,5.08000,3.04000
,,,-148360000.00000000000,5.12000,3.04000
,,,-148320000.00000000000,5.16000,3.08000
,,,-148280000.00000000000,5.12000,3.08000
,,,-148240000.00000000000,5.12000,3.08000
,,,-148200000.00000000000,5.08000,3.08000
,,,-148160000.00000000000,5.12000,3.08000
,,,-148120000.00000000000,5.12000,3.08000
,,,-148080000.00000000000,5.12000,3.08000
,,,-148040000.00000000000,5.12000,3.08000
,,,-148000000.00000000000,5.16000,3.12000
,,,-147960000.00000000000,5.04000,3.08000
,,,-147920000.00000000000,5.12000,3.12000
,,,-147880000.00000000000,5.12000,3.08000
,,,-147840000.00000000000,5.12000,3.12000
,,,-147800000.00000000000,5.12000,3.16000
,,,-147760000.00000000000,5.12000,3.12000
,,,-147720000.00000000000,5.04000,3.12000
,,,-147680000.00000000000,5.16000,3.16000
,,,-147640000.00000000000,5.16000,3.08000
,,,-147600000.00000000000,5.08000,3.16000
,,,-147560000.00000000000,5.12000,3.16000
,,,-147520000.00000000000,5.12000,3.16000
,,,-147480000.00000000000,5.12000,3.16000
,,,-147440000.00000000000,5.12000,3.16000
,,,-147400000.00000000000,5.12000,3.16000
,,,-147360000.00000000000,5.12000,3.16000
,,,-147320000.00000000000,5.16000,3.16000
,,,-147280000.00000000000,5.12000,3.20000
,,,-147240000.00000000000,5.12000,3.16000
,,,-147200000.00000000000,5.16000,3.16000
,,,-147160000.00000000000,5.12000,3.20000
,,,-147120000.00000000000,5.12000,3.20000
,,,-147080000.00000000000,5.12000,3.20000
,,,-147040000.00000000000,5.08000,3.20000
,,,-147000000.00000000000,5.12000,3.20000
,,,-146960000.00000000000,5.12000,3.20000
,,,-146920000.00000000000,5.08000,3.20000
,,,-146880000.00000000000,5.12000,3.20000
,,,-146840000.00000000000,5.08000,3.20000
,,,-146800000.00000000000,5.04000,3.20000
,,,-146760000.00000000000,5.16000,3.24000
,,,-146720000.00000000000,5.12000,3.20000
,,,-146680000.00000000000,5.16000,3.20000
,,,-146640000.00000000000,5.12000,3.20000
,,,-146600000.00000000000,5.12000,3.20000
,,,-146560000.00000000000,5.12000,3.28000
,,,-146520000.00000000000,5.08000,3.28000
,,,-146480000.00000000000,5.12000,3.24000
,,,-146440000.00000000000,5.12000,3.24000
,,,-146400000.00000000000,5.12000,3.24000
,,,-146360000.00000000000,5.12000,3.28000
,,,-146320000.00000000000,5.12000,3.24000
,,,-146280000.00000000000,5.12000,3.28000
,,,-146240000.00000000000,5.08000,3.28000
,,,-146200000.00000000000,5.16000,3.24000
,,,-146160000.00000000000,5.12000,3.28000
,,,-146120000.00000000000,5.12000,3.28000
,,,-146080000.00000000000,5.12000,3.28000
,,,-146040000.00000000000,5.12000,3.28000
,,,-146000000.00000000000,5.08000,3.28000
,,,-145960000.00000000000,5.12000,3.24000
,,,-145920000.00000000000,5.12000,3.28000
,,,-145880000.00000000000,5.12000,3.32000
,,,-145840000.00000000000,5.12000,3.28000
,,,-145800000.00000000000,5.08000,3.32000
,,,-145760000.00000000000,5.12000,3.32000
,,,-145720000.00000000000,5.12000,3.32000
,,,-145680000.00000000000,5.16000,3.24000
,,,-145640000.00000000000,5.12000,3.32000
,,,-145600000.00000000000,5.12000,3.32000
,,,-145560000.00000000000,5.12000,3.32000
,,,-145520000.00000000000,5.12000,3.32000
,,,-145480000.00000000000,5.12000,3.32000
,,,-145440000.00000000000,5.12000,3.32000
,,,-145400000.00000000000,5.12000,3.36000
,,,-145360000.00000000000,5.12000,3.36000
,,,-145320000.00000000000,5.12000,3.32000
,,,-145280000.00000000000,5.12000,3.32000
,,,-145240000.00000000000,5.16000,3.36000
,,,-145200000.00000000000,5.12000,3.36000
,,,-145160000.00000000000,5.08000,3.36000
,,,-145120000.00000000000,5.12000,3.36000
,,,-145080000.00000000000,5.12000,3.36000
,,,-145040000.00000000000,5.12000,3.32000
,,,-145000000.00000000000,5.08000,3.40000
,,,-144960000.00000000000,5.12000,3.36000
,,,-144920000.00000000000,5.04000,3.36000
,,,-144880000.00000000000,5.12000,3.36000
,,,-144840000.00000000000,5.04000,3.36000
,,,-144800000.00000000000,5.08000,3.36000
,,,-144760000.00000000000,5.16000,3.40000
,,,-144720000.00000000000,5.08000,3.36000
,,,-144680000.00000000000,5.12000,3.36000
,,,-144640000.00000000000,5.12000,3.36000
,,,-144600000.00000000000,5.12000,3.40000
,,,-144560000.00000000000,5.12000,3.40000
,,,-144520000.00000000000,5.12000,3.40000
,,,-144480000.00000000000,5.12000,3.36000
,,,-144440000.00000000000,5.12000,3.40000
,,,-144400000.00000000000,5.12000,3.40000
,,,-144360000.00000000000,5.12000,3.40000
,,,-144320000.00000000000,5.16000,3.44000
,,,-144280000.00000000000,5.08000,3.44000
,,,-144240000.00000000000,5.12000,3.40000
,,,-144200000.00000000000,5.16000,3.40000
,,,-144160000.00000000000,5.08000,3.44000
,,,-144120000.00000000000,5.12000,3.40000
,,,-144080000.00000000000,5.12000,3.40000
,,,-144040000.00000000000,5.12000,3.40000
,,,-144000000.00000000000,5.08000,3.48000
,,,-143960000.00000000000,5.12000,3.44000
,,,-143920000.00000000000,5.08000,3.40000
,,,-143880000.00000000000,5.08000,3.44000
,,,-143840000.00000000000,5.12000,3.48000
,,,-143800000.00000000000,5.12000,3.44000
,,,-143760000.00000000000,5.12000,3.48000
,,,-143720000.00000000000,5.12000,3.44000
,,,-143680000.00000000000,5.04000,3.48000
,,,-143640000.00000000000,5.12000,3.44000
,,,-143600000.00000000000,5.08000,3.48000
,,,-143560000.00000000000,5.12000,3.48000
,,,-143520000.00000000000,5.12000,3.48000
,,,-143480000.00000000000,5.12000,3.52000
,,,-143440000.00000000000,5.12000,3.48000
,,,-143400000.00000000000,5.08000,3.48000
,,,-143360000.00000000000,5.12000,3.48000
,,,-143320000.00000000000,5.16000,3.52000
,,,-143280000.00000000000,5.12000,3.52000
,,,-143240000.00000000000,5.12000,3.52000
,,,-143200000.00000000000,5.16000,3.52000
,,,-143160000.00000000000,5.12000,3.52000
,,,-143120000.00000000000,5.08000,3.52000
,,,-143080000.00000000000,5.16000,3.52000
,,,-143040000.00000000000,5.12000,3.48000
,,,-143000000.00000000000,5.12000,3.48000
,,,-142960000.00000000000,5.12000,3.48000
,,,-142920000.00000000000,5.12000,3.52000
,,,-142880000.00000000000,5.12000,3.52000
,,,-142840000.00000000000,5.00000,3.52000
,,,-142800000.00000000000,5.16000,3.48000
,,,-142760000.00000000000,5.12000,3.48000
,,,-142720000.00000000000,5.12000,3.48000
,,,-142680000.00000000000,5.04000,3.56000
,,,-142640000.00000000000,5.12000,3.52000
,,,-142600000.00000000000,5.16000,3.56000
,,,-142560000.00000000000,5.08000,3.52000
,,,-142520000.00000000000,5.08000,3.52000
,,,-142480000.00000000000,5.12000,3.52000
,,,-142440000.00000000000,5.16000,3.52000
,,,-142400000.00000000000,5.12000,3.52000
,,,-142360000.00000000000,5.16000,3.56000
,,,-142320000.00000000000,5.12000,3.52000
,,,-142280000.00000000000,5.12000,3.60000
,,,-142240000.00000000000,5.12000,3.56000
,,,-142200000.00000000000,5.12000,3.64000
,,,-142160000.00000000000,5.12000,3.56000
,,,-142120000.00000000000,5.12000,3.56000
,,,-142080000.00000000000,5.08000,3.56000
,,,-142040000.00000000000,5.08000,3.56000
,,,-142000000.00000000000,5.12000,3.60000
,,,-141960000.00000000000,5.12000,3.60000
,,,-141920000.00000000000,5.08000,3.56000
,,,-141880000.00000000000,5.08000,3.56000
,,,-141840000.00000000000,5.12000,3.56000
,,,-141800000.00000000000,5.12000,3.64000
,,,-141760000.00000000000,5.12000,3.60000
,,,-141720000.00000000000,5.08000,3.60000
,,,-141680000.00000000000,5.12000,3.64000
,,,-141640000.00000000000,5.16000,3.56000
,,,-141600000.00000000000,5.12000,3.60000
,,,-141560000.00000000000,5.12000,3.64000
,,,-141520000.00000000000,5.12000,3.64000
,,,-141480000.00000000000,5.12000,3.64000
,,,-141440000.00000000000,5.12000,3.60000
,,,-141400000.00000000000,5.16000,3.64000
,,,-141360000.00000000000,5.12000,3.60000
,,,-141320000.00000000000,5.12000,3.64000
,,,-141280000.00000000000,5.16000,3.64000
,,,-141240000.00000000000,5.12000,3.64000
,,,-141200000.00000000000,5.16000,3.68000
,,,-141160000.00000000000,5.12000,3.64000
,,,-141120000.00000000000,5.12000,3.64000
,,,-141080000.00000000000,5.08000,3.64000
,,,-141040000.00000000000,5.16000,3.64000
,,,-141000000.00000000000,5.12000,3.64000
,,,-140960000.00000000000,5.12000,3.64000
,,,-140920000.00000000000,5.12000,3.68000
,,,-140880000.00000000000,5.12000,3.68000
,,,-140840000.00000000000,5.08000,3.68000
,,,-140800000.00000000000,5.12000,3.68000
,,,-140760000.00000000000,5.12000,3.64000
,,,-140720000.00000000000,5.12000,3.68000
,,,-140680000.00000000000,5.12000,3.64000
,,,-140640000.00000000000,5.12000,3.68000
,,,-140600000.00000000000,5.12000,3.64000
,,,-140560000.00000000000,5.12000,3.68000
,,,-140520000.00000000000,5.16000,3.68000
,,,-140480000.00000000000,5.16000,3.68000
,,,-140440000.00000000000,5.08000,3.68000
,,,-140400000.00000000000,5.16000,3.68000
,,,-140360000.00000000000,5.12000,3.68000
,,,-140320000.00000000000,5.16000,3.68000
,,,-140280000.00000000000,5.12000,3.68000
,,,-140240000.00000000000,5.12000,3.68000
,,,-140200000.00000000000,5.08000,3.72000
,,,-140160000.00000000000,5.16000,3.68000
,,,-140120000.00000000000,5.12000,3.72000
,,,-140080000.00000000000,5.12000,3.72000
,,,-140040000.00000000000,5.12000,3.72000
,,,-140000000.00000000000,5.12000,3.68000
,,,-139960000.00000000000,5.12000,3.68000
,,,-139920000.00000000000,5.12000,3.72000
,,,-139880000.00000000000,5.12000,3.72000
,,,-139840000.00000000000,5.12000,3.72000
,,,-139800000.00000000000,5.08000,3.72000
,,,-139760000.00000000000,5.16000,3.72000
,,,-139720000.00000000000,5.08000,3.72000
,,,-139680000.00000000000,5.12000,3.72000
,,,-139640000.00000000000,5.08000,3.72000
,,,-139600000.00000000000,5.12000,3.76000
,,,-139560000.00000000000,5.08000,3.76000
,,,-139520000.00000000000,5.12000,3.72000
,,,-139480000.00000000000,5.08000,3.72000
,,,-139440000.00000000000,5.12000,3.72000
,,,-139400000.00000000000,5.12000,3.72000
,,,-139360000.00000000000,5.16000,3.76000
,,,-139320000.00000000000,5.16000,3.72000
,,,-139280000.00000000000,5.08000,3.76000
,,,-139240000.00000000000,5.12000,3.72000
,,,-139200000.00000000000,5.16000,3.76000
,,,-139160000.00000000000,5.08000,3.76000
,,,-139120000.00000000000,5.12000,3.80000
,,,-139080000.00000000000,5.12000,3.76000
,,,-139040000.00000000000,5.12000,3.80000
,,,-139000000.00000000000,5.12000,3.80000
,,,-138960000.00000000000,5.12000,3.76000
,,,-138920000.00000000000,5.16000,3.76000
,,,-138880000.00000000000,5.12000,3.80000
,,,-138840000.00000000000,5.12000,3.76000
,,,-138800000.00000000000,5.08000,3.76000
,,,-138760000.00000000000,5.12000,3.80000
,,,-138720000.00000000000,5.08000,3.80000
,,,-138680000.00000000000,5.08000,3.76000
,,,-138640000.00000000000,5.08000,3.76000
,,,-138600000.00000000000,5.16000,3.80000
,,,-138560000.00000000000,5.08000,3.80000
,,,-138520000.00000000000,5.16000,3.80000
,,,-138480000.00000000000,5.08000,3.80000
,,,-138440000.00000000000,5.12000,3.84000
,,,-138400000.00000000000,5.12000,3.84000
,,,-138360000.00000000000,5.12000,3.80000
,,,-138320000.00000000000,5.08000,3.84000
,,,-138280000.00000000000,5.12000,3.80000
,,,-138240000.00000000000,5.12000,3.80000
,,,-138200000.00000000000,5.16000,3.84000
,,,-138160000.00000000000,5.12000,3.80000
,,,-138120000.00000000000,5.12000,3.84000
,,,-138080000.00000000000,5.12000,3.80000
,,,-138040000.00000000000,5.12000,3.80000
,,,-138000000.00000000000,5.08000,3.84000
,,,-137960000.00000000000,5.12000,3.84000
,,,-137920000.00000000000,5.12000,3.84000
,,,-137880000.00000000000,5.08000,3.84000
,,,-137840000.00000000000,5.12000,3.84000
,,,-137800000.00000000000,5.12000,3.84000
,,,-137760000.00000000000,5.12000,3.84000
,,,-137720000.00000000000,5.12000,3.84000
,,,-137680000.00000000000,5.12000,3.84000
,,,-137640000.00000000000,5.12000,3.84000
,,,-137600000.00000000000,5.12000,3.84000
,,,-137560000.00000000000,5.12000,3.84000
,,,-137520000.00000000000,5.12000,3.88000
,,,-137480000.00000000000,5.12000,3.84000
,,,-137440000.00000000000,5.12000,3.80000
,,,-137400000.00000000000,5.12000,3.84000
,,,-137360000.00000000000,5.12000,3.84000
,,,-137320000.00000000000,5.12000,3.88000
,,,-137280000.00000000000,5.16000,3.88000
,,,-137240000.00000000000,5.08000,3.84000
,,,-137200000.00000000000,5.16000,3.84000
,,,-137160000.00000000000,5.12000,3.88000
,,,-137120000.00000000000,5.16000,3.84000
,,,-137080000.00000000000,5.12000,3.88000
,,,-137040000.00000000000,5.12000,3.88000
,,,-137000000.00000000000,5.08000,3.88000
,,,-136960000.00000000000,5.12000,3.88000
,,,-136920000.00000000000,5.08000,3.84000
,,,-136880000.00000000000,5.12000,3.88000
,,,-136840000.00000000000,5.12000,3.84000
,,,-136800000.00000000000,5.16000,3.88000
,,,-136760000.00000000000,5.08000,3.92000
,,,-136720000.00000000000,5.16000,3.88000
,,,-136680000.00000000000,5.12000,3.88000
,,,-136640000.00000000000,5.12000,3.84000
,,,-136600000.00000000000,5.08000,3.88000
,,,-136560000.00000000000,5.16000,3.92000
,,,-136520000.00000000000,5.08000,3.84000
,,,-136480000.00000000000,5.12000,3.84000
,,,-136440000.00000000000,5.16000,3.88000
,,,-136400000.00000000000,5.12000,3.88000
,,,-136360000.00000000000,5.12000,3.88000
,,,-136320000.00000000000,5.12000,3.88000
,,,-136280000.00000000000,5.12000,3.92000
,,,-136240000.00000000000,5.12000,3.88000
,,,-136200000.00000000000,5.12000,3.88000
,,,-136160000.00000000000,5.12000,3.92000
,,,-136120000.00000000000,5.12000,3.92000
,,,-136080000.00000000000,5.12000,3.92000
,,,-136040000.00000000000,5.12000,3.92000
,,,-136000000.00000000000,5.08000,3.92000
,,,-135960000.00000000000,5.12000,3.92000
,,,-135920000.00000000000,5.08000,3.96000
,,,-135880000.00000000000,5.12000,3.92000
,,,-135840000.00000000000,5.12000,3.88000
,,,-135800000.00000000000,5.12000,3.88000
,,,-135760000.00000000000,5.12000,3.92000
,,,-135720000.00000000000,5.12000,3.96000
,,,-135680000.00000000000,5.12000,3.96000
,,,-135640000.00000000000,5.12000,3.92000
,,,-135600000.00000000000,5.08000,3.96000
,,,-135560000.00000000000,5.12000,3.92000
,,,-135520000.00000000000,5.08000,3.92000
,,,-135480000.00000000000,5.12000,3.92000
,,,-135440000.00000000000,5.12000,3.96000
,,,-135400000.00000000000,5.12000,3.96000
,,,-135360000.00000000000,5.08000,3.96000
,,,-135320000.00000000000,5.12000,3.96000
,,,-135280000.00000000000,5.12000,3.96000
,,,-135240000.00000000000,5.16000,3.92000
,,,-135200000.00000000000,5.16000,3.92000
,,,-135160000.00000000000,5.12000,3.96000
,,,-135120000.00000000000,5.20000,3.96000
,,,-135080000.00000000000,5.08000,3.92000
,,,-135040000.00000000000,5.12000,3.96000
,,,-135000000.00000000000,5.08000,3.96000
,,,-134960000.00000000000,5.12000,3.96000
,,,-134920000.00000000000,5.12000,3.96000
,,,-134880000.00000000000,5.12000,3.96000
,,,-134840000.00000000000,5.12000,3.96000
,,,-134800000.00000000000,5.08000,3.96000
,,,-134760000.00000000000,5.12000,3.96000
,,,-134720000.00000000000,5.12000,3.92000
,,,-134680000.00000000000,5.12000,4.00000
,,,-134640000.00000000000,5.12000,3.96000
,,,-134600000.00000000000,5.04000,3.92000
,,,-134560000.00000000000,5.12000,3.96000
,,,-134520000.00000000000,5.12000,4.04000
,,,-134480000.00000000000,5.12000,3.92000
,,,-134440000.00000000000,5.12000,4.00000
,,,-134400000.00000000000,5.16000,4.00000
,,,-134360000.00000000000,5.12000,4.00000
,,,-134320000.00000000000,5.16000,4.00000
,,,-134280000.00000000000,5.16000,4.00000
,,,-134240000.00000000000,5.12000,3.96000
,,,-134200000.00000000000,5.12000,4.00000
,,,-134160000.00000000000,5.16000,4.00000
,,,-134120000.00000000000,5.12000,4.04000
,,,-134080000.00000000000,5.08000,3.96000
,,,-134040000.00000000000,5.08000,3.96000
,,,-134000000.00000000000,5.12000,4.04000
,,,-133960000.00000000000,5.12000,4.00000
,,,-133920000.00000000000,5.12000,4.00000
,,,-133880000.00000000000,5.12000,4.04000
,,,-133840000.00000000000,5.12000,4.00000
,,,-133800000.00000000000,5.12000,4.00000
,,,-133760000.00000000000,5.12000,4.00000
,,,-133720000.00000000000,5.12000,4.00000
,,,-133680000.00000000000,5.12000,4.00000
,,,-133640000.00000000000,5.12000,4.00000
,,,-133600000.00000000000,5.12000,3.96000
,,,-133560000.00000000000,5.12000,4.00000
,,,-133520000.00000000000,5.12000,4.00000
,,,-133480000.00000000000,5.12000,4.00000
,,,-133440000.00000000000,5.12000,4.00000
,,,-133400000.00000000000,5.12000,4.00000
,,,-133360000.00000000000,5.12000,4.00000
,,,-133320000.00000000000,5.16000,4.00000
,,,-133280000.00000000000,5.12000,4.00000
,,,-133240000.00000000000,5.12000,4.00000
,,,-133200000.00000000000,5.08000,4.00000
,,,-133160000.00000000000,5.12000,4.00000
,,,-133120000.00000000000,5.12000,4.00000
,,,-133080000.00000000000,5.12000,4.00000
,,,-133040000.00000000000,5.12000,4.04000
,,,-133000000.00000000000,5.08000,4.04000
,,,-132960000.00000000000,5.12000,4.04000
,,,-132920000.00000000000,5.08000,4.00000
,,,-132880000.00000000000,5.08000,4.00000
,,,-132840000.00000000000,5.12000,4.00000
,,,-132800000.00000000000,5.12000,4.04000
,,,-132760000.00000000000,5.08000,4.04000
,,,-132720000.00000000000,5.16000,4.08000
,,,-132680000.00000000000,5.12000,4.04000
,,,-132640000.00000000000,5.12000,4.00000
,,,-132600000.00000000000,5.08000,4.00000
,,,-132560000.00000000000,5.08000,4.04000
,,,-132520000.00000000000,5.12000,4.00000
,,,-132480000.00000000000,5.08000,4.04000
,,,-132440000.00000000000,5.12000,4.00000
,,,-132400000.00000000000,5.12000,4.00000
,,,-132360000.00000000000,5.12000,4.00000
,,,-132320000.00000000000,5.12000,4.00000
,,,-132280000.00000000000,5.12000,4.04000
,,,-132240000.00000000000,5.12000,4.04000
,,,-132200000.00000000000,5.12000,4.08000
,,,-132160000.00000000000,5.16000,4.00000
,,,-132120000.00000000000,5.12000,4.08000
,,,-132080000.00000000000,5.12000,4.04000
,,,-132040000.00000000000,5.12000,4.04000
,,,-132000000.00000000000,5.12000,4.04000
,,,-131960000.00000000000,5.12000,4.04000
,,,-131920000.00000000000,5.12000,4.04000
,,,-131880000.00000000000,5.04000,4.00000
,,,-131840000.00000000000,5.12000,4.04000
,,,-131800000.00000000000,5.12000,4.08000
,,,-131760000.00000000000,5.12000,4.08000
,,,-131720000.00000000000,5.08000,4.04000
,,,-131680000.00000000000,5.12000,4.08000
,,,-131640000.00000000000,5.12000,4.04000
,,,-131600000.00000000000,5.12000,4.04000
,,,-131560000.00000000000,5.12000,4.04000
,,,-131520000.00000000000,5.12000,4.04000
,,,-131480000.00000000000,5.12000,4.04000
,,,-131440000.00000000000,5.12000,4.04000
,,,-131400000.00000000000,5.12000,4.04000
,,,-131360000.00000000000,5.12000,4.12000
,,,-131320000.00000000000,5.16000,4.08000
,,,-131280000.00000000000,5.12000,4.08000
,,,-131240000.00000000000,5.16000,4.08000
,,,-131200000.00000000000,5.12000,4.04000
,,,-131160000.00000000000,5.12000,4.08000
,,,-131120000.00000000000,5.12000,4.08000
,,,-131080000.00000000000,5.12000,4.08000
,,,-131040000.00000000000,5.12000,4.04000
,,,-131000000.00000000000,5.12000,4.08000
,,,-130960000.00000000000,5.16000,4.04000
,,,-130920000.00000000000,5.08000,4.12000
,,,-130880000.00000000000,5.16000,4.04000
,,,-130840000.00000000000,5.08000,4.08000
,,,-130800000.00000000000,5.12000,4.12000
,,,-130760000.00000000000,5.08000,4.08000
,,,-130720000.00000000000,5.16000,4.08000
,,,-130680000.00000000000,5.12000,4.08000
,,,-130640000.00000000000,5.08000,4.12000
,,,-130600000.00000000000,5.12000,4.08000
,,,-130560000.00000000000,5.12000,4.08000
,,,-130520000.00000000000,5.12000,4.08000
,,,-130480000.00000000000,5.08000,4.08000
,,,-130440000.00000000000,5.16000,4.08000
,,,-130400000.00000000000,5.12000,4.08000
,,,-130360000.00000000000,5.12000,4.12000
,,,-130320000.00000000000,5.12000,4.08000
,,,-130280000.00000000000,5.12000,4.08000
,,,-130240000.00000000000,5.12000,4.08000
,,,-130200000.00000000000,5.12000,4.08000
,,,-130160000.00000000000,5.12000,4.08000
,,,-130120000.00000000000,5.12000,4.08000
,,,-130080000.00000000000,5.12000,4.08000
,,,-130040000.00000000000,5.12000,4.08000
,,,-130000000.00000000000,5.12000,4.08000
,,,-129960000.00000000000,5.08000,4.08000
,,,-129920000.00000000000,5.16000,4.08000
,,,-129880000.00000000000,5.12000,4.08000
,,,-129840000.00000000000,5.12000,4.08000
,,,-129800000.00000000000,5.08000,4.12000
,,,-129760000.00000000000,5.12000,4.08000
,,,-129720000.00000000000,5.12000,4.12000
,,,-129680000.00000000000,5.04000,4.08000
,,,-129640000.00000000000,5.16000,4.12000
,,,-129600000.00000000000,5.12000,4.16000
,,,-129560000.00000000000,5.12000,4.08000
,,,-129520000.00000000000,5.08000,4.12000
,,,-129480000.00000000000,5.16000,4.12000
,,,-129440000.00000000000,5.12000,4.12000
,,,-129400000.00000000000,5.08000,4.12000
,,,-129360000.00000000000,5.12000,4.12000
,,,-129320000.00000000000,5.16000,4.12000
,,,-129280000.00000000000,5.12000,4.12000
,,,-129240000.00000000000,5.12000,4.08000
,,,-129200000.00000000000,5.12000,4.12000
,,,-129160000.00000000000,5.04000,4.12000
,,,-129120000.00000000000,5.12000,4.12000
,,,-129080000.00000000000,5.12000,4.08000
,,,-129040000.00000000000,5.12000,4.12000
,,,-129000000.00000000000,5.12000,4.12000
,,,-128960000.00000000000,5.12000,4.16000
,,,-128920000.00000000000,5.12000,4.12000
,,,-128880000.00000000000,5.08000,4.12000
,,,-128840000.00000000000,5.12000,4.12000
,,,-128800000.00000000000,5.08000,4.16000
,,,-128760000.00000000000,5.12000,4.12000
,,,-128720000.00000000000,5.08000,4.12000
,,,-128680000.00000000000,5.12000,4.12000
,,,-128640000.00000000000,5.16000,4.12000
,,,-128600000.00000000000,5.16000,4.08000
,,,-128560000.00000000000,5.12000,4.12000
,,,-128520000.00000000000,5.12000,4.16000
,,,-128480000.00000000000,5.12000,4.16000
,,,-128440000.00000000000,5.04000,4.12000
,,,-128400000.00000000000,5.16000,4.12000
,,,-128360000.00000000000,5.12000,4.12000
,,,-128320000.00000000000,5.16000,4.12000
,,,-128280000.00000000000,5.12000,4.12000
,,,-128240000.00000000000,5.12000,4.12000
,,,-128200000.00000000000,5.16000,4.12000
,,,-128160000.00000000000,5.12000,4.16000
,,,-128120000.00000000000,5.16000,4.12000
,,,-128080000.00000000000,5.04000,4.12000
,,,-128040000.00000000000,5.04000,4.12000
,,,-128000000.00000000000,5.12000,4.12000
,,,-127960000.00000000000,5.12000,4.16000
,,,-127920000.00000000000,5.12000,4.12000
,,,-127880000.00000000000,5.12000,4.12000
,,,-127840000.00000000000,5.12000,4.12000
,,,-127800000.00000000000,5.12000,4.12000
,,,-127760000.00000000000,5.12000,4.12000
,,,-127720000.00000000000,5.12000,4.16000
,,,-127680000.00000000000,5.12000,4.16000
,,,-127640000.00000000000,5.08000,4.12000
,,,-127600000.00000000000,5.16000,4.12000
,,,-127560000.00000000000,5.12000,4.12000
,,,-127520000.00000000000,5.12000,4.12000
,,,-127480000.00000000000,5.12000,4.12000
,,,-127440000.00000000000,5.12000,4.12000
,,,-127400000.00000000000,5.12000,4.12000
,,,-127360000.00000000000,5.12000,4.12000
,,,-127320000.00000000000,5.16000,4.12000
,,,-127280000.00000000000,5.16000,4.12000
,,,-127240000.00000000000,5.12000,4.12000
,,,-127200000.00000000000,5.12000,4.12000
,,,-127160000.00000000000,5.12000,4.12000
,,,-127120000.00000000000,5.12000,4.12000
,,,-127080000.00000000000,5.16000,4.12000
,,,-127040000.00000000000,5.12000,4.16000
,,,-127000000.00000000000,5.16000,4.16000
,,,-126960000.00000000000,5.08000,4.12000
,,,-126920000.00000000000,5.12000,4.12000
,,,-126880000.00000000000,5.12000,4.12000
,,,-126840000.00000000000,5.12000,4.12000
,,,-126800000.00000000000,5.16000,4.16000
,,,-126760000.00000000000,5.08000,4.12000
,,,-126720000.00000000000,5.12000,4.12000
,,,-126680000.00000000000,5.04000,4.12000
,,,-126640000.00000000000,5.12000,4.16000
,,,-126600000.00000000000,5.08000,4.12000
,,,-126560000.00000000000,5.12000,4.12000
,,,-126520000.00000000000,5.16000,4.08000
,,,-126480000.00000000000,5.12000,4.12000
,,,-126440000.00000000000,5.12000,4.16000
,,,-126400000.00000000000,5.12000,4.16000
,,,-126360000.00000000000,5.16000,4.12000
,,,-126320000.00000000000,5.12000,4.12000
,,,-126280000.00000000000,5.16000,4.12000
,,,-126240000.00000000000,5.16000,4.16000
,,,-126200000.00000000000,5.16000,4.12000
,,,-126160000.00000000000,5.08000,4.12000
,,,-126120000.00000000000,5.08000,4.12000
,,,-126080000.00000000000,5.12000,4.12000
,,,-126040000.00000000000,5.12000,4.12000
,,,-126000000.00000000000,5.12000,4.12000
,,,-125960000.00000000000,5.12000,4.16000
,,,-125920000.00000000000,5.12000,4.16000
,,,-125880000.00000000000,5.08000,4.12000
,,,-125840000.00000000000,5.12000,4.12000
,,,-125800000.00000000000,5.12000,4.12000
,,,-125760000.00000000000,5.12000,4.12000
,,,-125720000.00000000000,5.12000,4.12000
,,,-125680000.00000000000,5.12000,4.16000
,,,-125640000.00000000000,5.12000,4.12000
,,,-125600000.00000000000,5.08000,4.16000
,,,-125560000.00000000000,5.12000,4.12000
,,,-125520000.00000000000,5.12000,4.12000
,,,-125480000.00000000000,5.12000,4.08000
,,,-125440000.00000000000,5.08000,4.12000
,,,-125400000.00000000000,5.16000,4.12000
,,,-125360000.00000000000,5.08000,4.12000
,,,-125320000.00000000000,5.12000,4.12000
,,,-125280000.00000000000,5.16000,4.12000
,,,-125240000.00000000000,5.12000,4.12000
,,,-125200000.00000000000,5.12000,4.12000
,,,-125160000.00000000000,5.04000,4.16000
,,,-125120000.00000000000,5.16000,4.16000
,,,-125080000.00000000000,5.12000,4.12000
,,,-125040000.00000000000,5.12000,4.12000
,,,-125000000.00000000000,5.12000,4.16000
,,,-124960000.00000000000,5.16000,4.16000
,,,-124920000.00000000000,5.12000,4.16000
,,,-124880000.00000000000,5.12000,4.16000
,,,-124840000.00000000000,5.16000,4.12000
,,,-124800000.00000000000,5.12000,4.12000
,,,-124760000.00000000000,5.12000,4.12000
,,,-124720000.00000000000,5.12000,4.16000
,,,-124680000.00000000000,5.12000,4.16000
,,,-124640000.00000000000,5.12000,4.16000
,,,-124600000.00000000000,5.12000,4.16000
,,,-124560000.00000000000,5.12000,4.12000
,,,-124520000.00000000000,5.12000,4.12000
,,,-124480000.00000000000,5.08000,4.12000
,,,-124440000.00000000000,5.12000,4.12000
,,,-124400000.00000000000,5.16000,4.12000
,,,-124360000.00000000000,5.12000,4.16000
,,,-124320000.00000000000,5.12000,4.12000
,,,-124280000.00000000000,5.12000,4.12000
,,,-124240000.00000000000,5.12000,4.12000
,,,-124200000.00000000000,5.12000,4.12000
,,,-124160000.00000000000,5.12000,4.16000
,,,-124120000.00000000000,5.12000,4.12000
,,,-124080000.00000000000,5.16000,4.16000
,,,-124040000.00000000000,5.16000,4.16000
,,,-124000000.00000000000,5.08000,4.12000
,,,-123960000.00000000000,5.12000,4.12000
,,,-123920000.00000000000,5.12000,4.16000
,,,-123880000.00000000000,5.16000,4.16000
,,,-123840000.00000000000,5.12000,4.12000
,,,-123800000.00000000000,5.08000,4.20000
,,,-123760000.00000000000,5.08000,4.12000
,,,-123720000.00000000000,5.08000,4.12000
,,,-123680000.00000000000,5.12000,4.12000
,,,-123640000.00000000000,5.08000,4.12000
,,,-123600000.00000000000,5.12000,4.12000
,,,-123560000.00000000000,5.12000,4.16000
,,,-123520000.00000000000,5.12000,4.12000
,,,-123480000.00000000000,5.08000,4.16000
,,,-123440000.00000000000,5.16000,4.16000
,,,-123400000.00000000000,5.12000,4.12000
,,,-123360000.00000000000,5.12000,4.12000
,,,-123320000.00000000000,5.12000,4.12000
,,,-123280000.00000000000,5.12000,4.12000
,,,-123240000.00000000000,5.16000,4.16000
,,,-123200000.00000000000,5.12000,4.12000
,,,-123160000.00000000000,5.20000,4.12000
,,,-123120000.00000000000,5.08000,4.16000
,,,-123080000.00000000000,5.16000,4.16000
,,,-123040000.00000000000,5.12000,4.12000
,,,-123000000.00000000000,5.16000,4.16000
,,,-122960000.00000000000,5.12000,4.12000
,,,-122920000.00000000000,5.12000,4.16000
,,,-122880000.00000000000,5.12000,4.12000
,,,-122840000.00000000000,5.08000,4.16000
,,,-122800000.00000000000,5.12000,4.12000
,,,-122760000.00000000000,5.12000,4.08000
,,,-122720000.00000000000,5.16000,4.12000
,,,-122680000.00000000000,5.04000,4.12000
,,,-122640000.00000000000,5.12000,4.12000
,,,-122600000.00000000000,5.12000,4.12000
,,,-122560000.00000000000,5.12000,4.12000
,,,-122520000.00000000000,5.12000,4.16000
,,,-122480000.00000000000,5.12000,4.16000
,,,-122440000.00000000000,5.16000,4.12000
,,,-122400000.00000000000,5.12000,4.12000
,,,-122360000.00000000000,5.16000,4.12000
,,,-122320000.00000000000,5.12000,4.16000
,,,-122280000.00000000000,5.12000,4.12000
,,,-122240000.00000000000,5.08000,4.12000
,,,-122200000.00000000000,5.08000,4.12000
,,,-122160000.00000000000,5.16000,4.08000
,,,-122120000.00000000000,5.12000,4.12000
,,,-122080000.00000000000,5.16000,4.12000
,,,-122040000.00000000000,5.16000,4.12000
,,,-122000000.00000000000,5.16000,4.16000
,,,-121960000.00000000000,5.16000,4.16000
,,,-121920000.00000000000,5.12000,4.12000
,,,-121880000.00000000000,5.08000,4.16000
,,,-121840000.00000000000,5.12000,4.12000
,,,-121800000.00000000000,5.12000,4.12000
,,,-121760000.00000000000,5.12000,4.16000
,,,-121720000.00000000000,5.12000,4.12000
,,,-121680000.00000000000,5.12000,4.12000
,,,-121640000.00000000000,5.12000,4.12000
,,,-121600000.00000000000,5.12000,4.12000
,,,-121560000.00000000000,5.16000,4.12000
,,,-121520000.00000000000,5.16000,4.16000
,,,-121480000.00000000000,5.16000,4.12000
,,,-121440000.00000000000,5.12000,4.16000
,,,-121400000.00000000000,5.16000,4.12000
,,,-121360000.00000000000,5.16000,4.16000
,,,-121320000.00000000000,5.08000,4.08000
,,,-121280000.00000000000,5.12000,4.12000
,,,-121240000.00000000000,5.12000,4.16000
,,,-121200000.00000000000,5.12000,4.12000
,,,-121160000.00000000000,5.12000,4.12000
,,,-121120000.00000000000,5.16000,4.12000
,,,-121080000.00000000000,5.12000,4.16000
,,,-121040000.00000000000,5.12000,4.12000
,,,-121000000.00000000000,5.08000,4.12000
,,,-120960000.00000000000,5.12000,4.12000
,,,-120920000.00000000000,5.08000,4.12000
,,,-120880000.00000000000,5.08000,4.12000
,,,-120840000.00000000000,5.12000,4.12000
,,,-120800000.00000000000,5.08000,4.12000
,,,-120760000.00000000000,5.12000,4.12000
,,,-120720000.00000000000,5.12000,4.12000
,,,-120680000.00000000000,5.12000,4.12000
,,,-120640000.00000000000,5.12000,4.12000
,,,-120600000.00000000000,5.12000,4.16000
,,,-120560000.00000000000,5.12000,4.12000
,,,-120520000.00000000000,5.12000,4.12000
,,,-120480000.00000000000,5.12000,4.12000
,,,-120440000.00000000000,5.12000,4.12000
,,,-120400000.00000000000,5.16000,4.12000
,,,-120360000.00000000000,5.12000,4.08000
,,,-120320000.00000000000,5.16000,4.12000
,,,-120280000.00000000000,5.12000,4.12000
,,,-120240000.00000000000,5.12000,4.12000
,,,-120200000.00000000000,5.08000,4.12000
,,,-120160000.00000000000,5.12000,4.12000
,,,-120120000.00000000000,5.12000,4.12000
,,,-120080000.00000000000,5.08000,4.12000
,,,-120040000.00000000000,5.08000,4.12000
,,,-120000000.00000000000,5.12000,4.12000
,,,-119960000.00000000000,5.12000,4.12000
,,,-119920000.00000000000,5.16000,4.08000
,,,-119880000.00000000000,5.16000,4.12000
,,,-119840000.00000000000,5.08000,4.12000
,,,-119800000.00000000000,5.12000,4.12000
,,,-119760000.00000000000,5.12000,4.08000
,,,-119720000.00000000000,5.12000,4.08000
,,,-119680000.00000000000,5.12000,4.08000
,,,-119640000.00000000000,5.08000,4.12000
,,,-119600000.00000000000,5.12000,4.12000
,,,-119560000.00000000000,5.12000,4.08000
,,,-119520000.00000000000,5.12000,4.04000
,,,-119480000.00000000000,5.12000,4.08000
,,,-119440000.00000000000,5.12000,4.12000
,,,-119400000.00000000000,5.12000,4.12000
,,,-119360000.00000000000,5.12000,4.12000
,,,-119320000.00000000000,5.12000,4.12000
,,,-119280000.00000000000,5.12000,4.12000
,,,-119240000.00000000000,5.16000,4.12000
,,,-119200000.00000000000,5.12000,4.12000
,,,-119160000.00000000000,5.12000,4.12000
,,,-119120000.00000000000,5.08000,4.12000
,,,-119080000.00000000000,5.16000,4.12000
,,,-119040000.00000000000,5.12000,4.08000
,,,-119000000.00000000000,5.12000,4.08000
,,,-118960000.00000000000,5.12000,4.08000
,,,-118920000.00000000000,5.08000,4.12000
,,,-118880000.00000000000,5.12000,4.12000
,,,-118840000.00000000000,5.12000,4.12000
,,,-118800000.00000000000,5.12000,4.08000
,,,-118760000.00000000000,5.08000,4.08000
,,,-118720000.00000000000,5.16000,4.12000
,,,-118680000.00000000000,5.12000,4.08000
,,,-118640000.00000000000,5.12000,4.12000
,,,-118600000.00000000000,5.12000,4.12000
,,,-118560000.00000000000,5.12000,4.12000
,,,-118520000.00000000000,5.16000,4.12000
,,,-118480000.00000000000,5.12000,4.12000
,,,-118440000.00000000000,5.16000,4.08000
,,,-118400000.00000000000,5.16000,4.12000
,,,-118360000.00000000000,5.12000,4.08000
,,,-118320000.00000000000,5.12000,4.12000
,,,-118280000.00000000000,5.12000,4.08000
,,,-118240000.00000000000,5.12000,4.12000
,,,-118200000.00000000000,5.12000,4.08000
,,,-118160000.00000000000,5.12000,4.12000
,,,-118120000.00000000000,5.16000,4.12000
,,,-118080000.00000000000,5.12000,4.08000
,,,-118040000.00000000000,5.12000,4.08000
,,,-118000000.00000000000,5.12000,4.12000
,,,-117960000.00000000000,5.08000,4.12000
,,,-117920000.00000000000,5.16000,4.08000
,,,-117880000.00000000000,5.12000,4.04000
,,,-117840000.00000000000,5.08000,4.12000
,,,-117800000.00000000000,5.16000,4.08000
,,,-117760000.00000000000,5.12000,4.08000
,,,-117720000.00000000000,5.12000,4.08000
,,,-117680000.00000000000,5.08000,4.08000
,,,-117640000.00000000000,5.12000,4.08000
,,,-117600000.00000000000,5.16000,4.08000
,,,-117560000.00000000000,5.16000,4.12000
,,,-117520000.00000000000,5.16000,4.12000
,,,-117480000.00000000000,5.12000,4.08000
,,,-117440000.00000000000,5.08000,4.08000
,,,-117400000.00000000000,5.12000,4.12000
,,,-117360000.00000000000,5.16000,4.08000
,,,-117320000.00000000000,5.12000,4.08000
,,,-117280000.00000000000,5.12000,4.08000
,,,-117240000.00000000000,5.12000,4.08000
,,,-117200000.00000000000,5.12000,4.12000
,,,-117160000.00000000000,5.12000,4.12000
,,,-117120000.00000000000,5.12000,4.08000
,,,-117080000.00000000000,5.16000,4.12000
,,,-117040000.00000000000,5.04000,4.08000
,,,-117000000.00000000000,5.12000,4.04000
,,,-116960000.00000000000,5.16000,4.08000
,,,-116920000.00000000000,5.12000,4.12000
,,,-116880000.00000000000,5.12000,4.04000
,,,-116840000.00000000000,5.12000,4.08000
,,,-116800000.00000000000,5.08000,4.08000
,,,-116760000.00000000000,5.12000,4.04000
,,,-116720000.00000000000,5.12000,4.12000
,,,-116680000.00000000000,5.08000,4.12000
,,,-116640000.00000000000,5.12000,4.08000
,,,-116600000.00000000000,5.12000,4.08000
,,,-116560000.00000000000,5.16000,4.08000
,,,-116520000.00000000000,5.08000,4.04000
,,,-116480000.00000000000,5.12000,4.04000
,,,-116440000.00000000000,5.12000,4.04000
,,,-116400000.00000000000,5.12000,4.08000
,,,-116360000.00000000000,5.16000,4.08000
,,,-116320000.00000000000,5.12000,4.08000
,,,-116280000.00000000000,5.12000,4.04000
,,,-116240000.00000000000,5.08000,4.08000
,,,-116200000.00000000000,5.16000,4.12000
,,,-116160000.00000000000,5.04000,4.04000
,,,-116120000.00000000000,5.12000,4.08000
,,,-116080000.00000000000,5.16000,4.08000
,,,-116040000.00000000000,5.16000,4.08000
,,,-116000000.00000000000,5.12000,4.04000
,,,-115960000.00000000000,5.12000,4.04000
,,,-115920000.00000000000,5.12000,4.04000
,,,-115880000.00000000000,5.12000,4.08000
,,,-115840000.00000000000,5.16000,4.04000
,,,-115800000.00000000000,5.12000,4.08000
,,,-115760000.00000000000,5.04000,4.08000
,,,-115720000.00000000000,5.12000,4.04000
,,,-115680000.00000000000,5.16000,4.08000
,,,-115640000.00000000000,5.12000,4.08000
,,,-115600000.00000000000,5.12000,4.04000
,,,-115560000.00000000000,5.12000,4.08000
,,,-115520000.00000000000,5.16000,4.04000
,,,-115480000.00000000000,5.12000,4.08000
,,,-115440000.00000000000,5.12000,4.04000
,,,-115400000.00000000000,5.12000,4.04000
,,,-115360000.00000000000,5.12000,4.08000
,,,-115320000.00000000000,5.12000,4.04000
,,,-115280000.00000000000,5.12000,4.04000
,,,-115240000.00000000000,5.12000,4.08000
,,,-115200000.00000000000,5.12000,4.08000
,,,-115160000.00000000000,5.04000,4.00000
,,,-115120000.00000000000,5.12000,4.08000
,,,-115080000.00000000000,5.12000,4.04000
,,,-115040000.00000000000,5.16000,4.04000
,,,-115000000.00000000000,5.08000,4.04000
,,,-114960000.00000000000,5.12000,4.04000
,,,-114920000.00000000000,5.12000,4.08000
,,,-114880000.00000000000,5.16000,4.08000
,,,-114840000.00000000000,5.12000,4.04000
,,,-114800000.00000000000,5.12000,4.04000
,,,-114760000.00000000000,5.12000,4.04000
,,,-114720000.00000000000,5.12000,4.00000
,,,-114680000.00000000000,5.08000,4.04000
,,,-114640000.00000000000,5.12000,4.00000
,,,-114600000.00000000000,5.12000,4.04000
,,,-114560000.00000000000,5.12000,4.00000
,,,-114520000.00000000000,5.12000,4.04000
,,,-114480000.00000000000,5.12000,4.04000
,,,-114440000.00000000000,5.12000,4.04000
,,,-114400000.00000000000,5.08000,4.04000
,,,-114360000.00000000000,5.12000,4.04000
,,,-114320000.00000000000,5.08000,4.04000
,,,-114280000.00000000000,5.12000,4.04000
,,,-114240000.00000000000,5.08000,4.04000
,,,-114200000.00000000000,5.16000,4.00000
,,,-114160000.00000000000,5.12000,4.04000
,,,-114120000.00000000000,5.12000,4.04000
,,,-114080000.00000000000,5.12000,4.04000
,,,-114040000.00000000000,5.12000,4.04000
,,,-114000000.00000000000,5.12000,4.04000
,,,-113960000.00000000000,5.16000,4.04000
,,,-113920000.00000000000,5.12000,3.96000
,,,-113880000.00000000000,5.08000,4.00000
,,,-113840000.00000000000,5.08000,4.00000
,,,-113800000.00000000000,5.16000,4.04000
,,,-113760000.00000000000,5.08000,4.04000
,,,-113720000.00000000000,5.08000,4.04000
,,,-113680000.00000000000,5.12000,4.04000
,,,-113640000.00000000000,5.12000,4.04000
,,,-113600000.00000000000,5.12000,4.00000
,,,-113560000.00000000000,5.12000,4.04000
,,,-113520000.00000000000,5.12000,4.00000
,,,-113480000.00000000000,5.08000,4.04000
,,,-113440000.00000000000,5.12000,4.00000
,,,-113400000.00000000000,5.16000,4.00000
,,,-113360000.00000000000,5.12000,4.00000
,,,-113320000.00000000000,5.08000,4.00000
,,,-113280000.00000000000,5.12000,4.04000
,,,-113240000.00000000000,5.12000,4.04000
,,,-113200000.00000000000,5.16000,4.04000
,,,-113160000.00000000000,5.12000,4.00000
,,,-113120000.00000000000,5.16000,4.04000
,,,-113080000.00000000000,5.08000,4.00000
,,,-113040000.00000000000,5.12000,4.04000
,,,-113000000.00000000000,5.08000,4.00000
,,,-112960000.00000000000,5.12000,4.00000
,,,-112920000.00000000000,5.12000,4.04000
,,,-112880000.00000000000,5.12000,4.04000
,,,-112840000.00000000000,5.12000,3.96000
,,,-112800000.00000000000,5.12000,4.00000
,,,-112760000.00000000000,5.08000,4.00000
,,,-112720000.00000000000,5.12000,4.00000
,,,-112680000.00000000000,5.12000,4.00000
,,,-112640000.00000000000,5.12000,4.00000
,,,-112600000.00000000000,5.12000,4.00000
,,,-112560000.00000000000,5.12000,4.00000
,,,-112520000.00000000000,5.12000,4.00000
,,,-112480000.00000000000,5.12000,4.00000
,,,-112440000.00000000000,5.12000,4.00000
,,,-112400000.00000000000,5.12000,4.00000
,,,-112360000.00000000000,5.16000,4.00000
,,,-112320000.00000000000,5.08000,4.00000
,,,-112280000.00000000000,5.12000,4.00000
,,,-112240000.00000000000,5.08000,4.00000
,,,-112200000.00000000000,5.16000,4.04000
,,,-112160000.00000000000,5.12000,4.00000
,,,-112120000.00000000000,5.16000,4.00000
,,,-112080000.00000000000,5.08000,4.04000
,,,-112040000.00000000000,5.08000,4.04000
,,,-112000000.00000000000,5.08000,4.00000
,,,-111960000.00000000000,5.12000,4.00000
,,,-111920000.00000000000,5.08000,4.00000
,,,-111880000.00000000000,5.12000,4.00000
,,,-111840000.00000000000,5.12000,4.04000
,,,-111800000.00000000000,5.12000,4.04000
,,,-111760000.00000000000,5.08000,3.96000
,,,-111720000.00000000000,5.08000,4.00000
,,,-111680000.00000000000,5.08000,4.00000
,,,-111640000.00000000000,5.12000,4.00000
,,,-111600000.00000000000,5.12000,4.00000
,,,-111560000.00000000000,5.12000,4.00000
,,,-111520000.00000000000,5.08000,4.00000
,,,-111480000.00000000000,5.12000,4.04000
,,,-111440000.00000000000,5.12000,4.00000
,,,-111400000.00000000000,5.12000,4.00000
,,,-111360000.00000000000,5.16000,3.96000
,,,-111320000.00000000000,5.12000,4.00000
,,,-111280000.00000000000,5.12000,3.96000
,,,-111240000.00000000000,5.12000,3.96000
,,,-111200000.00000000000,5.12000,4.04000
,,,-111160000.00000000000,5.12000,4.04000
,,,-111120000.00000000000,5.12000,4.04000
,,,-111080000.00000000000,5.08000,4.00000
,,,-111040000.00000000000,5.16000,3.96000
,,,-111000000.00000000000,5.12000,4.00000
,,,-110960000.00000000000,5.12000,4.00000
,,,-110920000.00000000000,5.04000,4.00000
,,,-110880000.00000000000,5.12000,4.04000
,,,-110840000.00000000000,5.08000,4.00000
,,,-110800000.00000000000,5.12000,4.00000
,,,-110760000.00000000000,5.08000,4.00000
,,,-110720000.00000000000,5.12000,4.00000
,,,-110680000.00000000000,5.12000,4.00000
,,,-110640000.00000000000,5.20000,3.92000
,,,-110600000.00000000000,5.12000,3.96000
,,,-110560000.00000000000,5.12000,4.00000
,,,-110520000.00000000000,5.08000,3.96000
,,,-110480000.00000000000,5.16000,4.00000
,,,-110440000.00000000000,5.12000,4.00000
,,,-110400000.00000000000,5.12000,4.00000
,,,-110360000.00000000000,5.08000,4.00000
,,,-110320000.00000000000,5.12000,3.96000
,,,-110280000.00000000000,5.12000,3.96000
,,,-110240000.00000000000,5.08000,3.96000
,,,-110200000.00000000000,5.12000,3.96000
,,,-110160000.00000000000,5.08000,3.96000
,,,-110120000.00000000000,5.12000,3.96000
,,,-110080000.00000000000,5.12000,3.92000
,,,-110040000.00000000000,5.12000,3.92000
,,,-110000000.00000000000,5.12000,4.00000
,,,-109960000.00000000000,5.12000,3.96000
,,,-109920000.00000000000,5.12000,4.00000
,,,-109880000.00000000000,5.12000,3.96000
,,,-109840000.00000000000,5.08000,3.96000
,,,-109800000.00000000000,5.12000,4.00000
,,,-109760000.00000000000,5.04000,4.00000
,,,-109720000.00000000000,5.12000,3.96000
,,,-109680000.00000000000,5.08000,4.00000
,,,-109640000.00000000000,5.12000,4.00000
,,,-109600000.00000000000,5.04000,3.96000
,,,-109560000.00000000000,5.16000,3.96000
,,,-109520000.00000000000,5.08000,4.00000
,,,-109480000.00000000000,5.12000,3.96000
,,,-109440000.00000000000,5.12000,4.00000
,,,-109400000.00000000000,5.08000,4.00000
,,,-109360000.00000000000,5.16000,3.96000
,,,-109320000.00000000000,5.16000,3.96000
,,,-109280000.00000000000,5.16000,4.00000
,,,-109240000.00000000000,5.12000,3.96000
,,,-109200000.00000000000,5.12000,4.00000
,,,-109160000.00000000000,5.12000,3.96000
,,,-109120000.00000000000,5.12000,3.96000
,,,-109080000.00000000000,5.16000,3.96000
,,,-109040000.00000000000,5.12000,4.00000
,,,-109000000.00000000000,5.12000,3.92000
,,,-108960000.00000000000,5.12000,3.96000
,,,-108920000.00000000000,5.12000,3.96000
,,,-108880000.00000000000,5.12000,3.96000
,,,-108840000.00000000000,5.20000,3.96000
,,,-108800000.00000000000,5.08000,3.96000
,,,-108760000.00000000000,5.12000,3.96000
,,,-108720000.00000000000,5.12000,3.96000
,,,-108680000.00000000000,5.12000,4.00000
,,,-108640000.00000000000,5.16000,3.96000
,,,-108600000.00000000000,5.08000,3.96000
,,,-108560000.00000000000,5.12000,3.96000
,,,-108520000.00000000000,5.12000,3.96000
,,,-108480000.00000000000,5.12000,3.96000
,,,-108440000.00000000000,5.08000,3.96000
,,,-108400000.00000000000,5.16000,4.00000
,,,-108360000.00000000000,5.12000,3.96000
,,,-108320000.00000000000,5.12000,3.96000
,,,-108280000.00000000000,5.12000,3.96000
,,,-108240000.00000000000,5.12000,3.96000
,,,-108200000.00000000000,5.08000,3.96000
,,,-108160000.00000000000,5.12000,3.92000
,,,-108120000.00000000000,5.04000,3.96000
,,,-108080000.00000000000,5.08000,3.96000
,,,-108040000.00000000000,5.08000,3.96000
,,,-108000000.00000000000,5.12000,3.96000
,,,-107960000.00000000000,5.04000,3.96000
,,,-107920000.00000000000,5.12000,3.96000
,,,-107880000.00000000000,5.08000,3.96000
,,,-107840000.00000000000,5.12000,3.96000
,,,-107800000.00000000000,5.08000,3.96000
,,,-107760000.00000000000,5.12000,3.96000
,,,-107720000.00000000000,5.12000,3.92000
,,,-107680000.00000000000,5.12000,3.96000
,,,-107640000.00000000000,5.08000,3.96000
,,,-107600000.00000000000,5.16000,3.92000
,,,-107560000.00000000000,5.12000,3.92000
,,,-107520000.00000000000,5.12000,3.96000
,,,-107480000.00000000000,5.16000,3.96000
,,,-107440000.00000000000,5.12000,3.92000
,,,-107400000.00000000000,5.12000,3.96000
,,,-107360000.00000000000,5.08000,3.96000
,,,-107320000.00000000000,5.20000,3.96000
,,,-107280000.00000000000,5.12000,3.96000
,,,-107240000.00000000000,5.12000,3.92000
,,,-107200000.00000000000,5.12000,3.96000
,,,-107160000.00000000000,5.16000,3.96000
,,,-107120000.00000000000,5.08000,3.96000
,,,-107080000.00000000000,5.12000,3.92000
,,,-107040000.00000000000,5.12000,3.96000
,,,-107000000.00000000000,5.12000,3.96000
,,,-106960000.00000000000,5.12000,3.96000
,,,-106920000.00000000000,5.16000,3.96000
,,,-106880000.00000000000,5.12000,3.92000
,,,-106840000.00000000000,5.16000,3.92000
,,,-106800000.00000000000,5.08000,3.96000
,,,-106760000.00000000000,5.16000,3.92000
,,,-106720000.00000000000,5.12000,3.92000
,,,-106680000.00000000000,5.16000,3.96000
,,,-106640000.00000000000,5.04000,3.96000
,,,-106600000.00000000000,5.12000,3.92000
,,,-106560000.00000000000,5.08000,3.92000
,,,-106520000.00000000000,5.12000,3.96000
,,,-106480000.00000000000,5.12000,3.92000
,,,-106440000.00000000000,5.12000,3.96000
,,,-106400000.00000000000,5.12000,3.96000
,,,-106360000.00000000000,5.12000,3.88000
,,,-106320000.00000000000,5.08000,3.92000
,,,-106280000.00000000000,5.12000,3.96000
,,,-106240000.00000000000,5.12000,3.88000
,,,-106200000.00000000000,5.12000,3.96000
,,,-106160000.00000000000,5.16000,3.92000
,,,-106120000.00000000000,5.12000,3.96000
,,,-106080000.00000000000,5.16000,3.92000
,,,-106040000.00000000000,5.16000,3.92000
,,,-106000000.00000000000,5.12000,3.96000
,,,-105960000.00000000000,5.08000,3.92000
,,,-105920000.00000000000,5.12000,3.92000
,,,-105880000.00000000000,5.12000,3.88000
,,,-105840000.00000000000,5.16000,3.92000
,,,-105800000.00000000000,5.08000,3.92000
,,,-105760000.00000000000,5.12000,3.92000
,,,-105720000.00000000000,5.12000,3.92000
,,,-105680000.00000000000,5.12000,3.88000
,,,-105640000.00000000000,5.08000,3.92000
,,,-105600000.00000000000,5.16000,3.88000
,,,-105560000.00000000000,5.08000,3.96000
,,,-105520000.00000000000,5.12000,3.92000
,,,-105480000.00000000000,5.08000,3.88000
,,,-105440000.00000000000,5.12000,3.92000
,,,-105400000.00000000000,5.12000,3.92000
,,,-105360000.00000000000,5.12000,3.92000
,,,-105320000.00000000000,5.12000,3.92000
,,,-105280000.00000000000,5.16000,3.92000
,,,-105240000.00000000000,5.12000,3.92000
,,,-105200000.00000000000,5.12000,3.96000
,,,-105160000.00000000000,5.08000,3.88000
,,,-105120000.00000000000,5.12000,3.92000
,,,-105080000.00000000000,5.12000,3.88000
,,,-105040000.00000000000,5.16000,3.88000
,,,-105000000.00000000000,5.12000,3.88000
,,,-104960000.00000000000,5.16000,3.92000
,,,-104920000.00000000000,5.08000,3.88000
,,,-104880000.00000000000,5.12000,3.88000
,,,-104840000.00000000000,5.12000,3.84000
,,,-104800000.00000000000,5.12000,3.88000
,,,-104760000.00000000000,5.12000,3.88000
,,,-104720000.00000000000,5.16000,3.88000
,,,-104680000.00000000000,5.04000,3.92000
,,,-104640000.00000000000,5.12000,3.88000
,,,-104600000.00000000000,5.12000,3.88000
,,,-104560000.00000000000,5.12000,3.92000
,,,-104520000.00000000000,5.16000,3.88000
,,,-104480000.00000000000,5.08000,3.88000
,,,-104440000.00000000000,5.12000,3.88000
,,,-104400000.00000000000,5.12000,3.92000
,,,-104360000.00000000000,5.12000,3.88000
,,,-104320000.00000000000,5.08000,3.88000
,,,-104280000.00000000000,5.12000,3.96000
,,,-104240000.00000000000,5.12000,3.88000
,,,-104200000.00000000000,5.16000,3.92000
,,,-104160000.00000000000,5.08000,3.92000
,,,-104120000.00000000000,5.12000,3.92000
,,,-104080000.00000000000,5.16000,3.88000
,,,-104040000.00000000000,5.16000,3.88000
,,,-104000000.00000000000,5.12000,3.88000
,,,-103960000.00000000000,5.12000,3.88000
,,,-103920000.00000000000,5.08000,3.88000
,,,-103880000.00000000000,5.12000,3.88000
,,,-103840000.00000000000,5.12000,3.92000
,,,-103800000.00000000000,5.12000,3.92000
,,,-103760000.00000000000,5.12000,3.88000
,,,-103720000.00000000000,5.12000,3.88000
,,,-103680000.00000000000,5.04000,3.88000
,,,-103640000.00000000000,5.12000,3.88000
,,,-103600000.00000000000,5.12000,3.84000
,,,-103560000.00000000000,5.12000,3.88000
,,,-103520000.00000000000,5.16000,3.88000
,,,-103480000.00000000000,5.12000,3.88000
,,,-103440000.00000000000,5.16000,3.88000
,,,-103400000.00000000000,5.12000,3.92000
,,,-103360000.00000000000,5.12000,3.88000
,,,-103320000.00000000000,5.12000,3.84000
,,,-103280000.00000000000,5.12000,3.88000
,,,-103240000.00000000000,5.12000,3.84000
,,,-103200000.00000000000,5.16000,3.88000
,,,-103160000.00000000000,5.12000,3.88000
,,,-103120000.00000000000,5.12000,3.88000
,,,-103080000.00000000000,5.16000,3.88000
,,,-103040000.00000000000,5.12000,3.88000
,,,-103000000.00000000000,5.08000,3.92000
,,,-102960000.00000000000,5.04000,3.88000
,,,-102920000.00000000000,5.08000,3.88000
,,,-102880000.00000000000,5.12000,3.84000
,,,-102840000.00000000000,5.12000,3.88000
,,,-102800000.00000000000,5.12000,3.88000
,,,-102760000.00000000000,5.12000,3.88000
,,,-102720000.00000000000,5.08000,3.84000
,,,-102680000.00000000000,5.04000,3.88000
,,,-102640000.00000000000,5.12000,3.88000
,,,-102600000.00000000000,5.12000,3.84000
,,,-102560000.00000000000,5.12000,3.88000
,,,-102520000.00000000000,5.08000,3.88000
,,,-102480000.00000000000,5.12000,3.92000
,,,-102440000.00000000000,5.12000,3.84000
,,,-102400000.00000000000,5.12000,3.88000
,,,-102360000.00000000000,5.12000,3.88000
,,,-102320000.00000000000,5.16000,3.92000
,,,-102280000.00000000000,5.16000,3.88000
,,,-102240000.00000000000,5.08000,3.88000
,,,-102200000.00000000000,5.12000,3.88000
,,,-102160000.00000000000,5.12000,3.88000
,,,-102120000.00000000000,5.12000,3.88000
,,,-102080000.00000000000,5.12000,3.84000
,,,-102040000.00000000000,5.12000,3.84000
,,,-102000000.00000000000,5.08000,3.88000
,,,-101960000.00000000000,5.12000,3.92000
,,,-101920000.00000000000,5.12000,3.92000
,,,-101880000.00000000000,5.08000,3.88000
,,,-101840000.00000000000,5.12000,3.84000
,,,-101800000.00000000000,5.12000,3.84000
,,,-101760000.00000000000,5.12000,3.88000
,,,-101720000.00000000000,5.08000,3.88000
,,,-101680000.00000000000,5.12000,3.88000
,,,-101640000.00000000000,5.12000,3.88000
,,,-101600000.00000000000,5.12000,3.84000
,,,-101560000.00000000000,5.12000,3.88000
,,,-101520000.00000000000,5.12000,3.88000
,,,-101480000.00000000000,5.12000,3.88000
,,,-101440000.00000000000,5.12000,3.88000
,,,-101400000.00000000000,5.12000,3.88000
,,,-101360000.00000000000,5.08000,3.88000
,,,-101320000.00000000000,5.12000,3.84000
,,,-101280000.00000000000,5.12000,3.88000
,,,-101240000.00000000000,5.12000,3.88000
,,,-101200000.00000000000,5.16000,3.84000
,,,-101160000.00000000000,5.16000,3.88000
,,,-101120000.00000000000,5.12000,3.84000
,,,-101080000.00000000000,5.12000,3.88000
,,,-101040000.00000000000,5.12000,3.84000
,,,-101000000.00000000000,5.08000,3.88000
,,,-100960000.00000000000,5.08000,3.84000
,,,-100920000.00000000000,5.12000,3.84000
,,,-100880000.00000000000,5.08000,3.84000
,,,-100840000.00000000000,5.08000,3.84000
,,,-100800000.00000000000,5.12000,3.84000
,,,-100760000.00000000000,5.12000,3.84000
,,,-100720000.00000000000,5.12000,3.84000
,,,-100680000.00000000000,5.12000,3.88000
,,,-100640000.00000000000,5.04000,3.84000
,,,-100600000.00000000000,5.12000,3.88000
,,,-100560000.00000000000,5.12000,3.84000
,,,-100520000.00000000000,5.16000,3.84000
,,,-100480000.00000000000,5.12000,3.88000
,,,-100440000.00000000000,5.16000,3.88000
,,,-100400000.00000000000,5.16000,3.88000
,,,-100360000.00000000000,5.12000,3.88000
,,,-100320000.00000000000,5.12000,3.84000
,,,-100280000.00000000000,5.16000,3.84000
,,,-100240000.00000000000,5.12000,3.88000
,,,-100200000.00000000000,5.12000,3.88000
,,,-100160000.00000000000,5.12000,3.84000
,,,-100120000.00000000000,5.12000,3.88000
,,,-100080000.00000000000,5.12000,3.88000
,,,-100040000.00000000000,5.12000,3.88000
,,,-100000000.00000000000,5.12000,3.88000
,,,-99960000.00000000000,5.12000,3.84000
,,,-99920000.00000000000,5.16000,3.84000
,,,-99880000.00000000000,5.12000,3.84000
,,,-99840000.00000000000,5.12000,3.80000
,,,-99800000.00000000000,5.08000,3.88000
,,,-99760000.00000000000,5.12000,3.88000
,,,-99720000.00000000000,5.12000,3.88000
,,,-99680000.00000000000,5.12000,3.84000
,,,-99640000.00000000000,5.08000,3.84000
,,,-99600000.00000000000,5.16000,3.84000
,,,-99560000.00000000000,5.08000,3.84000
,,,-99520000.00000000000,5.12000,3.88000
,,,-99480000.00000000000,5.16000,3.88000
,,,-99440000.00000000000,5.12000,3.84000
,,,-99400000.00000000000,5.12000,3.80000
,,,-99360000.00000000000,5.08000,3.84000
,,,-99320000.00000000000,5.12000,3.84000
,,,-99280000.00000000000,5.12000,3.84000
,,,-99240000.00000000000,5.16000,3.84000
,,,-99200000.00000000000,5.12000,3.84000
,,,-99160000.00000000000,5.12000,3.84000
,,,-99120000.00000000000,5.12000,3.84000
,,,-99080000.00000000000,5.12000,3.88000
,,,-99040000.00000000000,5.12000,3.88000
,,,-99000000.00000000000,5.12000,3.84000
,,,-98960000.00000000000,5.12000,3.88000
,,,-98920000.00000000000,5.04000,3.84000
,,,-98880000.00000000000,5.12000,3.84000
,,,-98840000.00000000000,5.16000,3.84000
,,,-98800000.00000000000,5.12000,3.88000
,,,-98760000.00000000000,5.12000,3.88000
,,,-98720000.00000000000,5.08000,3.84000
,,,-98680000.00000000000,5.12000,3.84000
,,,-98640000.00000000000,5.12000,3.84000
,,,-98600000.00000000000,5.12000,3.84000
,,,-98560000.00000000000,5.12000,3.84000
,,,-98520000.00000000000,5.12000,3.84000
,,,-98480000.00000000000,5.12000,3.88000
,,,-98440000.00000000000,5.12000,3.84000
,,,-98400000.00000000000,5.16000,3.84000
,,,-98360000.00000000000,5.04000,3.84000
,,,-98320000.00000000000,5.12000,3.80000
,,,-98280000.00000000000,5.08000,3.84000
,,,-98240000.00000000000,5.12000,3.84000
,,,-98200000.00000000000,5.12000,3.88000
,,,-98160000.00000000000,5.12000,3.84000
,,,-98120000.00000000000,5.12000,3.84000
,,,-98080000.00000000000,5.12000,3.84000
,,,-98040000.00000000000,5.12000,3.84000
,,,-98000000.00000000000,5.04000,3.84000
,,,-97960000.00000000000,5.16000,3.88000
,,,-97920000.00000000000,5.08000,3.84000
,,,-97880000.00000000000,5.12000,3.84000
,,,-97840000.00000000000,5.12000,3.84000
,,,-97800000.00000000000,5.08000,3.84000
,,,-97760000.00000000000,5.08000,3.84000
,,,-97720000.00000000000,5.12000,3.84000
,,,-97680000.00000000000,5.16000,3.84000
,,,-97640000.00000000000,5.08000,3.80000
,,,-97600000.00000000000,5.12000,3.84000
,,,-97560000.00000000000,5.12000,3.84000
,,,-97520000.00000000000,5.12000,3.84000
,,,-97480000.00000000000,5.08000,3.84000
,,,-97440000.00000000000,5.08000,3.84000
,,,-97400000.00000000000,5.12000,3.84000
,,,-97360000.00000000000,5.08000,3.84000
,,,-97320000.00000000000,5.12000,3.88000
,,,-97280000.00000000000,5.12000,3.84000
,,,-97240000.00000000000,5.12000,3.84000
,,,-97200000.00000000000,5.16000,3.84000
,,,-97160000.00000000000,5.12000,3.88000
,,,-97120000.00000000000,5.12000,3.88000
,,,-97080000.00000000000,5.12000,3.88000
,,,-97040000.00000000000,5.12000,3.84000
,,,-97000000.00000000000,5.08000,3.84000
,,,-96960000.00000000000,5.16000,3.84000
,,,-96920000.00000000000,5.08000,3.84000
,,,-96880000.00000000000,5.12000,3.88000
,,,-96840000.00000000000,5.12000,3.84000
,,,-96800000.00000000000,5.12000,3.84000
,,,-96760000.00000000000,5.12000,3.84000
,,,-96720000.00000000000,5.08000,3.84000
,,,-96680000.00000000000,5.16000,3.84000
,,,-96640000.00000000000,5.12000,3.80000
,,,-96600000.00000000000,5.04000,3.84000
,,,-96560000.00000000000,5.12000,3.84000
,,,-96520000.00000000000,5.16000,3.84000
,,,-96480000.00000000000,5.12000,3.84000
,,,-96440000.00000000000,5.12000,3.88000
,,,-96400000.00000000000,5.12000,3.84000
,,,-96360000.00000000000,5.08000,3.88000
,,,-96320000.00000000000,5.16000,3.80000
,,,-96280000.00000000000,5.12000,3.84000
,,,-96240000.00000000000,5.12000,3.80000
,,,-96200000.00000000000,5.12000,3.80000
,,,-96160000.00000000000,5.12000,3.84000
,,,-96120000.00000000000,5.12000,3.84000
,,,-96080000.00000000000,5.12000,3.84000
,,,-96040000.00000000000,5.12000,3.84000
,,,-96000000.00000000000,5.08000,3.84000
,,,-95960000.00000000000,5.16000,3.88000
,,,-95920000.00000000000,5.16000,3.84000
,,,-95880000.00000000000,5.12000,3.84000
,,,-95840000.00000000000,5.12000,3.84000
,,,-95800000.00000000000,5.12000,3.84000
,,,-95760000.00000000000,5.12000,3.88000
,,,-95720000.00000000000,5.08000,3.84000
,,,-95680000.00000000000,5.12000,3.84000
,,,-95640000.00000000000,5.12000,3.80000
,,,-95600000.00000000000,5.08000,3.84000
,,,-95560000.00000000000,5.12000,3.84000
,,,-95520000.00000000000,5.16000,3.84000
,,,-95480000.00000000000,5.12000,3.84000
,,,-95440000.00000000000,5.08000,3.84000
,,,-95400000.00000000000,5.12000,3.84000
,,,-95360000.00000000000,5.08000,3.84000
,,,-95320000.00000000000,5.20000,3.88000
,,,-95280000.00000000000,5.12000,3.84000
,,,-95240000.00000000000,5.12000,3.84000
,,,-95200000.00000000000,5.12000,3.84000
,,,-95160000.00000000000,5.16000,3.84000
,,,-95120000.00000000000,5.12000,3.84000
,,,-95080000.00000000000,5.12000,3.84000
,,,-95040000.00000000000,5.12000,3.84000
,,,-95000000.00000000000,5.12000,3.84000
,,,-94960000.00000000000,5.12000,3.84000
,,,-94920000.00000000000,5.12000,3.84000
,,,-94880000.00000000000,5.12000,3.84000
,,,-94840000.00000000000,5.16000,3.84000
,,,-94800000.00000000000,5.08000,3.88000
,,,-94760000.00000000000,5.08000,3.84000
,,,-94720000.00000000000,5.08000,3.84000
,,,-94680000.00000000000,5.12000,3.84000
,,,-94640000.00000000000,5.12000,3.80000
,,,-94600000.00000000000,5.12000,3.84000
,,,-94560000.00000000000,5.08000,3.84000
,,,-94520000.00000000000,5.12000,3.84000
,,,-94480000.00000000000,5.12000,3.80000
,,,-94440000.00000000000,5.12000,3.80000
,,,-94400000.00000000000,5.12000,3.80000
,,,-94360000.00000000000,5.08000,3.84000
,,,-94320000.00000000000,5.12000,3.84000
,,,-94280000.00000000000,5.12000,3.80000
,,,-94240000.00000000000,5.12000,3.84000
,,,-94200000.00000000000,5.12000,3.84000
,,,-94160000.00000000000,5.12000,3.88000
,,,-94120000.00000000000,5.12000,3.84000
,,,-94080000.00000000000,5.12000,3.84000
,,,-94040000.00000000000,5.12000,3.84000
,,,-94000000.00000000000,5.12000,3.84000
,,,-93960000.00000000000,5.12000,3.84000
,,,-93920000.00000000000,5.16000,3.84000
,,,-93880000.00000000000,5.12000,3.80000
,,,-93840000.00000000000,5.12000,3.84000
,,,-93800000.00000000000,5.12000,3.84000
,,,-93760000.00000000000,5.12000,3.84000
,,,-93720000.00000000000,5.12000,3.84000
,,,-93680000.00000000000,5.12000,3.80000
,,,-93640000.00000000000,5.12000,3.80000
,,,-93600000.00000000000,5.12000,3.84000
,,,-93560000.00000000000,5.12000,3.84000
,,,-93520000.00000000000,5.12000,3.84000
,,,-93480000.00000000000,5.12000,3.88000
,,,-93440000.00000000000,5.12000,3.84000
,,,-93400000.00000000000,5.12000,3.80000
,,,-93360000.00000000000,5.12000,3.80000
,,,-93320000.00000000000,5.16000,3.80000
,,,-93280000.00000000000,5.12000,3.80000
,,,-93240000.00000000000,5.16000,3.84000
,,,-93200000.00000000000,5.16000,3.80000
,,,-93160000.00000000000,5.16000,3.84000
,,,-93120000.00000000000,5.16000,3.88000
,,,-93080000.00000000000,5.16000,3.84000
,,,-93040000.00000000000,5.12000,3.84000
,,,-93000000.00000000000,5.08000,3.84000
,,,-92960000.00000000000,5.12000,3.84000
,,,-92920000.00000000000,5.12000,3.84000
,,,-92880000.00000000000,5.04000,3.84000
,,,-92840000.00000000000,5.12000,3.84000
,,,-92800000.00000000000,5.12000,3.88000
,,,-92760000.00000000000,5.12000,3.84000
,,,-92720000.00000000000,5.12000,3.80000
,,,-92680000.00000000000,5.12000,3.80000
,,,-92640000.00000000000,5.08000,3.84000
,,,-92600000.00000000000,5.08000,3.84000
,,,-92560000.00000000000,5.12000,3.80000
,,,-92520000.00000000000,5.12000,3.84000
,,,-92480000.00000000000,5.16000,3.84000
,,,-92440000.00000000000,5.12000,3.84000
,,,-92400000.00000000000,5.16000,3.84000
,,,-92360000.00000000000,5.12000,3.80000
,,,-92320000.00000000000,5.12000,3.84000
,,,-92280000.00000000000,5.12000,3.84000
,,,-92240000.00000000000,5.08000,3.84000
,,,-92200000.00000000000,5.12000,3.84000
,,,-92160000.00000000000,5.08000,3.80000
,,,-92120000.00000000000,5.12000,3.84000
,,,-92080000.00000000000,5.12000,3.84000
,,,-92040000.00000000000,5.12000,3.84000
,,,-92000000.00000000000,5.12000,3.80000
,,,-91960000.00000000000,5.12000,3.84000
,,,-91920000.00000000000,5.12000,3.80000
,,,-91880000.00000000000,5.12000,3.84000
,,,-91840000.00000000000,5.12000,3.80000
,,,-91800000.00000000000,5.04000,3.84000
,,,-91760000.00000000000,5.12000,3.84000
,,,-91720000.00000000000,5.12000,3.84000
,,,-91680000.00000000000,5.16000,3.84000
,,,-91640000.00000000000,5.16000,3.84000
,,,-91600000.00000000000,5.12000,3.84000
,,,-91560000.00000000000,5.12000,3.80000
,,,-91520000.00000000000,5.08000,3.80000
,,,-91480000.00000000000,5.12000,3.84000
,,,-91440000.00000000000,5.08000,3.84000
,,,-91400000.00000000000,5.12000,3.84000
,,,-91360000.00000000000,5.12000,3.84000
,,,-91320000.00000000000,5.12000,3.80000
,,,-91280000.00000000000,5.12000,3.84000
,,,-91240000.00000000000,5.12000,3.80000
,,,-91200000.00000000000,5.12000,3.84000
,,,-91160000.00000000000,5.16000,3.84000
,,,-91120000.00000000000,5.20000,3.84000
,,,-91080000.00000000000,5.12000,3.80000
,,,-91040000.00000000000,5.12000,3.84000
,,,-91000000.00000000000,5.16000,3.80000
,,,-90960000.00000000000,5.12000,3.88000
,,,-90920000.00000000000,5.12000,3.84000
,,,-90880000.00000000000,5.12000,3.80000
,,,-90840000.00000000000,5.12000,3.84000
,,,-90800000.00000000000,5.08000,3.84000
,,,-90760000.00000000000,5.16000,3.84000
,,,-90720000.00000000000,5.12000,3.80000
,,,-90680000.00000000000,5.12000,3.80000
,,,-90640000.00000000000,5.16000,3.80000
,,,-90600000.00000000000,5.08000,3.84000
,,,-90560000.00000000000,5.12000,3.84000
,,,-90520000.00000000000,5.12000,3.80000
,,,-90480000.00000000000,5.12000,3.84000
,,,-90440000.00000000000,5.12000,3.80000
,,,-90400000.00000000000,5.12000,3.80000
,,,-90360000.00000000000,5.16000,3.88000
,,,-90320000.00000000000,5.08000,3.80000
,,,-90280000.00000000000,5.16000,3.84000
,,,-90240000.00000000000,5.12000,3.84000
,,,-90200000.00000000000,5.12000,3.84000
,,,-90160000.00000000000,5.12000,3.84000
,,,-90120000.00000000000,5.12000,3.84000
,,,-90080000.00000000000,5.16000,3.88000
,,,-90040000.00000000000,5.16000,3.88000
,,,-90000000.00000000000,5.20000,3.88000
,,,-89960000.00000000000,5.12000,3.84000
,,,-89920000.00000000000,5.12000,3.84000
,,,-89880000.00000000000,5.12000,3.88000
,,,-89840000.00000000000,5.12000,3.80000
,,,-89800000.00000000000,5.12000,3.84000
,,,-89760000.00000000000,5.12000,3.88000
,,,-89720000.00000000000,5.16000,3.84000
,,,-89680000.00000000000,5.08000,3.84000
,,,-89640000.00000000000,5.16000,3.84000
,,,-89600000.00000000000,5.08000,3.84000
,,,-89560000.00000000000,5.08000,3.80000
,,,-89520000.00000000000,5.12000,3.84000
,,,-89480000.00000000000,5.12000,3.80000
,,,-89440000.00000000000,5.12000,3.84000
,,,-89400000.00000000000,5.08000,3.84000
,,,-89360000.00000000000,5.12000,3.84000
,,,-89320000.00000000000,5.12000,3.84000
,,,-89280000.00000000000,5.00000,3.84000
,,,-89240000.00000000000,5.12000,3.80000
,,,-89200000.00000000000,5.12000,3.84000
,,,-89160000.00000000000,5.12000,3.84000
,,,-89120000.00000000000,5.16000,3.84000
,,,-89080000.00000000000,5.12000,3.84000
,,,-89040000.00000000000,5.12000,3.84000
,,,-89000000.00000000000,5.12000,3.80000
,,,-88960000.00000000000,5.12000,3.84000
,,,-88920000.00000000000,5.12000,3.84000
,,,-88880000.00000000000,5.12000,3.84000
,,,-88840000.00000000000,5.08000,3.84000
,,,-88800000.00000000000,5.12000,3.80000
,,,-88760000.00000000000,5.12000,3.84000
,,,-88720000.00000000000,5.12000,3.84000
,,,-88680000.00000000000,5.12000,3.84000
,,,-88640000.00000000000,5.16000,3.80000
,,,-88600000.00000000000,5.12000,3.84000
,,,-88560000.00000000000,5.12000,3.84000
,,,-88520000.00000000000,5.12000,3.84000
,,,-88480000.00000000000,5.16000,3.84000
,,,-88440000.00000000000,5.08000,3.80000
,,,-88400000.00000000000,5.16000,3.84000
,,,-88360000.00000000000,5.12000,3.84000
,,,-88320000.00000000000,5.12000,3.84000
,,,-88280000.00000000000,5.12000,3.88000
,,,-88240000.00000000000,5.12000,3.84000
,,,-88200000.00000000000,5.12000,3.80000
,,,-88160000.00000000000,5.12000,3.84000
,,,-88120000.00000000000,5.12000,3.84000
,,,-88080000.00000000000,5.08000,3.84000
,,,-88040000.00000000000,5.08000,3.84000
,,,-88000000.00000000000,5.08000,3.84000
,,,-87960000.00000000000,5.16000,3.84000
,,,-87920000.00000000000,5.12000,3.84000
,,,-87880000.00000000000,5.08000,3.84000
,,,-87840000.00000000000,5.12000,3.84000
,,,-87800000.00000000000,5.08000,3.80000
,,,-87760000.00000000000,5.12000,3.80000
,,,-87720000.00000000000,5.12000,3.84000
,,,-87680000.00000000000,5.12000,3.84000
,,,-87640000.00000000000,5.12000,3.80000
,,,-87600000.00000000000,5.12000,3.84000
,,,-87560000.00000000000,5.12000,3.84000
,,,-87520000.00000000000,5.12000,3.80000
,,,-87480000.00000000000,5.16000,3.84000
,,,-87440000.00000000000,5.12000,3.88000
,,,-87400000.00000000000,5.16000,3.84000
,,,-87360000.00000000000,5.12000,3.84000
,,,-87320000.00000000000,5.12000,3.84000
,,,-87280000.00000000000,5.12000,3.84000
,,,-87240000.00000000000,5.12000,3.84000
,,,-87200000.00000000000,5.12000,3.88000
,,,-87160000.00000000000,5.12000,3.84000
,,,-87120000.00000000000,5.12000,3.84000
,,,-87080000.00000000000,5.12000,3.84000
,,,-87040000.00000000000,5.12000,3.84000
,,,-87000000.00000000000,5.16000,3.80000
,,,-86960000.00000000000,5.12000,3.84000
,,,-86920000.00000000000,5.04000,3.80000
,,,-86880000.00000000000,5.12000,3.80000
,,,-86840000.00000000000,5.08000,3.84000
,,,-86800000.00000000000,5.12000,3.84000
,,,-86760000.00000000000,5.16000,3.84000
,,,-86720000.00000000000,5.12000,3.84000
,,,-86680000.00000000000,5.12000,3.84000
,,,-86640000.00000000000,5.12000,3.80000
,,,-86600000.00000000000,5.04000,3.84000
,,,-86560000.00000000000,5.12000,3.84000
,,,-86520000.00000000000,5.12000,3.84000
,,,-86480000.00000000000,5.16000,3.84000
,,,-86440000.00000000000,5.12000,3.84000
,,,-86400000.00000000000,5.12000,3.84000
,,,-86360000.00000000000,5.08000,3.88000
,,,-86320000.00000000000,5.00000,3.84000
,,,-86280000.00000000000,5.12000,3.84000
,,,-86240000.00000000000,5.12000,3.84000
,,,-86200000.00000000000,5.12000,3.80000
,,,-86160000.00000000000,5.12000,3.80000
,,,-86120000.00000000000,5.16000,3.84000
,,,-86080000.00000000000,5.08000,3.84000
,,,-86040000.00000000000,5.08000,3.84000
,,,-86000000.00000000000,5.16000,3.84000
,,,-85960000.00000000000,5.08000,3.84000
,,,-85920000.00000000000,5.12000,3.84000
,,,-85880000.00000000000,5.08000,3.84000
,,,-85840000.00000000000,5.12000,3.80000
,,,-85800000.00000000000,5.12000,3.88000
,,,-85760000.00000000000,5.12000,3.84000
,,,-85720000.00000000000,5.12000,3.84000
,,,-85680000.00000000000,5.12000,3.84000
,,,-85640000.00000000000,5.12000,3.84000
,,,-85600000.00000000000,5.12000,3.84000
,,,-85560000.00000000000,5.12000,3.84000
,,,-85520000.00000000000,5.12000,3.84000
,,,-85480000.00000000000,5.12000,3.84000
,,,-85440000.00000000000,5.12000,3.84000
,,,-85400000.00000000000,5.16000,3.84000
,,,-85360000.00000000000,5.12000,3.84000
,,,-85320000.00000000000,5.12000,3.84000
,,,-85280000.00000000000,5.08000,3.84000
,,,-85240000.00000000000,5.12000,3.84000
,,,-85200000.00000000000,5.12000,3.84000
,,,-85160000.00000000000,5.12000,3.84000
,,,-85120000.00000000000,5.12000,3.84000
,,,-85080000.00000000000,5.12000,3.88000
,,,-85040000.00000000000,5.16000,3.84000
,,,-85000000.00000000000,5.12000,3.88000
,,,-84960000.00000000000,5.12000,3.84000
,,,-84920000.00000000000,5.12000,3.84000
,,,-84880000.00000000000,5.12000,3.84000
,,,-84840000.00000000000,5.08000,3.84000
,,,-84800000.00000000000,5.08000,3.84000
,,,-84760000.00000000000,5.12000,3.84000
,,,-84720000.00000000000,5.08000,3.84000
,,,-84680000.00000000000,5.12000,3.84000
,,,-84640000.00000000000,5.08000,3.84000
,,,-84600000.00000000000,5.12000,3.84000
,,,-84560000.00000000000,5.12000,3.84000
,,,-84520000.00000000000,5.16000,3.88000
,,,-84480000.00000000000,5.16000,3.88000
,,,-84440000.00000000000,5.08000,3.84000
,,,-84400000.00000000000,5.12000,3.88000
,,,-84360000.00000000000,5.12000,3.88000
,,,-84320000.00000000000,5.08000,3.84000
,,,-84280000.00000000000,5.12000,3.88000
,,,-84240000.00000000000,5.16000,3.84000
,,,-84200000.00000000000,5.12000,3.88000
,,,-84160000.00000000000,5.12000,3.84000
,,,-84120000.00000000000,5.12000,3.84000
,,,-84080000.00000000000,5.12000,3.88000
,,,-84040000.00000000000,5.12000,3.88000
,,,-84000000.00000000000,5.12000,3.84000
,,,-83960000.00000000000,5.12000,3.84000
,,,-83920000.00000000000,5.16000,3.84000
,,,-83880000.00000000000,5.12000,3.80000
,,,-83840000.00000000000,5.08000,3.84000
,,,-83800000.00000000000,5.12000,3.88000
,,,-83760000.00000000000,5.12000,3.88000
,,,-83720000.00000000000,5.12000,3.84000
,,,-83680000.00000000000,5.12000,3.84000
,,,-83640000.00000000000,5.16000,3.84000
,,,-83600000.00000000000,5.12000,3.84000
,,,-83560000.00000000000,5.12000,3.84000
,,,-83520000.00000000000,5.12000,3.88000
,,,-83480000.00000000000,5.12000,3.84000
,,,-83440000.00000000000,5.12000,3.84000
,,,-83400000.00000000000,5.12000,3.84000
,,,-83360000.00000000000,5.12000,3.88000
,,,-83320000.00000000000,5.16000,3.84000
,,,-83280000.00000000000,5.16000,3.88000
,,,-83240000.00000000000,5.12000,3.84000
,,,-83200000.00000000000,5.12000,3.88000
,,,-83160000.00000000000,5.12000,3.88000
,,,-83120000.00000000000,5.12000,3.84000
,,,-83080000.00000000000,5.12000,3.84000
,,,-83040000.00000000000,5.12000,3.88000
,,,-83000000.00000000000,5.12000,3.84000
,,,-82960000.00000000000,5.12000,3.84000
,,,-82920000.00000000000,5.12000,3.84000
,,,-82880000.00000000000,5.12000,3.84000
,,,-82840000.00000000000,5.12000,3.84000
,,,-82800000.00000000000,5.04000,3.88000
,,,-82760000.00000000000,5.12000,3.88000
,,,-82720000.00000000000,5.08000,3.88000
,,,-82680000.00000000000,5.12000,3.88000
,,,-82640000.00000000000,5.12000,3.84000
,,,-82600000.00000000000,5.08000,3.84000
,,,-82560000.00000000000,5.12000,3.88000
,,,-82520000.00000000000,5.08000,3.84000
,,,-82480000.00000000000,5.12000,3.84000
,,,-82440000.00000000000,5.12000,3.88000
,,,-82400000.00000000000,5.04000,3.88000
,,,-82360000.00000000000,5.12000,3.84000
,,,-82320000.00000000000,5.08000,3.88000
,,,-82280000.00000000000,5.12000,3.84000
,,,-82240000.00000000000,5.08000,3.88000
,,,-82200000.00000000000,5.16000,3.88000
,,,-82160000.00000000000,5.12000,3.88000
,,,-82120000.00000000000,5.12000,3.88000
,,,-82080000.00000000000,5.12000,3.88000
,,,-82040000.00000000000,5.12000,3.88000
,,,-82000000.00000000000,5.12000,3.88000
,,,-81960000.00000000000,5.12000,3.84000
,,,-81920000.00000000000,5.08000,3.84000
,,,-81880000.00000000000,5.12000,3.88000
,,,-81840000.00000000000,5.04000,3.88000
,,,-81800000.00000000000,5.12000,3.88000
,,,-81760000.00000000000,5.12000,3.88000
,,,-81720000.00000000000,5.12000,3.84000
,,,-81680000.00000000000,5.12000,3.88000
,,,-81640000.00000000000,5.12000,3.88000
,,,-81600000.00000000000,5.12000,3.84000
,,,-81560000.00000000000,5.12000,3.84000
,,,-81520000.00000000000,5.12000,3.84000
,,,-81480000.00000000000,5.12000,3.84000
,,,-81440000.00000000000,5.16000,3.84000
,,,-81400000.00000000000,5.12000,3.84000
,,,-81360000.00000000000,5.08000,3.88000
,,,-81320000.00000000000,5.12000,3.88000
,,,-81280000.00000000000,5.12000,3.84000
,,,-81240000.00000000000,5.16000,3.84000
,,,-81200000.00000000000,5.12000,3.88000
,,,-81160000.00000000000,5.12000,3.88000
,,,-81120000.00000000000,5.04000,3.84000
,,,-81080000.00000000000,5.12000,3.88000
,,,-81040000.00000000000,5.08000,3.88000
,,,-81000000.00000000000,5.12000,3.84000
,,,-80960000.00000000000,5.12000,3.88000
,,,-80920000.00000000000,5.12000,3.88000
,,,-80880000.00000000000,5.16000,3.88000
,,,-80840000.00000000000,5.12000,3.84000
,,,-80800000.00000000000,5.16000,3.84000
,,,-80760000.00000000000,5.12000,3.88000
,,,-80720000.00000000000,5.12000,3.88000
,,,-80680000.00000000000,5.08000,3.84000
,,,-80640000.00000000000,5.12000,3.84000
,,,-80600000.00000000000,5.12000,3.88000
,,,-80560000.00000000000,5.12000,3.88000
,,,-80520000.00000000000,5.12000,3.88000
,,,-80480000.00000000000,5.12000,3.84000
,,,-80440000.00000000000,5.12000,3.88000
,,,-80400000.00000000000,5.08000,3.88000
,,,-80360000.00000000000,5.12000,3.88000
,,,-80320000.00000000000,5.12000,3.88000
,,,-80280000.00000000000,5.16000,3.88000
,,,-80240000.00000000000,5.08000,3.88000
,,,-80200000.00000000000,5.12000,3.88000
,,,-80160000.00000000000,5.16000,3.88000
,,,-80120000.00000000000,5.12000,3.88000
,,,-80080000.00000000000,5.12000,3.88000
,,,-80040000.00000000000,5.12000,3.88000
,,,-80000000.00000000000,5.08000,3.88000
,,,-79960000.00000000000,5.08000,3.88000
,,,-79920000.00000000000,5.12000,3.88000
,,,-79880000.00000000000,5.12000,3.84000
,,,-79840000.00000000000,5.12000,3.92000
,,,-79800000.00000000000,5.12000,3.84000
,,,-79760000.00000000000,5.12000,3.84000
,,,-79720000.00000000000,5.08000,3.88000
,,,-79680000.00000000000,5.12000,3.84000
,,,-79640000.00000000000,5.12000,3.88000
,,,-79600000.00000000000,5.12000,3.84000
,,,-79560000.00000000000,5.12000,3.88000
,,,-79520000.00000000000,5.12000,3.88000
,,,-79480000.00000000000,5.08000,3.88000
,,,-79440000.00000000000,5.12000,3.88000
,,,-79400000.00000000000,5.12000,3.88000
,,,-79360000.00000000000,5.12000,3.88000
,,,-79320000.00000000000,5.12000,3.84000
,,,-79280000.00000000000,5.12000,3.88000
,,,-79240000.00000000000,5.12000,3.84000
,,,-79200000.00000000000,5.12000,3.88000
,,,-79160000.00000000000,5.12000,3.84000
,,,-79120000.00000000000,5.12000,3.88000
,,,-79080000.00000000000,5.12000,3.88000
,,,-79040000.00000000000,5.16000,3.88000
,,,-79000000.00000000000,5.12000,3.88000
,,,-78960000.00000000000,5.12000,3.88000
,,,-78920000.00000000000,5.12000,3.92000
,,,-78880000.00000000000,5.12000,3.84000
,,,-78840000.00000000000,5.12000,3.88000
,,,-78800000.00000000000,5.12000,3.88000
,,,-78760000.00000000000,5.12000,3.88000
,,,-78720000.00000000000,5.12000,3.84000
,,,-78680000.00000000000,5.12000,3.88000
,,,-78640000.00000000000,5.16000,3.88000
,,,-78600000.00000000000,5.08000,3.88000
,,,-78560000.00000000000,5.12000,3.88000
,,,-78520000.00000000000,5.12000,3.88000
,,,-78480000.00000000000,5.12000,3.88000
,,,-78440000.00000000000,5.12000,3.88000
,,,-78400000.00000000000,5.16000,3.88000
,,,-78360000.00000000000,5.12000,3.88000
,,,-78320000.00000000000,5.12000,3.92000
,,,-78280000.00000000000,5.16000,3.88000
,,,-78240000.00000000000,5.12000,3.92000
,,,-78200000.00000000000,5.12000,3.88000
,,,-78160000.00000000000,5.16000,3.88000
,,,-78120000.00000000000,5.12000,3.92000
,,,-78080000.00000000000,5.08000,3.92000
,,,-78040000.00000000000,5.08000,3.92000
,,,-78000000.00000000000,5.12000,3.88000
,,,-77960000.00000000000,5.12000,3.88000
,,,-77920000.00000000000,5.08000,3.88000
,,,-77880000.00000000000,5.12000,3.88000
,,,-77840000.00000000000,5.12000,3.88000
,,,-77800000.00000000000,5.12000,3.92000
,,,-77760000.00000000000,5.08000,3.88000
,,,-77720000.00000000000,5.12000,3.88000
,,,-77680000.00000000000,5.16000,3.88000
,,,-77640000.00000000000,5.12000,3.88000
,,,-77600000.00000000000,5.12000,3.92000
,,,-77560000.00000000000,5.12000,3.88000
,,,-77520000.00000000000,5.12000,3.92000
,,,-77480000.00000000000,5.08000,3.88000
,,,-77440000.00000000000,5.12000,3.88000
,,,-77400000.00000000000,5.12000,3.88000
,,,-77360000.00000000000,5.08000,3.92000
,,,-77320000.00000000000,5.12000,3.88000
,,,-77280000.00000000000,5.04000,3.92000
,,,-77240000.00000000000,5.16000,3.92000
,,,-77200000.00000000000,5.12000,3.88000
,,,-77160000.00000000000,5.12000,3.92000
,,,-77120000.00000000000,5.12000,3.88000
,,,-77080000.00000000000,5.12000,3.88000
,,,-77040000.00000000000,5.12000,3.88000
,,,-77000000.00000000000,5.08000,3.96000
,,,-76960000.00000000000,5.16000,3.88000
,,,-76920000.00000000000,5.04000,3.92000
,,,-76880000.00000000000,5.12000,3.88000
,,,-76840000.00000000000,5.12000,3.88000
,,,-76800000.00000000000,5.16000,3.88000
,,,-76760000.00000000000,5.12000,3.88000
,,,-76720000.00000000000,5.12000,3.92000
,,,-76680000.00000000000,5.12000,3.92000
,,,-76640000.00000000000,5.12000,3.92000
,,,-76600000.00000000000,5.12000,3.92000
,,,-76560000.00000000000,5.08000,3.92000
,,,-76520000.00000000000,5.12000,3.92000
,,,-76480000.00000000000,5.12000,3.88000
,,,-76440000.00000000000,5.12000,3.92000
,,,-76400000.00000000000,5.08000,3.92000
,,,-76360000.00000000000,5.12000,3.88000
,,,-76320000.00000000000,5.12000,3.88000
,,,-76280000.00000000000,5.12000,3.88000
,,,-76240000.00000000000,5.12000,3.88000
,,,-76200000.00000000000,5.12000,3.92000
,,,-76160000.00000000000,5.16000,3.88000
,,,-76120000.00000000000,5.12000,3.96000
,,,-76080000.00000000000,5.12000,3.92000
,,,-76040000.00000000000,5.12000,3.92000
,,,-76000000.00000000000,5.12000,3.92000
,,,-75960000.00000000000,5.12000,3.92000
,,,-75920000.00000000000,5.08000,3.92000
,,,-75880000.00000000000,5.16000,3.88000
,,,-75840000.00000000000,5.12000,3.88000
,,,-75800000.00000000000,5.16000,3.92000
,,,-75760000.00000000000,5.08000,3.92000
,,,-75720000.00000000000,5.12000,3.96000
,,,-75680000.00000000000,5.12000,3.92000
,,,-75640000.00000000000,5.12000,3.96000
,,,-75600000.00000000000,5.08000,3.92000
,,,-75560000.00000000000,5.12000,3.92000
,,,-75520000.00000000000,5.12000,3.96000
,,,-75480000.00000000000,5.12000,3.96000
,,,-75440000.00000000000,5.12000,3.88000
,,,-75400000.00000000000,5.08000,3.96000
,,,-75360000.00000000000,5.12000,3.88000
,,,-75320000.00000000000,5.16000,3.92000
,,,-75280000.00000000000,5.12000,3.88000
,,,-75240000.00000000000,5.16000,3.88000
,,,-75200000.00000000000,5.08000,3.96000
,,,-75160000.00000000000,5.16000,3.92000
,,,-75120000.00000000000,5.12000,3.92000
,,,-75080000.00000000000,5.16000,3.92000
,,,-75040000.00000000000,5.12000,3.88000
,,,-75000000.00000000000,5.16000,3.92000
,,,-74960000.00000000000,5.08000,3.92000
,,,-74920000.00000000000,5.08000,3.96000
,,,-74880000.00000000000,5.12000,3.92000
,,,-74840000.00000000000,5.12000,3.92000
,,,-74800000.00000000000,5.12000,3.92000
,,,-74760000.00000000000,5.12000,3.92000
,,,-74720000.00000000000,5.12000,3.88000
,,,-74680000.00000000000,5.12000,3.92000
,,,-74640000.00000000000,5.12000,3.92000
,,,-74600000.00000000000,5.12000,3.88000
,,,-74560000.00000000000,5.08000,3.96000
,,,-74520000.00000000000,5.12000,3.96000
,,,-74480000.00000000000,5.16000,3.96000
,,,-74440000.00000000000,5.12000,3.92000
,,,-74400000.00000000000,5.12000,3.96000
,,,-74360000.00000000000,5.12000,3.88000
,,,-74320000.00000000000,5.16000,3.92000
,,,-74280000.00000000000,5.28000,3.96000
,,,-74240000.00000000000,5.12000,3.96000
,,,-74200000.00000000000,5.12000,3.92000
,,,-74160000.00000000000,5.12000,3.88000
,,,-74120000.00000000000,5.12000,3.88000
,,,-74080000.00000000000,5.12000,3.92000
,,,-74040000.00000000000,5.12000,3.92000
,,,-74000000.00000000000,5.12000,3.96000
,,,-73960000.00000000000,5.08000,3.96000
,,,-73920000.00000000000,5.12000,3.96000
,,,-73880000.00000000000,5.12000,3.92000
,,,-73840000.00000000000,5.04000,3.96000
,,,-73800000.00000000000,5.12000,3.92000
,,,-73760000.00000000000,5.12000,3.92000
,,,-73720000.00000000000,5.12000,3.92000
,,,-73680000.00000000000,5.12000,3.92000
,,,-73640000.00000000000,5.12000,3.96000
,,,-73600000.00000000000,5.12000,3.92000
,,,-73560000.00000000000,5.12000,3.92000
,,,-73520000.00000000000,5.12000,3.92000
,,,-73480000.00000000000,5.12000,3.96000
,,,-73440000.00000000000,5.16000,3.96000
,,,-73400000.00000000000,5.12000,3.92000
,,,-73360000.00000000000,5.16000,3.92000
,,,-73320000.00000000000,5.12000,3.88000
,,,-73280000.00000000000,5.04000,3.92000
,,,-73240000.00000000000,5.16000,3.92000
,,,-73200000.00000000000,5.12000,3.96000
,,,-73160000.00000000000,5.12000,3.96000
,,,-73120000.00000000000,5.08000,3.96000
,,,-73080000.00000000000,5.16000,3.92000
,,,-73040000.00000000000,5.12000,3.92000
,,,-73000000.00000000000,5.12000,3.92000
,,,-72960000.00000000000,5.12000,3.92000
,,,-72920000.00000000000,5.08000,3.96000
,,,-72880000.00000000000,5.16000,3.92000
,,,-72840000.00000000000,5.12000,3.92000
,,,-72800000.00000000000,5.08000,3.92000
,,,-72760000.00000000000,5.12000,3.96000
,,,-72720000.00000000000,5.12000,3.96000
,,,-72680000.00000000000,5.12000,3.92000
,,,-72640000.00000000000,5.12000,3.96000
,,,-72600000.00000000000,5.16000,3.92000
,,,-72560000.00000000000,5.08000,3.92000
,,,-72520000.00000000000,5.16000,3.92000
,,,-72480000.00000000000,5.12000,3.96000
,,,-72440000.00000000000,5.12000,3.96000
,,,-72400000.00000000000,5.12000,3.92000
,,,-72360000.00000000000,5.12000,3.96000
,,,-72320000.00000000000,5.12000,3.96000
,,,-72280000.00000000000,5.12000,3.96000
,,,-72240000.00000000000,5.12000,3.96000
,,,-72200000.00000000000,5.12000,3.92000
,,,-72160000.00000000000,5.12000,3.96000
,,,-72120000.00000000000,5.12000,3.96000
,,,-72080000.00000000000,5.12000,3.92000
,,,-72040000.00000000000,5.12000,3.92000
,,,-72000000.00000000000,5.08000,3.96000
,,,-71960000.00000000000,5.16000,3.96000
,,,-71920000.00000000000,5.12000,3.92000
,,,-71880000.00000000000,5.16000,3.96000
,,,-71840000.00000000000,5.12000,3.96000
,,,-71800000.00000000000,5.16000,3.96000
,,,-71760000.00000000000,5.08000,3.96000
,,,-71720000.00000000000,5.12000,3.96000
,,,-71680000.00000000000,5.12000,3.88000
,,,-71640000.00000000000,5.12000,3.92000
,,,-71600000.00000000000,5.12000,3.96000
,,,-71560000.00000000000,5.04000,3.96000
,,,-71520000.00000000000,5.12000,3.96000
,,,-71480000.00000000000,5.12000,3.96000
,,,-71440000.00000000000,5.12000,3.96000
,,,-71400000.00000000000,5.12000,3.92000
,,,-71360000.00000000000,5.12000,3.96000
,,,-71320000.00000000000,5.12000,3.96000
,,,-71280000.00000000000,5.12000,3.96000
,,,-71240000.00000000000,5.12000,3.96000
,,,-71200000.00000000000,5.12000,3.96000
,,,-71160000.00000000000,5.12000,3.96000
,,,-71120000.00000000000,5.04000,3.96000
,,,-71080000.00000000000,5.12000,3.96000
,,,-71040000.00000000000,5.16000,3.96000
,,,-71000000.00000000000,5.12000,3.96000
,,,-70960000.00000000000,5.12000,3.96000
,,,-70920000.00000000000,5.12000,3.96000
,,,-70880000.00000000000,5.16000,3.92000
,,,-70840000.00000000000,5.08000,3.96000
,,,-70800000.00000000000,5.16000,3.96000
,,,-70760000.00000000000,5.08000,3.92000
,,,-70720000.00000000000,5.12000,3.96000
,,,-70680000.00000000000,5.12000,3.96000
,,,-70640000.00000000000,5.08000,4.00000
,,,-70600000.00000000000,5.08000,3.96000
,,,-70560000.00000000000,5.12000,3.96000
,,,-70520000.00000000000,5.12000,3.96000
,,,-70480000.00000000000,5.08000,3.96000
,,,-70440000.00000000000,5.12000,3.96000
,,,-70400000.00000000000,5.12000,3.92000
,,,-70360000.00000000000,5.12000,4.00000
,,,-70320000.00000000000,5.12000,3.92000
,,,-70280000.00000000000,5.08000,3.96000
,,,-70240000.00000000000,5.16000,3.96000
,,,-70200000.00000000000,5.08000,3.96000
,,,-70160000.00000000000,5.12000,4.00000
,,,-70120000.00000000000,5.12000,3.96000
,,,-70080000.00000000000,5.12000,4.00000
,,,-70040000.00000000000,5.12000,4.00000
,,,-70000000.00000000000,5.12000,3.96000
,,,-69960000.00000000000,5.12000,3.96000
,,,-69920000.00000000000,5.12000,3.96000
,,,-69880000.00000000000,5.12000,3.96000
,,,-69840000.00000000000,5.08000,4.00000
,,,-69800000.00000000000,5.12000,3.96000
,,,-69760000.00000000000,5.16000,3.92000
,,,-69720000.00000000000,5.08000,3.92000
,,,-69680000.00000000000,5.12000,3.96000
,,,-69640000.00000000000,5.12000,4.00000
,,,-69600000.00000000000,5.12000,3.96000
,,,-69560000.00000000000,5.12000,3.96000
,,,-69520000.00000000000,5.16000,4.00000
,,,-69480000.00000000000,5.16000,3.96000
,,,-69440000.00000000000,5.12000,3.96000
,,,-69400000.00000000000,5.16000,3.96000
,,,-69360000.00000000000,5.16000,3.96000
,,,-69320000.00000000000,5.12000,4.00000
,,,-69280000.00000000000,5.12000,3.92000
,,,-69240000.00000000000,5.12000,3.96000
,,,-69200000.00000000000,5.12000,4.04000
,,,-69160000.00000000000,5.16000,3.96000
,,,-69120000.00000000000,5.12000,3.96000
,,,-69080000.00000000000,5.12000,4.04000
,,,-69040000.00000000000,5.12000,3.96000
,,,-69000000.00000000000,5.16000,4.00000
,,,-68960000.00000000000,5.12000,3.96000
,,,-68920000.00000000000,5.08000,3.96000
,,,-68880000.00000000000,5.12000,3.96000
,,,-68840000.00000000000,5.08000,3.96000
,,,-68800000.00000000000,5.12000,4.00000
,,,-68760000.00000000000,5.12000,3.96000
,,,-68720000.00000000000,5.12000,3.96000
,,,-68680000.00000000000,5.12000,4.00000
,,,-68640000.00000000000,5.12000,3.96000
,,,-68600000.00000000000,5.12000,3.96000
,,,-68560000.00000000000,5.08000,3.96000
,,,-68520000.00000000000,5.16000,4.00000
,,,-68480000.00000000000,5.12000,4.00000
,,,-68440000.00000000000,5.16000,3.96000
,,,-68400000.00000000000,5.08000,3.92000
,,,-68360000.00000000000,5.16000,3.96000
,,,-68320000.00000000000,5.12000,3.96000
,,,-68280000.00000000000,5.12000,3.96000
,,,-68240000.00000000000,5.12000,3.96000
,,,-68200000.00000000000,5.12000,4.00000
,,,-68160000.00000000000,5.12000,3.96000
,,,-68120000.00000000000,5.12000,3.96000
,,,-68080000.00000000000,5.16000,3.96000
,,,-68040000.00000000000,5.16000,3.96000
,,,-68000000.00000000000,5.16000,3.96000
,,,-67960000.00000000000,5.08000,4.00000
,,,-67920000.00000000000,5.12000,4.00000
,,,-67880000.00000000000,5.04000,4.00000
,,,-67840000.00000000000,5.12000,3.96000
,,,-67800000.00000000000,5.08000,3.96000
,,,-67760000.00000000000,5.12000,3.96000
,,,-67720000.00000000000,5.12000,4.00000
,,,-67680000.00000000000,5.04000,4.00000
,,,-67640000.00000000000,5.16000,4.00000
,,,-67600000.00000000000,5.12000,4.00000
,,,-67560000.00000000000,5.12000,4.00000
,,,-67520000.00000000000,5.12000,3.96000
,,,-67480000.00000000000,5.12000,4.00000
,,,-67440000.00000000000,5.12000,4.04000
,,,-67400000.00000000000,5.16000,4.00000
,,,-67360000.00000000000,5.16000,4.00000
,,,-67320000.00000000000,5.16000,4.00000
,,,-67280000.00000000000,5.16000,4.04000
,,,-67240000.00000000000,5.08000,4.00000
,,,-67200000.00000000000,5.12000,4.00000
,,,-67160000.00000000000,5.16000,4.00000
,,,-67120000.00000000000,5.12000,4.00000
,,,-67080000.00000000000,5.16000,4.00000
,,,-67040000.00000000000,5.12000,4.00000
,,,-67000000.00000000000,5.16000,4.00000
,,,-66960000.00000000000,5.12000,3.96000
,,,-66920000.00000000000,5.12000,4.00000
,,,-66880000.00000000000,5.08000,4.00000
,,,-66840000.00000000000,5.12000,4.00000
,,,-66800000.00000000000,5.12000,3.96000
,,,-66760000.00000000000,5.12000,3.96000
,,,-66720000.00000000000,5.12000,4.00000
,,,-66680000.00000000000,5.12000,3.96000
,,,-66640000.00000000000,5.12000,4.00000
,,,-66600000.00000000000,5.12000,4.04000
,,,-66560000.00000000000,5.12000,4.00000
,,,-66520000.00000000000,5.12000,3.96000
,,,-66480000.00000000000,5.12000,4.00000
,,,-66440000.00000000000,5.12000,4.00000
,,,-66400000.00000000000,5.12000,4.00000
,,,-66360000.00000000000,5.16000,3.96000
,,,-66320000.00000000000,5.12000,4.04000
,,,-66280000.00000000000,5.12000,4.00000
,,,-66240000.00000000000,5.12000,4.00000
,,,-66200000.00000000000,5.12000,4.00000
,,,-66160000.00000000000,5.16000,4.00000
,,,-66120000.00000000000,5.16000,4.00000
,,,-66080000.00000000000,5.16000,4.00000
,,,-66040000.00000000000,5.16000,4.00000
,,,-66000000.00000000000,5.12000,4.00000
,,,-65960000.00000000000,5.08000,4.00000
,,,-65920000.00000000000,5.12000,4.00000
,,,-65880000.00000000000,5.12000,4.00000
,,,-65840000.00000000000,5.12000,4.00000
,,,-65800000.00000000000,5.04000,4.00000
,,,-65760000.00000000000,5.08000,4.00000
,,,-65720000.00000000000,5.12000,4.00000
,,,-65680000.00000000000,5.08000,4.00000
,,,-65640000.00000000000,5.12000,3.96000
,,,-65600000.00000000000,5.08000,4.00000
,,,-65560000.00000000000,5.12000,3.96000
,,,-65520000.00000000000,5.04000,4.00000
,,,-65480000.00000000000,5.12000,4.00000
,,,-65440000.00000000000,5.12000,4.00000
,,,-65400000.00000000000,5.12000,4.00000
,,,-65360000.00000000000,5.16000,4.00000
,,,-65320000.00000000000,5.12000,4.00000
,,,-65280000.00000000000,5.16000,4.00000
,,,-65240000.00000000000,5.12000,4.00000
,,,-65200000.00000000000,5.12000,4.00000
,,,-65160000.00000000000,5.12000,3.96000
,,,-65120000.00000000000,5.12000,4.00000
,,,-65080000.00000000000,5.16000,4.00000
,,,-65040000.00000000000,5.12000,4.00000
,,,-65000000.00000000000,5.16000,4.00000
,,,-64960000.00000000000,5.12000,4.00000
,,,-64920000.00000000000,5.08000,4.00000
,,,-64880000.00000000000,5.12000,3.96000
,,,-64840000.00000000000,5.08000,4.00000
,,,-64800000.00000000000,5.08000,3.96000
,,,-64760000.00000000000,5.12000,4.00000
,,,-64720000.00000000000,5.16000,4.00000
,,,-64680000.00000000000,5.12000,4.00000
,,,-64640000.00000000000,5.12000,4.00000
,,,-64600000.00000000000,5.12000,4.00000
,,,-64560000.00000000000,5.12000,4.04000
,,,-64520000.00000000000,5.12000,4.04000
,,,-64480000.00000000000,5.12000,4.00000
,,,-64440000.00000000000,5.12000,4.04000
,,,-64400000.00000000000,5.08000,4.00000
,,,-64360000.00000000000,5.12000,3.96000
,,,-64320000.00000000000,5.12000,4.00000
,,,-64280000.00000000000,5.12000,4.00000
,,,-64240000.00000000000,5.08000,4.00000
,,,-64200000.00000000000,5.16000,4.00000
,,,-64160000.00000000000,5.16000,4.00000
,,,-64120000.00000000000,5.12000,4.00000
,,,-64080000.00000000000,5.16000,4.00000
,,,-64040000.00000000000,5.16000,4.00000
,,,-64000000.00000000000,5.12000,4.00000
,,,-63960000.00000000000,5.12000,4.04000
,,,-63920000.00000000000,5.12000,4.00000
,,,-63880000.00000000000,5.08000,4.00000
,,,-63840000.00000000000,5.12000,4.00000
,,,-63800000.00000000000,5.12000,4.00000
,,,-63760000.00000000000,5.08000,4.00000
,,,-63720000.00000000000,5.12000,4.00000
,,,-63680000.00000000000,5.04000,4.00000
,,,-63640000.00000000000,5.16000,4.00000
,,,-63600000.00000000000,5.12000,4.00000
,,,-63560000.00000000000,5.12000,4.04000
,,,-63520000.00000000000,5.12000,4.00000
,,,-63480000.00000000000,5.12000,4.00000
,,,-63440000.00000000000,5.12000,4.00000
,,,-63400000.00000000000,5.12000,4.00000
,,,-63360000.00000000000,5.20000,4.00000
,,,-63320000.00000000000,5.16000,4.00000
,,,-63280000.00000000000,5.16000,4.00000
,,,-63240000.00000000000,5.12000,3.96000
,,,-63200000.00000000000,5.12000,4.04000
,,,-63160000.00000000000,5.12000,4.00000
,,,-63120000.00000000000,5.12000,4.00000
,,,-63080000.00000000000,5.16000,3.96000
,,,-63040000.00000000000,5.12000,4.00000
,,,-63000000.00000000000,5.12000,4.00000
,,,-62960000.00000000000,5.12000,4.00000
,,,-62920000.00000000000,5.12000,4.00000
,,,-62880000.00000000000,5.12000,4.00000
,,,-62840000.00000000000,5.12000,4.04000
,,,-62800000.00000000000,5.12000,4.00000
,,,-62760000.00000000000,5.12000,4.00000
,,,-62720000.00000000000,5.12000,4.00000
,,,-62680000.00000000000,5.12000,4.00000
,,,-62640000.00000000000,5.12000,3.96000
,,,-62600000.00000000000,5.12000,4.00000
,,,-62560000.00000000000,5.08000,4.04000
,,,-62520000.00000000000,5.12000,4.00000
,,,-62480000.00000000000,5.12000,4.00000
,,,-62440000.00000000000,5.12000,3.96000
,,,-62400000.00000000000,5.04000,4.04000
,,,-62360000.00000000000,5.12000,4.04000
,,,-62320000.00000000000,5.08000,4.00000
,,,-62280000.00000000000,5.12000,4.04000
,,,-62240000.00000000000,5.12000,4.00000
,,,-62200000.00000000000,5.12000,4.00000
,,,-62160000.00000000000,5.04000,4.00000
,,,-62120000.00000000000,5.12000,4.00000
,,,-62080000.00000000000,5.16000,4.00000
,,,-62040000.00000000000,5.16000,4.00000
,,,-62000000.00000000000,5.16000,4.00000
,,,-61960000.00000000000,5.12000,4.04000
,,,-61920000.00000000000,5.12000,4.04000
,,,-61880000.00000000000,5.08000,4.04000
,,,-61840000.00000000000,5.08000,4.04000
,,,-61800000.00000000000,5.12000,4.00000
,,,-61760000.00000000000,5.12000,4.00000
,,,-61720000.00000000000,5.12000,4.00000
,,,-61680000.00000000000,5.12000,4.00000
,,,-61640000.00000000000,5.12000,4.04000
,,,-61600000.00000000000,5.12000,4.04000
,,,-61560000.00000000000,5.12000,4.00000
,,,-61520000.00000000000,5.08000,4.04000
,,,-61480000.00000000000,5.04000,4.00000
,,,-61440000.00000000000,5.12000,4.00000
,,,-61400000.00000000000,5.12000,4.00000
,,,-61360000.00000000000,5.12000,4.00000
,,,-61320000.00000000000,5.12000,4.04000
,,,-61280000.00000000000,5.12000,4.04000
,,,-61240000.00000000000,5.12000,4.04000
,,,-61200000.00000000000,5.12000,4.00000
,,,-61160000.00000000000,5.16000,4.00000
,,,-61120000.00000000000,5.12000,4.04000
,,,-61080000.00000000000,5.12000,4.04000
,,,-61040000.00000000000,5.12000,4.00000
,,,-61000000.00000000000,5.12000,4.04000
,,,-60960000.00000000000,5.12000,4.04000
,,,-60920000.00000000000,5.16000,4.00000
,,,-60880000.00000000000,5.12000,4.04000
,,,-60840000.00000000000,5.12000,4.00000
,,,-60800000.00000000000,5.12000,4.00000
,,,-60760000.00000000000,5.12000,4.04000
,,,-60720000.00000000000,5.12000,4.00000
,,,-60680000.00000000000,5.12000,4.04000
,,,-60640000.00000000000,5.12000,4.04000
,,,-60600000.00000000000,5.08000,4.00000
,,,-60560000.00000000000,5.12000,4.04000
,,,-60520000.00000000000,5.12000,4.00000
,,,-60480000.00000000000,5.12000,4.00000
,,,-60440000.00000000000,5.12000,4.04000
,,,-60400000.00000000000,5.12000,4.04000
,,,-60360000.00000000000,5.12000,4.00000
,,,-60320000.00000000000,5.12000,4.04000
,,,-60280000.00000000000,5.16000,4.04000
,,,-60240000.00000000000,5.12000,4.04000
,,,-60200000.00000000000,5.12000,4.04000
,,,-60160000.00000000000,5.16000,4.04000
,,,-60120000.00000000000,5.08000,4.00000
,,,-60080000.00000000000,5.12000,4.04000
,,,-60040000.00000000000,5.12000,4.04000
,,,-60000000.00000000000,5.12000,4.00000
,,,-59960000.00000000000,5.12000,4.00000
,,,-59920000.00000000000,5.12000,4.04000
,,,-59880000.00000000000,5.16000,4.08000
,,,-59840000.00000000000,5.12000,4.04000
,,,-59800000.00000000000,5.12000,4.04000
,,,-59760000.00000000000,5.04000,4.04000
,,,-59720000.00000000000,5.12000,4.00000
,,,-59680000.00000000000,5.08000,4.04000
,,,-59640000.00000000000,5.12000,4.04000
,,,-59600000.00000000000,5.12000,4.00000
,,,-59560000.00000000000,5.12000,4.00000
,,,-59520000.00000000000,5.12000,4.08000
,,,-59480000.00000000000,5.08000,4.04000
,,,-59440000.00000000000,5.12000,4.04000
,,,-59400000.00000000000,5.12000,4.04000
,,,-59360000.00000000000,5.16000,4.04000
,,,-59320000.00000000000,5.12000,4.04000
,,,-59280000.00000000000,5.12000,4.04000
,,,-59240000.00000000000,5.08000,4.00000
,,,-59200000.00000000000,5.12000,4.00000
,,,-59160000.00000000000,5.12000,4.00000
,,,-59120000.00000000000,5.12000,4.08000
,,,-59080000.00000000000,5.16000,4.04000
,,,-59040000.00000000000,5.08000,4.00000
,,,-59000000.00000000000,5.16000,4.04000
,,,-58960000.00000000000,5.04000,4.08000
,,,-58920000.00000000000,5.16000,4.04000
,,,-58880000.00000000000,5.12000,4.04000
,,,-58840000.00000000000,5.12000,4.04000
,,,-58800000.00000000000,5.12000,4.00000
,,,-58760000.00000000000,5.12000,4.00000
,,,-58720000.00000000000,5.12000,4.04000
,,,-58680000.00000000000,5.12000,4.04000
,,,-58640000.00000000000,5.16000,4.04000
,,,-58600000.00000000000,5.16000,4.04000
,,,-58560000.00000000000,5.08000,4.08000
,,,-58520000.00000000000,5.12000,4.04000
,,,-58480000.00000000000,5.04000,4.04000
,,,-58440000.00000000000,5.16000,4.04000
,,,-58400000.00000000000,5.12000,4.04000
,,,-58360000.00000000000,5.12000,4.08000
,,,-58320000.00000000000,5.16000,4.04000
,,,-58280000.00000000000,5.08000,4.04000
,,,-58240000.00000000000,5.12000,4.04000
,,,-58200000.00000000000,5.12000,4.04000
,,,-58160000.00000000000,5.12000,4.04000
,,,-58120000.00000000000,5.08000,4.00000
,,,-58080000.00000000000,5.12000,4.04000
,,,-58040000.00000000000,5.12000,4.04000
,,,-58000000.00000000000,5.12000,4.04000
,,,-57960000.00000000000,5.12000,4.00000
,,,-57920000.00000000000,5.12000,4.04000
,,,-57880000.00000000000,5.16000,4.04000
,,,-57840000.00000000000,5.12000,4.04000
,,,-57800000.00000000000,5.12000,4.12000
,,,-57760000.00000000000,5.12000,4.08000
,,,-57720000.00000000000,5.12000,4.04000
,,,-57680000.00000000000,5.12000,4.04000
,,,-57640000.00000000000,5.12000,4.04000
,,,-57600000.00000000000,5.12000,4.00000
,,,-57560000.00000000000,5.12000,4.08000
,,,-57520000.00000000000,5.12000,4.00000
,,,-57480000.00000000000,5.08000,4.04000
,,,-57440000.00000000000,5.12000,4.00000
,,,-57400000.00000000000,5.04000,4.04000
,,,-57360000.00000000000,5.12000,4.04000
,,,-57320000.00000000000,5.12000,4.04000
,,,-57280000.00000000000,5.12000,4.04000
,,,-57240000.00000000000,5.16000,4.00000
,,,-57200000.00000000000,5.12000,4.04000
,,,-57160000.00000000000,5.12000,4.04000
,,,-57120000.00000000000,5.12000,4.04000
,,,-57080000.00000000000,5.20000,4.04000
,,,-57040000.00000000000,5.12000,4.00000
,,,-57000000.00000000000,5.08000,4.04000
,,,-56960000.00000000000,5.16000,4.04000
,,,-56920000.00000000000,5.08000,4.08000
,,,-56880000.00000000000,5.12000,4.04000
,,,-56840000.00000000000,5.12000,4.04000
,,,-56800000.00000000000,5.12000,4.08000
,,,-56760000.00000000000,5.12000,4.04000
,,,-56720000.00000000000,5.12000,4.04000
,,,-56680000.00000000000,5.12000,4.04000
,,,-56640000.00000000000,5.08000,4.04000
,,,-56600000.00000000000,5.12000,4.00000
,,,-56560000.00000000000,5.08000,4.00000
,,,-56520000.00000000000,5.12000,4.04000
,,,-56480000.00000000000,5.12000,4.04000
,,,-56440000.00000000000,5.12000,4.04000
,,,-56400000.00000000000,5.12000,4.04000
,,,-56360000.00000000000,5.16000,4.08000
,,,-56320000.00000000000,5.12000,4.04000
,,,-56280000.00000000000,5.12000,4.08000
,,,-56240000.00000000000,5.16000,4.04000
,,,-56200000.00000000000,5.12000,4.08000
,,,-56160000.00000000000,5.12000,4.04000
,,,-56120000.00000000000,5.12000,4.04000
,,,-56080000.00000000000,5.16000,4.00000
,,,-56040000.00000000000,5.16000,4.00000
,,,-56000000.00000000000,5.12000,4.04000
,,,-55960000.00000000000,5.12000,4.04000
,,,-55920000.00000000000,5.08000,4.04000
,,,-55880000.00000000000,5.12000,4.04000
,,,-55840000.00000000000,5.12000,4.04000
,,,-55800000.00000000000,5.12000,4.04000
,,,-55760000.00000000000,5.12000,4.04000
,,,-55720000.00000000000,5.12000,4.04000
,,,-55680000.00000000000,5.20000,4.12000
,,,-55640000.00000000000,5.08000,4.12000
,,,-55600000.00000000000,5.12000,4.00000
,,,-55560000.00000000000,5.08000,4.04000
,,,-55520000.00000000000,5.16000,4.08000
,,,-55480000.00000000000,5.08000,4.04000
,,,-55440000.00000000000,5.12000,4.04000
,,,-55400000.00000000000,5.12000,4.04000
,,,-55360000.00000000000,5.12000,4.04000
,,,-55320000.00000000000,5.16000,4.04000
,,,-55280000.00000000000,5.12000,4.04000
,,,-55240000.00000000000,5.16000,4.08000
,,,-55200000.00000000000,5.12000,4.00000
,,,-55160000.00000000000,5.08000,4.08000
,,,-55120000.00000000000,5.16000,4.04000
,,,-55080000.00000000000,5.12000,4.08000
,,,-55040000.00000000000,5.12000,4.08000
,,,-55000000.00000000000,5.12000,4.04000
,,,-54960000.00000000000,5.12000,4.08000
,,,-54920000.00000000000,5.08000,4.04000
,,,-54880000.00000000000,5.12000,4.04000
,,,-54840000.00000000000,5.12000,4.04000
,,,-54800000.00000000000,5.20000,4.04000
,,,-54760000.00000000000,5.12000,4.04000
,,,-54720000.00000000000,5.08000,4.08000
,,,-54680000.00000000000,5.12000,4.04000
,,,-54640000.00000000000,5.12000,4.04000
,,,-54600000.00000000000,5.08000,4.04000
,,,-54560000.00000000000,5.12000,4.04000
,,,-54520000.00000000000,5.12000,4.04000
,,,-54480000.00000000000,5.12000,4.08000
,,,-54440000.00000000000,5.16000,4.08000
,,,-54400000.00000000000,5.12000,4.08000
,,,-54360000.00000000000,5.12000,4.04000
,,,-54320000.00000000000,5.16000,4.04000
,,,-54280000.00000000000,5.16000,4.04000
,,,-54240000.00000000000,5.12000,4.08000
,,,-54200000.00000000000,5.12000,4.08000
,,,-54160000.00000000000,5.08000,4.12000
,,,-54120000.00000000000,5.12000,4.04000
,,,-54080000.00000000000,5.12000,4.08000
,,,-54040000.00000000000,5.12000,4.08000
,,,-54000000.00000000000,5.04000,4.08000
,,,-53960000.00000000000,5.12000,4.04000
,,,-53920000.00000000000,5.12000,4.08000
,,,-53880000.00000000000,5.12000,4.12000
,,,-53840000.00000000000,5.12000,4.04000
,,,-53800000.00000000000,5.12000,4.04000
,,,-53760000.00000000000,5.12000,4.04000
,,,-53720000.00000000000,5.04000,4.04000
,,,-53680000.00000000000,5.12000,4.08000
,,,-53640000.00000000000,5.12000,4.04000
,,,-53600000.00000000000,5.12000,4.04000
,,,-53560000.00000000000,5.12000,4.04000
,,,-53520000.00000000000,5.12000,4.08000
,,,-53480000.00000000000,5.12000,4.04000
,,,-53440000.00000000000,5.12000,4.04000
,,,-53400000.00000000000,5.12000,4.08000
,,,-53360000.00000000000,5.12000,4.08000
,,,-53320000.00000000000,5.12000,4.04000
,,,-53280000.00000000000,5.12000,4.04000
,,,-53240000.00000000000,5.16000,4.08000
,,,-53200000.00000000000,5.12000,4.08000
,,,-53160000.00000000000,5.04000,4.08000
,,,-53120000.00000000000,5.12000,4.04000
,,,-53080000.00000000000,5.12000,4.04000
,,,-53040000.00000000000,5.16000,4.04000
,,,-53000000.00000000000,5.08000,4.08000
,,,-52960000.00000000000,5.12000,4.04000
,,,-52920000.00000000000,5.08000,4.12000
,,,-52880000.00000000000,5.12000,4.08000
,,,-52840000.00000000000,5.12000,4.00000
,,,-52800000.00000000000,5.08000,4.12000
,,,-52760000.00000000000,5.12000,4.04000
,,,-52720000.00000000000,5.12000,4.08000
,,,-52680000.00000000000,5.12000,4.08000
,,,-52640000.00000000000,5.12000,4.08000
,,,-52600000.00000000000,5.12000,4.04000
,,,-52560000.00000000000,5.08000,4.08000
,,,-52520000.00000000000,5.08000,4.04000
,,,-52480000.00000000000,5.12000,4.04000
,,,-52440000.00000000000,5.12000,4.04000
,,,-52400000.00000000000,5.12000,4.04000
,,,-52360000.00000000000,5.12000,4.08000
,,,-52320000.00000000000,5.12000,4.08000
,,,-52280000.00000000000,5.08000,4.04000
,,,-52240000.00000000000,5.08000,4.08000
,,,-52200000.00000000000,5.16000,4.08000
,,,-52160000.00000000000,5.12000,4.04000
,,,-52120000.00000000000,5.16000,4.08000
,,,-52080000.00000000000,5.12000,4.00000
,,,-52040000.00000000000,5.12000,4.00000
,,,-52000000.00000000000,5.16000,4.12000
,,,-51960000.00000000000,5.12000,4.04000
,,,-51920000.00000000000,5.08000,4.12000
,,,-51880000.00000000000,5.16000,4.08000
,,,-51840000.00000000000,5.04000,4.08000
,,,-51800000.00000000000,5.12000,4.08000
,,,-51760000.00000000000,5.12000,4.08000
,,,-51720000.00000000000,5.16000,4.08000
,,,-51680000.00000000000,5.04000,4.04000
,,,-51640000.00000000000,5.12000,4.04000
,,,-51600000.00000000000,5.12000,4.12000
,,,-51560000.00000000000,5.12000,4.04000
,,,-51520000.00000000000,5.08000,4.04000
,,,-51480000.00000000000,5.12000,4.04000
,,,-51440000.00000000000,5.12000,4.04000
,,,-51400000.00000000000,5.12000,4.08000
,,,-51360000.00000000000,5.12000,4.04000
,,,-51320000.00000000000,5.12000,4.08000
,,,-51280000.00000000000,5.12000,4.04000
,,,-51240000.00000000000,5.12000,4.08000
,,,-51200000.00000000000,5.16000,4.04000
,,,-51160000.00000000000,5.12000,4.04000
,,,-51120000.00000000000,5.12000,4.12000
,,,-51080000.00000000000,5.12000,4.00000
,,,-51040000.00000000000,5.08000,4.04000
,,,-51000000.00000000000,5.12000,4.04000
,,,-50960000.00000000000,5.12000,4.08000
,,,-50920000.00000000000,5.16000,4.04000
,,,-50880000.00000000000,5.12000,4.04000
,,,-50840000.00000000000,5.12000,4.04000
,,,-50800000.00000000000,5.12000,4.08000
,,,-50760000.00000000000,5.12000,4.12000
,,,-50720000.00000000000,5.12000,4.00000
,,,-50680000.00000000000,5.12000,4.04000
,,,-50640000.00000000000,5.12000,4.04000
,,,-50600000.00000000000,5.12000,4.08000
,,,-50560000.00000000000,5.12000,4.04000
,,,-50520000.00000000000,5.12000,4.08000
,,,-50480000.00000000000,5.12000,4.04000
,,,-50440000.00000000000,5.12000,4.08000
,,,-50400000.00000000000,5.12000,4.12000
,,,-50360000.00000000000,5.12000,4.04000
,,,-50320000.00000000000,5.08000,4.04000
,,,-50280000.00000000000,5.16000,4.12000
,,,-50240000.00000000000,5.12000,4.04000
,,,-50200000.00000000000,5.16000,4.04000
,,,-50160000.00000000000,5.04000,4.12000
,,,-50120000.00000000000,5.04000,4.12000
,,,-50080000.00000000000,5.04000,4.12000
,,,-50040000.00000000000,5.04000,4.12000
,,,-50000000.00000000000,5.16000,4.08000
,,,-49960000.00000000000,5.08000,4.04000
,,,-49920000.00000000000,5.16000,4.08000
,,,-49880000.00000000000,5.16000,4.04000
,,,-49840000.00000000000,5.16000,4.12000
,,,-49800000.00000000000,5.12000,4.12000
,,,-49760000.00000000000,5.12000,4.04000
,,,-49720000.00000000000,5.12000,4.08000
,,,-49680000.00000000000,5.08000,4.04000
,,,-49640000.00000000000,5.16000,4.04000
,,,-49600000.00000000000,5.12000,4.04000
,,,-49560000.00000000000,5.12000,4.08000
,,,-49520000.00000000000,5.12000,4.08000
,,,-49480000.00000000000,5.12000,4.08000
,,,-49440000.00000000000,5.12000,4.04000
,,,-49400000.00000000000,5.12000,4.08000
,,,-49360000.00000000000,5.12000,4.12000
,,,-49320000.00000000000,5.12000,4.08000
,,,-49280000.00000000000,5.12000,4.08000
,,,-49240000.00000000000,5.12000,4.08000
,,,-49200000.00000000000,5.12000,4.08000
,,,-49160000.00000000000,5.16000,4.04000
,,,-49120000.00000000000,5.12000,4.08000
,,,-49080000.00000000000,5.16000,4.04000
,,,-49040000.00000000000,5.08000,4.12000
,,,-49000000.00000000000,5.16000,4.08000
,,,-48960000.00000000000,5.08000,4.08000
,,,-48920000.00000000000,5.16000,4.08000
,,,-48880000.00000000000,5.12000,4.12000
,,,-48840000.00000000000,5.12000,4.08000
,,,-48800000.00000000000,5.12000,4.08000
,,,-48760000.00000000000,5.16000,4.04000
,,,-48720000.00000000000,5.12000,4.08000
,,,-48680000.00000000000,5.08000,4.08000
,,,-48640000.00000000000,5.12000,4.08000
,,,-48600000.00000000000,5.12000,4.08000
,,,-48560000.00000000000,5.12000,4.08000
,,,-48520000.00000000000,5.12000,4.04000
,,,-48480000.00000000000,5.12000,4.08000
,,,-48440000.00000000000,5.12000,4.04000
,,,-48400000.00000000000,5.12000,4.12000
,,,-48360000.00000000000,5.12000,4.08000
,,,-48320000.00000000000,5.12000,4.04000
,,,-48280000.00000000000,5.12000,4.08000
,,,-48240000.00000000000,5.08000,4.12000
,,,-48200000.00000000000,5.12000,4.08000
,,,-48160000.00000000000,5.12000,4.12000
,,,-48120000.00000000000,5.12000,4.08000
,,,-48080000.00000000000,5.16000,4.08000
,,,-48040000.00000000000,5.16000,4.08000
,,,-48000000.00000000000,5.16000,4.08000
,,,-47960000.00000000000,5.12000,4.08000
,,,-47920000.00000000000,5.12000,4.04000
,,,-47880000.00000000000,5.12000,4.08000
,,,-47840000.00000000000,5.12000,4.04000
,,,-47800000.00000000000,5.12000,4.12000
,,,-47760000.00000000000,5.12000,4.08000
,,,-47720000.00000000000,5.12000,4.08000
,,,-47680000.00000000000,5.16000,4.12000
,,,-47640000.00000000000,5.16000,4.12000
,,,-47600000.00000000000,5.12000,4.04000
,,,-47560000.00000000000,5.12000,4.08000
,,,-47520000.00000000000,5.12000,4.12000
,,,-47480000.00000000000,5.04000,4.12000
,,,-47440000.00000000000,5.08000,4.12000
,,,-47400000.00000000000,5.08000,4.08000
,,,-47360000.00000000000,5.12000,4.08000
,,,-47320000.00000000000,5.12000,4.08000
,,,-47280000.00000000000,5.12000,4.08000
,,,-47240000.00000000000,5.12000,4.08000
,,,-47200000.00000000000,5.12000,4.12000
,,,-47160000.00000000000,5.16000,4.08000
,,,-47120000.00000000000,5.12000,4.12000
,,,-47080000.00000000000,5.12000,4.12000
,,,-47040000.00000000000,5.12000,4.04000
,,,-47000000.00000000000,5.16000,4.12000
,,,-46960000.00000000000,5.12000,4.08000
,,,-46920000.00000000000,5.12000,4.08000
,,,-46880000.00000000000,5.12000,4.12000
,,,-46840000.00000000000,5.12000,4.08000
,,,-46800000.00000000000,5.20000,4.08000
,,,-46760000.00000000000,5.08000,4.08000
,,,-46720000.00000000000,5.12000,4.08000
,,,-46680000.00000000000,5.12000,4.08000
,,,-46640000.00000000000,5.12000,4.08000
,,,-46600000.00000000000,5.12000,4.08000
,,,-46560000.00000000000,5.12000,4.12000
,,,-46520000.00000000000,5.08000,4.08000
,,,-46480000.00000000000,5.12000,4.04000
,,,-46440000.00000000000,5.16000,4.08000
,,,-46400000.00000000000,5.12000,4.04000
,,,-46360000.00000000000,5.12000,4.08000
,,,-46320000.00000000000,5.12000,4.04000
,,,-46280000.00000000000,5.08000,4.08000
,,,-46240000.00000000000,5.12000,4.08000
,,,-46200000.00000000000,5.08000,4.04000
,,,-46160000.00000000000,5.12000,4.08000
,,,-46120000.00000000000,5.08000,4.08000
,,,-46080000.00000000000,5.12000,4.12000
,,,-46040000.00000000000,5.12000,4.12000
,,,-46000000.00000000000,5.12000,4.12000
,,,-45960000.00000000000,5.12000,4.12000
,,,-45920000.00000000000,5.12000,4.08000
,,,-45880000.00000000000,5.12000,4.08000
,,,-45840000.00000000000,5.12000,4.04000
,,,-45800000.00000000000,5.12000,4.12000
,,,-45760000.00000000000,5.12000,4.08000
,,,-45720000.00000000000,5.12000,4.08000
,,,-45680000.00000000000,5.12000,4.12000
,,,-45640000.00000000000,5.08000,4.12000
,,,-45600000.00000000000,5.08000,4.08000
,,,-45560000.00000000000,5.12000,4.08000
,,,-45520000.00000000000,5.12000,4.12000
,,,-45480000.00000000000,5.12000,4.08000
,,,-45440000.00000000000,5.12000,4.04000
,,,-45400000.00000000000,5.12000,4.04000
,,,-45360000.00000000000,5.12000,4.04000
,,,-45320000.00000000000,5.12000,4.08000
,,,-45280000.00000000000,5.12000,4.08000
,,,-45240000.00000000000,5.16000,4.12000
,,,-45200000.00000000000,5.12000,4.08000
,,,-45160000.00000000000,5.12000,4.12000
,,,-45120000.00000000000,5.16000,4.08000
,,,-45080000.00000000000,5.16000,4.08000
,,,-45040000.00000000000,5.16000,4.04000
,,,-45000000.00000000000,5.08000,4.08000
,,,-44960000.00000000000,5.12000,4.08000
,,,-44920000.00000000000,5.12000,4.08000
,,,-44880000.00000000000,5.16000,4.08000
,,,-44840000.00000000000,5.12000,4.12000
,,,-44800000.00000000000,5.16000,4.12000
,,,-44760000.00000000000,5.12000,4.04000
,,,-44720000.00000000000,5.04000,4.08000
,,,-44680000.00000000000,5.12000,4.04000
,,,-44640000.00000000000,5.12000,4.04000
,,,-44600000.00000000000,5.12000,4.08000
,,,-44560000.00000000000,5.12000,4.08000
,,,-44520000.00000000000,5.16000,4.08000
,,,-44480000.00000000000,5.12000,4.08000
,,,-44440000.00000000000,5.08000,4.04000
,,,-44400000.00000000000,5.16000,4.04000
,,,-44360000.00000000000,5.12000,4.08000
,,,-44320000.00000000000,5.12000,4.08000
,,,-44280000.00000000000,5.16000,4.12000
,,,-44240000.00000000000,5.16000,4.12000
,,,-44200000.00000000000,5.12000,4.08000
,,,-44160000.00000000000,5.12000,4.04000
,,,-44120000.00000000000,5.12000,4.08000
,,,-44080000.00000000000,5.12000,4.08000
,,,-44040000.00000000000,5.12000,4.08000
,,,-44000000.00000000000,5.12000,4.08000
,,,-43960000.00000000000,5.12000,4.12000
,,,-43920000.00000000000,5.12000,4.08000
,,,-43880000.00000000000,5.12000,4.08000
,,,-43840000.00000000000,5.12000,4.04000
,,,-43800000.00000000000,5.12000,4.08000
,,,-43760000.00000000000,5.12000,4.12000
,,,-43720000.00000000000,5.12000,4.12000
,,,-43680000.00000000000,5.12000,4.08000
,,,-43640000.00000000000,5.12000,4.04000
,,,-43600000.00000000000,5.12000,4.12000
,,,-43560000.00000000000,5.12000,4.12000
,,,-43520000.00000000000,5.16000,4.08000
,,,-43480000.00000000000,5.12000,4.04000
,,,-43440000.00000000000,5.12000,4.04000
,,,-43400000.00000000000,5.12000,4.00000
,,,-43360000.00000000000,5.12000,4.12000
,,,-43320000.00000000000,5.12000,4.08000
,,,-43280000.00000000000,5.12000,4.04000
,,,-43240000.00000000000,5.12000,4.08000
,,,-43200000.00000000000,5.16000,4.08000
,,,-43160000.00000000000,5.08000,4.08000
,,,-43120000.00000000000,5.12000,4.12000
,,,-43080000.00000000000,5.16000,4.04000
,,,-43040000.00000000000,5.12000,4.08000
,,,-43000000.00000000000,5.12000,4.04000
,,,-42960000.00000000000,5.12000,4.08000
,,,-42920000.00000000000,5.08000,4.12000
,,,-42880000.00000000000,5.12000,4.04000
,,,-42840000.00000000000,5.16000,4.04000
,,,-42800000.00000000000,5.04000,4.04000
,,,-42760000.00000000000,5.16000,4.08000
,,,-42720000.00000000000,5.12000,4.04000
,,,-42680000.00000000000,5.12000,4.08000
,,,-42640000.00000000000,5.12000,4.08000
,,,-42600000.00000000000,5.12000,4.12000
,,,-42560000.00000000000,5.12000,4.08000
,,,-42520000.00000000000,5.08000,4.12000
,,,-42480000.00000000000,5.12000,4.12000
,,,-42440000.00000000000,5.08000,4.08000
,,,-42400000.00000000000,5.12000,4.08000
,,,-42360000.00000000000,5.12000,4.04000
,,,-42320000.00000000000,5.16000,4.12000
,,,-42280000.00000000000,5.12000,4.08000
,,,-42240000.00000000000,5.12000,4.08000
,,,-42200000.00000000000,5.16000,4.12000
,,,-42160000.00000000000,5.12000,4.08000
,,,-42120000.00000000000,5.16000,4.08000
,,,-42080000.00000000000,5.12000,4.04000
,,,-42040000.00000000000,5.12000,4.04000
,,,-42000000.00000000000,5.16000,4.04000
,,,-41960000.00000000000,5.16000,4.08000
,,,-41920000.00000000000,5.08000,4.04000
,,,-41880000.00000000000,5.12000,4.08000
,,,-41840000.00000000000,5.12000,4.12000
,,,-41800000.00000000000,5.12000,4.08000
,,,-41760000.00000000000,5.16000,4.08000
,,,-41720000.00000000000,5.08000,4.08000
,,,-41680000.00000000000,5.16000,4.08000
,,,-41640000.00000000000,5.16000,4.04000
,,,-41600000.00000000000,5.12000,4.08000
,,,-41560000.00000000000,5.12000,4.12000
,,,-41520000.00000000000,5.08000,4.04000
,,,-41480000.00000000000,5.12000,4.08000
,,,-41440000.00000000000,5.12000,4.08000
,,,-41400000.00000000000,5.12000,4.08000
,,,-41360000.00000000000,5.12000,4.04000
,,,-41320000.00000000000,5.08000,4.12000
,,,-41280000.00000000000,5.08000,4.08000
,,,-41240000.00000000000,5.20000,4.08000
,,,-41200000.00000000000,5.12000,4.08000
,,,-41160000.00000000000,5.16000,4.12000
,,,-41120000.00000000000,5.12000,4.04000
,,,-41080000.00000000000,5.12000,4.08000
,,,-41040000.00000000000,5.16000,4.08000
,,,-41000000.00000000000,5.12000,4.12000
,,,-40960000.00000000000,5.12000,4.08000
,,,-40920000.00000000000,5.12000,4.12000
,,,-40880000.00000000000,5.08000,4.08000
,,,-40840000.00000000000,5.16000,4.12000
,,,-40800000.00000000000,5.08000,4.08000
,,,-40760000.00000000000,5.12000,4.08000
,,,-40720000.00000000000,5.12000,4.12000
,,,-40680000.00000000000,5.16000,4.00000
,,,-40640000.00000000000,5.12000,4.08000
,,,-40600000.00000000000,5.12000,4.08000
,,,-40560000.00000000000,5.08000,4.08000
,,,-40520000.00000000000,5.12000,4.12000
,,,-40480000.00000000000,5.12000,4.12000
,,,-40440000.00000000000,5.12000,4.08000
,,,-40400000.00000000000,5.12000,4.04000
,,,-40360000.00000000000,5.12000,4.12000
,,,-40320000.00000000000,5.12000,4.04000
,,,-40280000.00000000000,5.12000,4.08000
,,,-40240000.00000000000,5.12000,4.08000
,,,-40200000.00000000000,5.12000,4.12000
,,,-40160000.00000000000,5.12000,4.04000
,,,-40120000.00000000000,5.16000,4.04000
,,,-40080000.00000000000,5.08000,4.08000
,,,-40040000.00000000000,5.08000,4.08000
,,,-40000000.00000000000,5.12000,4.04000
,,,-39960000.00000000000,5.12000,4.08000
,,,-39920000.00000000000,5.12000,4.12000
,,,-39880000.00000000000,5.12000,4.12000
,,,-39840000.00000000000,5.12000,4.08000
,,,-39800000.00000000000,5.08000,4.12000
,,,-39760000.00000000000,5.12000,4.12000
,,,-39720000.00000000000,5.12000,4.08000
,,,-39680000.00000000000,5.12000,4.08000
,,,-39640000.00000000000,5.12000,4.08000
,,,-39600000.00000000000,5.12000,4.08000
,,,-39560000.00000000000,5.12000,4.04000
,,,-39520000.00000000000,5.08000,4.12000
,,,-39480000.00000000000,5.12000,4.12000
,,,-39440000.00000000000,5.12000,4.08000
,,,-39400000.00000000000,5.12000,4.12000
,,,-39360000.00000000000,5.12000,4.08000
,,,-39320000.00000000000,5.12000,4.04000
,,,-39280000.00000000000,5.08000,4.08000
,,,-39240000.00000000000,5.12000,4.08000
,,,-39200000.00000000000,5.12000,4.08000
,,,-39160000.00000000000,5.16000,4.08000
,,,-39120000.00000000000,5.16000,4.08000
,,,-39080000.00000000000,5.16000,4.12000
,,,-39040000.00000000000,5.16000,4.12000
,,,-39000000.00000000000,5.12000,4.12000
,,,-38960000.00000000000,5.12000,4.08000
,,,-38920000.00000000000,5.12000,4.08000
,,,-38880000.00000000000,5.12000,4.04000
,,,-38840000.00000000000,5.12000,4.12000
,,,-38800000.00000000000,5.04000,4.08000
,,,-38760000.00000000000,5.12000,4.12000
,,,-38720000.00000000000,5.16000,4.08000
,,,-38680000.00000000000,5.04000,4.12000
,,,-38640000.00000000000,5.16000,4.12000
,,,-38600000.00000000000,5.08000,4.08000
,,,-38560000.00000000000,5.12000,4.08000
,,,-38520000.00000000000,5.12000,4.08000
,,,-38480000.00000000000,5.12000,4.00000
,,,-38440000.00000000000,5.08000,4.04000
,,,-38400000.00000000000,5.12000,4.08000
,,,-38360000.00000000000,5.12000,4.08000
,,,-38320000.00000000000,5.12000,4.04000
,,,-38280000.00000000000,5.12000,4.08000
,,,-38240000.00000000000,5.12000,4.08000
,,,-38200000.00000000000,5.16000,4.12000
,,,-38160000.00000000000,5.12000,4.08000
,,,-38120000.00000000000,5.12000,4.04000
,,,-38080000.00000000000,5.12000,4.12000
,,,-38040000.00000000000,5.12000,4.12000
,,,-38000000.00000000000,5.12000,4.08000
,,,-37960000.00000000000,5.12000,4.12000
,,,-37920000.00000000000,5.08000,4.12000
,,,-37880000.00000000000,5.12000,4.04000
,,,-37840000.00000000000,5.08000,4.12000
,,,-37800000.00000000000,5.12000,4.08000
,,,-37760000.00000000000,5.12000,4.08000
,,,-37720000.00000000000,5.12000,4.08000
,,,-37680000.00000000000,5.12000,4.04000
,,,-37640000.00000000000,5.12000,4.08000
,,,-37600000.00000000000,5.08000,4.08000
,,,-37560000.00000000000,5.16000,4.12000
,,,-37520000.00000000000,5.12000,4.08000
,,,-37480000.00000000000,5.20000,4.08000
,,,-37440000.00000000000,5.12000,4.08000
,,,-37400000.00000000000,5.12000,4.08000
,,,-37360000.00000000000,5.12000,4.08000
,,,-37320000.00000000000,5.08000,4.12000
,,,-37280000.00000000000,5.16000,4.08000
,,,-37240000.00000000000,5.12000,4.08000
,,,-37200000.00000000000,5.16000,4.12000
,,,-37160000.00000000000,5.08000,4.08000
,,,-37120000.00000000000,5.16000,4.12000
,,,-37080000.00000000000,5.08000,4.08000
,,,-37040000.00000000000,5.12000,4.12000
,,,-37000000.00000000000,5.16000,4.12000
,,,-36960000.00000000000,5.12000,4.08000
,,,-36920000.00000000000,5.16000,4.12000
,,,-36880000.00000000000,5.16000,4.08000
,,,-36840000.00000000000,5.12000,4.12000
,,,-36800000.00000000000,5.12000,4.12000
,,,-36760000.00000000000,5.08000,4.08000
,,,-36720000.00000000000,5.16000,4.04000
,,,-36680000.00000000000,5.12000,4.04000
,,,-36640000.00000000000,5.12000,4.12000
,,,-36600000.00000000000,5.12000,4.12000
,,,-36560000.00000000000,5.16000,4.08000
,,,-36520000.00000000000,5.08000,4.08000
,,,-36480000.00000000000,5.12000,4.12000
,,,-36440000.00000000000,5.12000,4.04000
,,,-36400000.00000000000,5.12000,4.12000
,,,-36360000.00000000000,5.16000,4.08000
,,,-36320000.00000000000,5.08000,4.08000
,,,-36280000.00000000000,5.16000,4.08000
,,,-36240000.00000000000,5.12000,4.08000
,,,-36200000.00000000000,5.08000,4.08000
,,,-36160000.00000000000,5.12000,4.08000
,,,-36120000.00000000000,5.12000,4.08000
,,,-36080000.00000000000,5.12000,4.08000
,,,-36040000.00000000000,5.12000,4.08000
,,,-36000000.00000000000,5.16000,4.04000
,,,-35960000.00000000000,5.08000,4.08000
,,,-35920000.00000000000,5.08000,4.12000
,,,-35880000.00000000000,5.08000,4.08000
,,,-35840000.00000000000,5.16000,4.08000
,,,-35800000.00000000000,5.12000,4.04000
,,,-35760000.00000000000,5.12000,4.04000
,,,-35720000.00000000000,5.12000,4.04000
,,,-35680000.00000000000,5.08000,4.04000
,,,-35640000.00000000000,5.08000,4.08000
,,,-35600000.00000000000,5.08000,4.12000
,,,-35560000.00000000000,5.12000,4.08000
,,,-35520000.00000000000,5.12000,4.08000
,,,-35480000.00000000000,5.16000,4.08000
,,,-35440000.00000000000,5.12000,4.12000
,,,-35400000.00000000000,5.12000,4.12000
,,,-35360000.00000000000,5.12000,4.08000
,,,-35320000.00000000000,5.12000,4.12000
,,,-35280000.00000000000,5.16000,4.08000
,,,-35240000.00000000000,5.08000,4.12000
,,,-35200000.00000000000,5.12000,4.12000
,,,-35160000.00000000000,5.12000,4.08000
,,,-35120000.00000000000,5.16000,4.12000
,,,-35080000.00000000000,5.12000,4.08000
,,,-35040000.00000000000,5.12000,4.08000
,,,-35000000.00000000000,5.16000,4.08000
,,,-34960000.00000000000,5.08000,4.12000
,,,-34920000.00000000000,5.16000,4.08000
,,,-34880000.00000000000,5.12000,4.08000
,,,-34840000.00000000000,5.16000,4.12000
,,,-34800000.00000000000,5.12000,4.04000
,,,-34760000.00000000000,5.12000,4.08000
,,,-34720000.00000000000,5.12000,4.12000
,,,-34680000.00000000000,5.04000,4.08000
,,,-34640000.00000000000,5.12000,4.08000
,,,-34600000.00000000000,5.08000,4.12000
,,,-34560000.00000000000,5.12000,4.12000
,,,-34520000.00000000000,5.16000,4.08000
,,,-34480000.00000000000,5.12000,4.08000
,,,-34440000.00000000000,5.16000,4.08000
,,,-34400000.00000000000,5.12000,4.08000
,,,-34360000.00000000000,5.12000,4.08000
,,,-34320000.00000000000,5.12000,4.12000
,,,-34280000.00000000000,5.16000,4.04000
,,,-34240000.00000000000,5.08000,4.12000
,,,-34200000.00000000000,5.12000,4.08000
,,,-34160000.00000000000,5.12000,4.08000
,,,-34120000.00000000000,5.12000,4.08000
,,,-34080000.00000000000,5.12000,4.08000
,,,-34040000.00000000000,5.12000,4.08000
,,,-34000000.00000000000,5.12000,4.08000
,,,-33960000.00000000000,5.12000,4.08000
,,,-33920000.00000000000,5.16000,4.12000
,,,-33880000.00000000000,5.12000,4.08000
,,,-33840000.00000000000,5.16000,4.08000
,,,-33800000.00000000000,5.08000,4.04000
,,,-33760000.00000000000,5.12000,4.04000
,,,-33720000.00000000000,5.12000,4.08000
,,,-33680000.00000000000,5.12000,4.08000
,,,-33640000.00000000000,5.12000,4.08000
,,,-33600000.00000000000,5.12000,4.12000
,,,-33560000.00000000000,5.16000,4.08000
,,,-33520000.00000000000,5.12000,4.08000
,,,-33480000.00000000000,5.12000,4.08000
,,,-33440000.00000000000,5.08000,4.08000
,,,-33400000.00000000000,5.16000,4.12000
,,,-33360000.00000000000,5.04000,4.12000
,,,-33320000.00000000000,5.08000,4.08000
,,,-33280000.00000000000,5.12000,4.04000
,,,-33240000.00000000000,5.12000,4.08000
,,,-33200000.00000000000,5.16000,4.08000
,,,-33160000.00000000000,5.12000,4.08000
,,,-33120000.00000000000,5.16000,4.08000
,,,-33080000.00000000000,5.12000,4.08000
,,,-33040000.00000000000,5.12000,4.12000
,,,-33000000.00000000000,5.12000,4.04000
,,,-32960000.00000000000,5.12000,4.04000
,,,-32920000.00000000000,5.12000,4.04000
,,,-32880000.00000000000,5.16000,4.08000
,,,-32840000.00000000000,5.12000,4.08000
,,,-32800000.00000000000,5.12000,4.04000
,,,-32760000.00000000000,5.12000,4.04000
,,,-32720000.00000000000,5.08000,4.08000
,,,-32680000.00000000000,5.08000,4.08000
,,,-32640000.00000000000,5.12000,4.12000
,,,-32600000.00000000000,5.12000,4.08000
,,,-32560000.00000000000,5.16000,4.08000
,,,-32520000.00000000000,5.12000,4.08000
,,,-32480000.00000000000,5.12000,4.12000
,,,-32440000.00000000000,5.08000,4.04000
,,,-32400000.00000000000,5.16000,4.08000
,,,-32360000.00000000000,5.16000,4.08000
,,,-32320000.00000000000,5.16000,4.12000
,,,-32280000.00000000000,5.16000,4.08000
,,,-32240000.00000000000,5.12000,4.08000
,,,-32200000.00000000000,5.16000,4.08000
,,,-32160000.00000000000,5.12000,4.12000
,,,-32120000.00000000000,5.12000,4.04000
,,,-32080000.00000000000,5.16000,4.04000
,,,-32040000.00000000000,5.16000,4.04000
,,,-32000000.00000000000,5.12000,4.08000
,,,-31960000.00000000000,5.12000,4.04000
,,,-31920000.00000000000,5.12000,4.08000
,,,-31880000.00000000000,5.16000,4.04000
,,,-31840000.00000000000,5.12000,4.08000
,,,-31800000.00000000000,5.12000,4.04000
,,,-31760000.00000000000,5.16000,4.12000
,,,-31720000.00000000000,5.08000,4.04000
,,,-31680000.00000000000,5.12000,4.12000
,,,-31640000.00000000000,5.12000,4.08000
,,,-31600000.00000000000,5.12000,4.08000
,,,-31560000.00000000000,5.12000,4.08000
,,,-31520000.00000000000,5.08000,4.08000
,,,-31480000.00000000000,5.12000,4.08000
,,,-31440000.00000000000,5.12000,4.08000
,,,-31400000.00000000000,5.12000,4.08000
,,,-31360000.00000000000,5.12000,4.08000
,,,-31320000.00000000000,5.12000,4.12000
,,,-31280000.00000000000,5.12000,4.08000
,,,-31240000.00000000000,5.12000,4.04000
,,,-31200000.00000000000,5.16000,4.04000
,,,-31160000.00000000000,5.16000,4.12000
,,,-31120000.00000000000,5.12000,4.08000
,,,-31080000.00000000000,5.12000,4.04000
,,,-31040000.00000000000,5.08000,4.08000
,,,-31000000.00000000000,5.12000,4.04000
,,,-30960000.00000000000,5.12000,4.04000
,,,-30920000.00000000000,5.12000,4.08000
,,,-30880000.00000000000,5.12000,4.04000
,,,-30840000.00000000000,5.12000,4.04000
,,,-30800000.00000000000,5.08000,4.04000
,,,-30760000.00000000000,5.12000,4.04000
,,,-30720000.00000000000,5.12000,4.04000
,,,-30680000.00000000000,5.12000,4.12000
,,,-30640000.00000000000,5.12000,4.08000
,,,-30600000.00000000000,5.12000,4.08000
,,,-30560000.00000000000,5.12000,4.04000
,,,-30520000.00000000000,5.12000,4.08000
,,,-30480000.00000000000,5.04000,4.04000
,,,-30440000.00000000000,5.12000,4.04000
,,,-30400000.00000000000,5.08000,4.08000
,,,-30360000.00000000000,5.12000,4.08000
,,,-30320000.00000000000,5.12000,4.12000
,,,-30280000.00000000000,5.12000,4.12000
,,,-30240000.00000000000,5.12000,4.12000
,,,-30200000.00000000000,5.12000,4.12000
,,,-30160000.00000000000,5.12000,4.12000
,,,-30120000.00000000000,5.12000,4.12000
,,,-30080000.00000000000,5.16000,4.04000
,,,-30040000.00000000000,5.16000,4.04000
,,,-30000000.00000000000,5.12000,4.08000
,,,-29960000.00000000000,5.12000,4.08000
,,,-29920000.00000000000,5.20000,4.04000
,,,-29880000.00000000000,5.12000,4.08000
,,,-29840000.00000000000,5.12000,4.04000
,,,-29800000.00000000000,5.12000,4.04000
,,,-29760000.00000000000,5.12000,4.04000
,,,-29720000.00000000000,5.12000,4.08000
,,,-29680000.00000000000,5.12000,4.04000
,,,-29640000.00000000000,5.12000,4.08000
,,,-29600000.00000000000,5.12000,4.08000
,,,-29560000.00000000000,5.12000,4.04000
,,,-29520000.00000000000,5.16000,4.12000
,,,-29480000.00000000000,5.12000,4.08000
,,,-29440000.00000000000,5.16000,4.04000
,,,-29400000.00000000000,5.12000,4.08000
,,,-29360000.00000000000,5.12000,4.04000
,,,-29320000.00000000000,5.12000,4.08000
,,,-29280000.00000000000,5.12000,4.12000
,,,-29240000.00000000000,5.12000,4.04000
,,,-29200000.00000000000,5.12000,4.04000
,,,-29160000.00000000000,5.12000,4.04000
,,,-29120000.00000000000,5.00000,4.08000
,,,-29080000.00000000000,5.12000,4.04000
,,,-29040000.00000000000,5.12000,4.08000
,,,-29000000.00000000000,5.16000,4.08000
,,,-28960000.00000000000,5.12000,4.04000
,,,-28920000.00000000000,5.08000,4.08000
,,,-28880000.00000000000,5.12000,4.04000
,,,-28840000.00000000000,5.12000,4.08000
,,,-28800000.00000000000,5.12000,4.12000
,,,-28760000.00000000000,5.12000,4.08000
,,,-28720000.00000000000,5.12000,4.08000
,,,-28680000.00000000000,5.12000,4.04000
,,,-28640000.00000000000,5.12000,4.08000
,,,-28600000.00000000000,5.12000,4.04000
,,,-28560000.00000000000,5.12000,4.12000
,,,-28520000.00000000000,5.16000,4.08000
,,,-28480000.00000000000,5.04000,4.04000
,,,-28440000.00000000000,5.08000,4.08000
,,,-28400000.00000000000,5.12000,4.04000
,,,-28360000.00000000000,5.12000,4.08000
,,,-28320000.00000000000,5.12000,4.08000
,,,-28280000.00000000000,5.08000,4.12000
,,,-28240000.00000000000,5.16000,4.04000
,,,-28200000.00000000000,5.12000,4.08000
,,,-28160000.00000000000,5.16000,4.04000
,,,-28120000.00000000000,5.12000,4.04000
,,,-28080000.00000000000,5.12000,4.08000
,,,-28040000.00000000000,5.12000,4.08000
,,,-28000000.00000000000,5.12000,4.08000
,,,-27960000.00000000000,5.12000,4.08000
,,,-27920000.00000000000,5.12000,4.12000
,,,-27880000.00000000000,5.12000,4.12000
,,,-27840000.00000000000,5.08000,4.08000
,,,-27800000.00000000000,5.12000,4.08000
,,,-27760000.00000000000,5.12000,4.08000
,,,-27720000.00000000000,5.12000,4.04000
,,,-27680000.00000000000,5.08000,4.08000
,,,-27640000.00000000000,5.12000,4.08000
,,,-27600000.00000000000,5.04000,4.08000
,,,-27560000.00000000000,5.08000,4.08000
,,,-27520000.00000000000,5.12000,4.08000
,,,-27480000.00000000000,5.12000,4.04000
,,,-27440000.00000000000,5.12000,4.08000
,,,-27400000.00000000000,5.08000,4.04000
,,,-27360000.00000000000,5.16000,4.04000
,,,-27320000.00000000000,5.12000,4.12000
,,,-27280000.00000000000,5.12000,4.04000
,,,-27240000.00000000000,5.12000,4.12000
,,,-27200000.00000000000,5.12000,4.12000
,,,-27160000.00000000000,5.08000,4.04000
,,,-27120000.00000000000,5.16000,4.04000
,,,-27080000.00000000000,5.12000,4.04000
,,,-27040000.00000000000,5.04000,4.12000
,,,-27000000.00000000000,5.12000,4.04000
,,,-26960000.00000000000,5.12000,4.08000
,,,-26920000.00000000000,5.16000,4.12000
,,,-26880000.00000000000,5.12000,4.08000
,,,-26840000.00000000000,5.16000,4.04000
,,,-26800000.00000000000,5.12000,4.12000
,,,-26760000.00000000000,5.12000,4.04000
,,,-26720000.00000000000,5.12000,4.12000
,,,-26680000.00000000000,5.16000,4.08000
,,,-26640000.00000000000,5.12000,4.08000
,,,-26600000.00000000000,5.08000,4.08000
,,,-26560000.00000000000,5.12000,4.08000
,,,-26520000.00000000000,5.04000,4.08000
,,,-26480000.00000000000,5.12000,4.08000
,,,-26440000.00000000000,5.12000,4.04000
,,,-26400000.00000000000,5.12000,4.04000
,,,-26360000.00000000000,5.12000,4.08000
,,,-26320000.00000000000,5.12000,4.12000
,,,-26280000.00000000000,5.12000,4.12000
,,,-26240000.00000000000,5.12000,4.08000
,,,-26200000.00000000000,5.12000,4.08000
,,,-26160000.00000000000,5.04000,4.08000
,,,-26120000.00000000000,5.12000,4.12000
,,,-26080000.00000000000,5.12000,4.04000
,,,-26040000.00000000000,5.12000,4.04000
,,,-26000000.00000000000,5.12000,4.08000
,,,-25960000.00000000000,5.12000,4.04000
,,,-25920000.00000000000,5.12000,4.12000
,,,-25880000.00000000000,5.08000,4.12000
,,,-25840000.00000000000,5.08000,4.04000
,,,-25800000.00000000000,5.12000,4.08000
,,,-25760000.00000000000,5.12000,4.04000
,,,-25720000.00000000000,5.08000,4.08000
,,,-25680000.00000000000,5.12000,4.04000
,,,-25640000.00000000000,5.08000,4.04000
,,,-25600000.00000000000,5.08000,4.12000
,,,-25560000.00000000000,5.12000,4.12000
,,,-25520000.00000000000,5.12000,4.04000
,,,-25480000.00000000000,5.08000,4.12000
,,,-25440000.00000000000,5.12000,4.12000
,,,-25400000.00000000000,5.12000,4.08000
,,,-25360000.00000000000,5.08000,4.08000
,,,-25320000.00000000000,5.12000,4.12000
,,,-25280000.00000000000,5.08000,4.04000
,,,-25240000.00000000000,5.12000,4.08000
,,,-25200000.00000000000,5.16000,4.12000
,,,-25160000.00000000000,5.16000,4.12000
,,,-25120000.00000000000,5.12000,4.08000
,,,-25080000.00000000000,5.12000,4.04000
,,,-25040000.00000000000,5.20000,4.04000
,,,-25000000.00000000000,5.12000,4.08000
,,,-24960000.00000000000,5.12000,4.08000
,,,-24920000.00000000000,5.12000,4.08000
,,,-24880000.00000000000,5.12000,4.08000
,,,-24840000.00000000000,5.08000,4.08000
,,,-24800000.00000000000,5.12000,4.04000
,,,-24760000.00000000000,5.12000,4.08000
,,,-24720000.00000000000,5.12000,4.08000
,,,-24680000.00000000000,5.04000,4.04000
,,,-24640000.00000000000,5.12000,4.08000
,,,-24600000.00000000000,5.08000,4.04000
,,,-24560000.00000000000,5.12000,4.04000
,,,-24520000.00000000000,5.12000,4.04000
,,,-24480000.00000000000,5.08000,4.04000
,,,-24440000.00000000000,5.12000,4.08000
,,,-24400000.00000000000,5.08000,4.04000
,,,-24360000.00000000000,5.12000,4.08000
,,,-24320000.00000000000,5.08000,4.08000
,,,-24280000.00000000000,5.12000,4.04000
,,,-24240000.00000000000,5.12000,4.04000
,,,-24200000.00000000000,5.12000,4.00000
,,,-24160000.00000000000,5.12000,4.08000
,,,-24120000.00000000000,5.08000,4.08000
,,,-24080000.00000000000,5.12000,4.08000
,,,-24040000.00000000000,5.12000,4.08000
,,,-24000000.00000000000,5.16000,4.08000
,,,-23960000.00000000000,5.12000,4.08000
,,,-23920000.00000000000,5.12000,4.04000
,,,-23880000.00000000000,5.16000,4.08000
,,,-23840000.00000000000,5.12000,4.12000
,,,-23800000.00000000000,5.12000,4.04000
,,,-23760000.00000000000,5.12000,4.08000
,,,-23720000.00000000000,5.12000,4.04000
,,,-23680000.00000000000,5.08000,4.08000
,,,-23640000.00000000000,5.12000,4.12000
,,,-23600000.00000000000,5.08000,4.08000
,,,-23560000.00000000000,5.16000,4.08000
,,,-23520000.00000000000,5.12000,4.08000
,,,-23480000.00000000000,5.08000,4.08000
,,,-23440000.00000000000,5.12000,4.08000
,,,-23400000.00000000000,5.12000,4.08000
,,,-23360000.00000000000,5.12000,4.08000
,,,-23320000.00000000000,5.08000,4.08000
,,,-23280000.00000000000,5.12000,4.12000
,,,-23240000.00000000000,5.12000,4.04000
,,,-23200000.00000000000,5.12000,4.08000
,,,-23160000.00000000000,5.12000,4.04000
,,,-23120000.00000000000,5.12000,4.12000
,,,-23080000.00000000000,5.12000,4.12000
,,,-23040000.00000000000,5.08000,4.08000
,,,-23000000.00000000000,5.12000,4.08000
,,,-22960000.00000000000,5.12000,4.04000
,,,-22920000.00000000000,5.12000,4.08000
,,,-22880000.00000000000,5.12000,4.04000
,,,-22840000.00000000000,5.12000,4.08000
,,,-22800000.00000000000,5.16000,4.04000
,,,-22760000.00000000000,5.12000,4.08000
,,,-22720000.00000000000,5.12000,4.08000
,,,-22680000.00000000000,5.12000,4.08000
,,,-22640000.00000000000,5.12000,4.04000
,,,-22600000.00000000000,5.12000,4.08000
,,,-22560000.00000000000,5.16000,4.04000
,,,-22520000.00000000000,5.12000,4.00000
,,,-22480000.00000000000,5.12000,4.08000
,,,-22440000.00000000000,5.12000,4.08000
,,,-22400000.00000000000,5.12000,4.08000
,,,-22360000.00000000000,5.12000,4.08000
,,,-22320000.00000000000,5.12000,4.08000
,,,-22280000.00000000000,5.12000,4.04000
,,,-22240000.00000000000,5.08000,4.12000
,,,-22200000.00000000000,5.12000,4.04000
,,,-22160000.00000000000,5.12000,4.04000
,,,-22120000.00000000000,5.12000,4.08000
,,,-22080000.00000000000,5.16000,4.04000
,,,-22040000.00000000000,5.16000,4.04000
,,,-22000000.00000000000,5.12000,4.08000
,,,-21960000.00000000000,5.12000,4.12000
,,,-21920000.00000000000,5.16000,4.08000
,,,-21880000.00000000000,5.12000,4.08000
,,,-21840000.00000000000,5.12000,4.04000
,,,-21800000.00000000000,5.12000,4.04000
,,,-21760000.00000000000,5.12000,4.04000
,,,-21720000.00000000000,5.16000,4.08000
,,,-21680000.00000000000,5.08000,4.08000
,,,-21640000.00000000000,5.12000,4.08000
,,,-21600000.00000000000,5.12000,4.08000
,,,-21560000.00000000000,5.12000,4.08000
,,,-21520000.00000000000,5.08000,4.08000
,,,-21480000.00000000000,5.16000,4.08000
,,,-21440000.00000000000,5.16000,4.04000
,,,-21400000.00000000000,5.12000,4.12000
,,,-21360000.00000000000,5.12000,4.00000
,,,-21320000.00000000000,5.12000,4.04000
,,,-21280000.00000000000,5.12000,4.04000
,,,-21240000.00000000000,5.12000,4.04000
,,,-21200000.00000000000,5.12000,4.04000
,,,-21160000.00000000000,5.12000,4.04000
,,,-21120000.00000000000,5.12000,4.04000
,,,-21080000.00000000000,5.12000,4.08000
,,,-21040000.00000000000,5.12000,4.08000
,,,-21000000.00000000000,5.12000,4.08000
,,,-20960000.00000000000,5.12000,4.12000
,,,-20920000.00000000000,5.12000,4.04000
,,,-20880000.00000000000,5.12000,4.08000
,,,-20840000.00000000000,5.12000,4.08000
,,,-20800000.00000000000,5.12000,4.04000
,,,-20760000.00000000000,5.12000,4.08000
,,,-20720000.00000000000,5.08000,4.04000
,,,-20680000.00000000000,5.12000,4.08000
,,,-20640000.00000000000,5.04000,4.08000
,,,-20600000.00000000000,5.12000,4.12000
,,,-20560000.00000000000,5.12000,4.08000
,,,-20520000.00000000000,5.08000,4.08000
,,,-20480000.00000000000,5.12000,4.08000
,,,-20440000.00000000000,5.08000,4.08000
,,,-20400000.00000000000,5.12000,4.04000
,,,-20360000.00000000000,5.12000,4.12000
,,,-20320000.00000000000,5.12000,4.08000
,,,-20280000.00000000000,5.12000,4.04000
,,,-20240000.00000000000,5.12000,4.08000
,,,-20200000.00000000000,5.12000,4.08000
,,,-20160000.00000000000,5.16000,4.08000
,,,-20120000.00000000000,5.12000,4.08000
,,,-20080000.00000000000,5.12000,4.12000
,,,-20040000.00000000000,5.12000,4.12000
,,,-20000000.00000000000,5.16000,4.12000
,,,-19960000.00000000000,5.08000,4.08000
,,,-19920000.00000000000,5.12000,4.08000
,,,-19880000.00000000000,5.12000,4.04000
,,,-19840000.00000000000,5.12000,4.12000
,,,-19800000.00000000000,5.12000,4.08000
,,,-19760000.00000000000,5.12000,4.08000
,,,-19720000.00000000000,5.12000,4.08000
,,,-19680000.00000000000,5.12000,4.08000
,,,-19640000.00000000000,5.12000,4.08000
,,,-19600000.00000000000,5.12000,4.08000
,,,-19560000.00000000000,5.12000,4.04000
,,,-19520000.00000000000,5.16000,4.08000
,,,-19480000.00000000000,5.12000,4.04000
,,,-19440000.00000000000,5.12000,4.08000
,,,-19400000.00000000000,5.12000,4.08000
,,,-19360000.00000000000,5.12000,4.12000
,,,-19320000.00000000000,5.12000,4.08000
,,,-19280000.00000000000,5.12000,4.08000
,,,-19240000.00000000000,5.08000,4.08000
,,,-19200000.00000000000,5.16000,4.08000
,,,-19160000.00000000000,5.12000,4.04000
,,,-19120000.00000000000,5.08000,4.08000
,,,-19080000.00000000000,5.12000,4.04000
,,,-19040000.00000000000,5.12000,4.08000
,,,-19000000.00000000000,5.12000,4.08000
,,,-18960000.00000000000,5.08000,4.12000
,,,-18920000.00000000000,5.08000,4.08000
,,,-18880000.00000000000,5.12000,4.08000
,,,-18840000.00000000000,5.12000,4.12000
,,,-18800000.00000000000,5.12000,4.04000
,,,-18760000.00000000000,5.08000,4.12000
,,,-18720000.00000000000,5.12000,4.04000
,,,-18680000.00000000000,5.12000,4.08000
,,,-18640000.00000000000,5.12000,4.04000
,,,-18600000.00000000000,5.12000,4.04000
,,,-18560000.00000000000,5.16000,4.08000
,,,-18520000.00000000000,5.12000,4.08000
,,,-18480000.00000000000,5.12000,4.08000
,,,-18440000.00000000000,5.08000,4.08000
,,,-18400000.00000000000,5.12000,4.08000
,,,-18360000.00000000000,5.12000,4.04000
,,,-18320000.00000000000,5.12000,4.08000
,,,-18280000.00000000000,5.12000,4.08000
,,,-18240000.00000000000,5.08000,4.04000
,,,-18200000.00000000000,5.16000,4.08000
,,,-18160000.00000000000,5.12000,4.08000
,,,-18120000.00000000000,5.12000,4.08000
,,,-18080000.00000000000,5.12000,4.08000
,,,-18040000.00000000000,5.12000,4.04000
,,,-18000000.00000000000,5.12000,4.08000
,,,-17960000.00000000000,5.12000,4.08000
,,,-17920000.00000000000,5.16000,4.08000
,,,-17880000.00000000000,5.12000,4.08000
,,,-17840000.00000000000,5.12000,4.08000
,,,-17800000.00000000000,5.12000,4.08000
,,,-17760000.00000000000,5.12000,4.08000
,,,-17720000.00000000000,5.12000,4.08000
,,,-17680000.00000000000,5.08000,4.08000
,,,-17640000.00000000000,5.12000,4.08000
,,,-17600000.00000000000,5.16000,4.04000
,,,-17560000.00000000000,5.12000,4.04000
,,,-17520000.00000000000,5.12000,4.08000
,,,-17480000.00000000000,5.12000,4.04000
,,,-17440000.00000000000,5.12000,4.08000
,,,-17400000.00000000000,5.16000,4.04000
,,,-17360000.00000000000,5.16000,4.04000
,,,-17320000.00000000000,5.12000,4.08000
,,,-17280000.00000000000,5.12000,4.04000
,,,-17240000.00000000000,5.12000,4.08000
,,,-17200000.00000000000,5.16000,4.12000
,,,-17160000.00000000000,5.12000,4.08000
,,,-17120000.00000000000,5.12000,4.04000
,,,-17080000.00000000000,5.12000,4.00000
,,,-17040000.00000000000,5.12000,4.08000
,,,-17000000.00000000000,5.12000,4.08000
,,,-16960000.00000000000,5.12000,4.08000
,,,-16920000.00000000000,5.16000,4.04000
,,,-16880000.00000000000,5.12000,4.12000
,,,-16840000.00000000000,5.12000,4.08000
,,,-16800000.00000000000,5.08000,4.08000
,,,-16760000.00000000000,5.12000,4.04000
,,,-16720000.00000000000,5.08000,4.04000
,,,-16680000.00000000000,5.16000,4.08000
,,,-16640000.00000000000,5.04000,4.04000
,,,-16600000.00000000000,5.12000,4.04000
,,,-16560000.00000000000,5.12000,4.04000
,,,-16520000.00000000000,5.12000,4.12000
,,,-16480000.00000000000,5.12000,4.04000
,,,-16440000.00000000000,5.12000,4.08000
,,,-16400000.00000000000,5.12000,4.12000
,,,-16360000.00000000000,5.20000,4.04000
,,,-16320000.00000000000,5.12000,4.12000
,,,-16280000.00000000000,5.16000,4.04000
,,,-16240000.00000000000,5.12000,4.08000
,,,-16200000.00000000000,5.16000,4.08000
,,,-16160000.00000000000,5.12000,4.04000
,,,-16120000.00000000000,5.12000,4.04000
,,,-16080000.00000000000,5.12000,4.04000
,,,-16040000.00000000000,5.12000,4.04000
,,,-16000000.00000000000,5.12000,4.12000
,,,-15960000.00000000000,5.12000,4.08000
,,,-15920000.00000000000,5.16000,4.08000
,,,-15880000.00000000000,5.12000,4.04000
,,,-15840000.00000000000,5.16000,4.08000
,,,-15800000.00000000000,5.12000,4.12000
,,,-15760000.00000000000,5.16000,4.04000
,,,-15720000.00000000000,5.12000,4.04000
,,,-15680000.00000000000,5.08000,4.12000
,,,-15640000.00000000000,5.12000,4.08000
,,,-15600000.00000000000,5.12000,4.04000
,,,-15560000.00000000000,5.16000,4.04000
,,,-15520000.00000000000,5.12000,4.04000
,,,-15480000.00000000000,5.12000,4.12000
,,,-15440000.00000000000,5.08000,4.08000
,,,-15400000.00000000000,5.08000,4.12000
,,,-15360000.00000000000,5.12000,4.04000
,,,-15320000.00000000000,5.08000,4.08000
,,,-15280000.00000000000,5.16000,4.04000
,,,-15240000.00000000000,5.08000,4.04000
,,,-15200000.00000000000,5.12000,4.12000
,,,-15160000.00000000000,5.12000,4.04000
,,,-15120000.00000000000,5.12000,4.04000
,,,-15080000.00000000000,5.20000,4.04000
,,,-15040000.00000000000,5.12000,4.08000
,,,-15000000.00000000000,5.20000,4.04000
,,,-14960000.00000000000,5.12000,4.08000
,,,-14920000.00000000000,5.16000,4.04000
,,,-14880000.00000000000,5.08000,4.12000
,,,-14840000.00000000000,5.12000,4.08000
,,,-14800000.00000000000,5.16000,4.08000
,,,-14760000.00000000000,5.08000,4.12000
,,,-14720000.00000000000,5.12000,4.08000
,,,-14680000.00000000000,5.04000,4.08000
,,,-14640000.00000000000,5.12000,4.08000
,,,-14600000.00000000000,5.08000,4.04000
,,,-14560000.00000000000,5.08000,4.04000
,,,-14520000.00000000000,5.12000,4.08000
,,,-14480000.00000000000,5.12000,4.04000
,,,-14440000.00000000000,5.12000,4.08000
,,,-14400000.00000000000,5.12000,4.04000
,,,-14360000.00000000000,5.12000,4.08000
,,,-14320000.00000000000,5.12000,4.04000
,,,-14280000.00000000000,5.16000,4.04000
,,,-14240000.00000000000,5.12000,4.04000
,,,-14200000.00000000000,5.16000,4.04000
,,,-14160000.00000000000,5.12000,4.08000
,,,-14120000.00000000000,5.12000,4.04000
,,,-14080000.00000000000,5.12000,4.08000
,,,-14040000.00000000000,5.12000,4.08000
,,,-14000000.00000000000,5.20000,4.00000
,,,-13960000.00000000000,5.08000,4.04000
,,,-13920000.00000000000,5.12000,4.08000
,,,-13880000.00000000000,5.12000,4.04000
,,,-13840000.00000000000,5.16000,4.04000
,,,-13800000.00000000000,5.12000,4.08000
,,,-13760000.00000000000,5.12000,4.08000
,,,-13720000.00000000000,5.16000,4.08000
,,,-13680000.00000000000,5.12000,4.04000
,,,-13640000.00000000000,5.12000,4.08000
,,,-13600000.00000000000,5.12000,4.08000
,,,-13560000.00000000000,5.12000,4.04000
,,,-13520000.00000000000,5.08000,4.04000
,,,-13480000.00000000000,5.12000,4.04000
,,,-13440000.00000000000,5.12000,4.04000
,,,-13400000.00000000000,5.12000,4.08000
,,,-13360000.00000000000,5.12000,4.08000
,,,-13320000.00000000000,5.12000,4.08000
,,,-13280000.00000000000,5.16000,4.04000
,,,-13240000.00000000000,5.12000,4.04000
,,,-13200000.00000000000,5.12000,4.12000
,,,-13160000.00000000000,5.16000,4.00000
,,,-13120000.00000000000,5.12000,4.08000
,,,-13080000.00000000000,5.12000,4.08000
,,,-13040000.00000000000,5.12000,4.08000
,,,-13000000.00000000000,5.12000,4.04000
,,,-12960000.00000000000,5.08000,4.12000
,,,-12920000.00000000000,5.16000,4.08000
,,,-12880000.00000000000,5.16000,4.08000
,,,-12840000.00000000000,5.16000,4.08000
,,,-12800000.00000000000,5.16000,4.08000
,,,-12760000.00000000000,5.04000,4.04000
,,,-12720000.00000000000,5.12000,4.04000
,,,-12680000.00000000000,5.08000,4.08000
,,,-12640000.00000000000,5.12000,4.08000
,,,-12600000.00000000000,5.12000,4.04000
,,,-12560000.00000000000,5.12000,4.08000
,,,-12520000.00000000000,5.12000,4.04000
,,,-12480000.00000000000,5.12000,4.04000
,,,-12440000.00000000000,5.12000,4.04000
,,,-12400000.00000000000,5.08000,4.08000
,,,-12360000.00000000000,5.20000,4.08000
,,,-12320000.00000000000,5.12000,4.04000
,,,-12280000.00000000000,5.16000,4.04000
,,,-12240000.00000000000,5.12000,4.08000
,,,-12200000.00000000000,5.12000,4.04000
,,,-12160000.00000000000,5.16000,4.08000
,,,-12120000.00000000000,5.12000,4.08000
,,,-12080000.00000000000,5.16000,4.08000
,,,-12040000.00000000000,5.16000,4.08000
,,,-12000000.00000000000,5.12000,4.08000
,,,-11960000.00000000000,5.08000,4.04000
,,,-11920000.00000000000,5.12000,4.08000
,,,-11880000.00000000000,5.12000,4.04000
,,,-11840000.00000000000,5.12000,4.12000
,,,-11800000.00000000000,5.08000,4.08000
,,,-11760000.00000000000,5.08000,4.04000
,,,-11720000.00000000000,5.12000,4.08000
,,,-11680000.00000000000,5.12000,4.04000
,,,-11640000.00000000000,5.12000,4.04000
,,,-11600000.00000000000,5.12000,4.04000
,,,-11560000.00000000000,5.12000,4.08000
,,,-11520000.00000000000,5.08000,4.08000
,,,-11480000.00000000000,5.08000,4.08000
,,,-11440000.00000000000,5.12000,4.08000
,,,-11400000.00000000000,5.12000,4.12000
,,,-11360000.00000000000,5.12000,4.04000
,,,-11320000.00000000000,5.12000,4.08000
,,,-11280000.00000000000,5.12000,4.08000
,,,-11240000.00000000000,5.12000,4.08000
,,,-11200000.00000000000,5.12000,4.08000
,,,-11160000.00000000000,5.20000,4.04000
,,,-11120000.00000000000,5.16000,4.08000
,,,-11080000.00000000000,5.12000,4.08000
,,,-11040000.00000000000,5.12000,4.00000
,,,-11000000.00000000000,5.12000,4.08000
,,,-10960000.00000000000,5.16000,4.08000
,,,-10920000.00000000000,5.08000,4.08000
,,,-10880000.00000000000,5.16000,4.04000
,,,-10840000.00000000000,5.08000,4.00000
,,,-10800000.00000000000,5.12000,4.08000
,,,-10760000.00000000000,5.16000,4.00000
,,,-10720000.00000000000,5.12000,4.08000
,,,-10680000.00000000000,5.12000,4.08000
,,,-10640000.00000000000,5.12000,4.08000
,,,-10600000.00000000000,5.12000,4.08000
,,,-10560000.00000000000,5.12000,4.08000
,,,-10520000.00000000000,5.16000,4.04000
,,,-10480000.00000000000,5.12000,4.08000
,,,-10440000.00000000000,5.16000,4.08000
,,,-10400000.00000000000,5.12000,4.04000
,,,-10360000.00000000000,5.16000,4.08000
,,,-10320000.00000000000,5.12000,4.08000
,,,-10280000.00000000000,5.16000,4.08000
,,,-10240000.00000000000,5.12000,4.00000
,,,-10200000.00000000000,5.04000,4.00000
,,,-10160000.00000000000,5.16000,4.08000
,,,-10120000.00000000000,5.12000,4.08000
,,,-10080000.00000000000,5.12000,4.12000
,,,-10040000.00000000000,5.12000,4.12000
,,,-10000000.00000000000,5.12000,4.08000
,,,-9960000.00000000000,5.16000,4.12000
,,,-9920000.00000000000,5.08000,4.04000
,,,-9880000.00000000000,5.12000,4.04000
,,,-9840000.00000000000,5.12000,4.12000
,,,-9800000.00000000000,5.08000,4.12000
,,,-9760000.00000000000,5.12000,4.04000
,,,-9720000.00000000000,5.12000,4.08000
,,,-9680000.00000000000,5.12000,4.08000
,,,-9640000.00000000000,5.04000,4.00000
,,,-9600000.00000000000,5.16000,4.08000
,,,-9560000.00000000000,5.12000,4.08000
,,,-9520000.00000000000,5.12000,4.04000
,,,-9480000.00000000000,5.12000,4.04000
,,,-9440000.00000000000,5.12000,4.04000
,,,-9400000.00000000000,5.12000,4.08000
,,,-9360000.00000000000,5.12000,4.08000
,,,-9320000.00000000000,5.12000,4.04000
,,,-9280000.00000000000,5.08000,4.08000
,,,-9240000.00000000000,5.12000,4.00000
,,,-9200000.00000000000,5.16000,4.04000
,,,-9160000.00000000000,5.12000,4.08000
,,,-9120000.00000000000,5.12000,4.04000
,,,-9080000.00000000000,5.12000,4.04000
,,,-9040000.00000000000,5.16000,4.08000
,,,-9000000.00000000000,5.08000,4.08000
,,,-8960000.00000000000,5.12000,4.04000
,,,-8920000.00000000000,5.12000,4.04000
,,,-8880000.00000000000,5.12000,4.08000
,,,-8840000.00000000000,5.08000,4.08000
,,,-8800000.00000000000,5.12000,4.04000
,,,-8760000.00000000000,5.12000,4.04000
,,,-8720000.00000000000,5.12000,4.08000
,,,-8680000.00000000000,5.12000,4.08000
,,,-8640000.00000000000,5.12000,4.08000
,,,-8600000.00000000000,5.16000,4.04000
,,,-8560000.00000000000,5.12000,4.08000
,,,-8520000.00000000000,5.16000,4.04000
,,,-8480000.00000000000,5.12000,4.04000
,,,-8440000.00000000000,5.12000,4.04000
,,,-8400000.00000000000,5.12000,4.12000
,,,-8360000.00000000000,5.12000,4.08000
,,,-8320000.00000000000,5.12000,4.04000
,,,-8280000.00000000000,5.16000,4.04000
,,,-8240000.00000000000,5.12000,4.08000
,,,-8200000.00000000000,5.20000,4.08000
,,,-8160000.00000000000,5.00000,4.08000
,,,-8120000.00000000000,5.16000,4.08000
,,,-8080000.00000000000,5.08000,4.08000
,,,-8040000.00000000000,5.08000,4.08000
,,,-8000000.00000000000,5.16000,4.08000
,,,-7960000.00000000000,5.12000,4.08000
,,,-7920000.00000000000,5.12000,4.12000
,,,-7880000.00000000000,5.12000,4.08000
,,,-7840000.00000000000,5.12000,4.08000
,,,-7800000.00000000000,5.12000,4.12000
,,,-7760000.00000000000,5.12000,4.12000
,,,-7720000.00000000000,5.12000,4.12000
,,,-7680000.00000000000,5.12000,4.04000
,,,-7640000.00000000000,5.08000,4.00000
,,,-7600000.00000000000,5.12000,4.08000
,,,-7560000.00000000000,5.12000,4.04000
,,,-7520000.00000000000,5.12000,4.04000
,,,-7480000.00000000000,5.12000,4.08000
,,,-7440000.00000000000,5.12000,4.08000
,,,-7400000.00000000000,5.12000,4.04000
,,,-7360000.00000000000,5.12000,4.08000
,,,-7320000.00000000000,5.16000,4.12000
,,,-7280000.00000000000,5.12000,4.04000
,,,-7240000.00000000000,5.12000,4.08000
,,,-7200000.00000000000,5.08000,4.12000
,,,-7160000.00000000000,5.12000,4.04000
,,,-7120000.00000000000,5.12000,4.12000
,,,-7080000.00000000000,5.12000,4.04000
,,,-7040000.00000000000,5.16000,4.08000
,,,-7000000.00000000000,5.12000,4.04000
,,,-6960000.00000000000,5.16000,4.08000
,,,-6920000.00000000000,5.12000,4.08000
,,,-6880000.00000000000,5.12000,4.08000
,,,-6840000.00000000000,5.12000,4.08000
,,,-6800000.00000000000,5.12000,4.04000
,,,-6760000.00000000000,5.12000,4.08000
,,,-6720000.00000000000,5.12000,4.08000
,,,-6680000.00000000000,5.16000,4.04000
,,,-6640000.00000000000,5.08000,4.04000
,,,-6600000.00000000000,5.16000,4.04000
,,,-6560000.00000000000,5.12000,4.04000
,,,-6520000.00000000000,5.12000,4.04000
,,,-6480000.00000000000,5.12000,4.08000
,,,-6440000.00000000000,5.12000,4.04000
,,,-6400000.00000000000,5.16000,4.04000
,,,-6360000.00000000000,5.12000,4.08000
,,,-6320000.00000000000,5.08000,4.04000
,,,-6280000.00000000000,5.16000,4.08000
,,,-6240000.00000000000,5.12000,4.12000
,,,-6200000.00000000000,5.12000,4.08000
,,,-6160000.00000000000,5.12000,4.08000
,,,-6120000.00000000000,5.12000,4.12000
,,,-6080000.00000000000,5.12000,4.04000
,,,-6040000.00000000000,5.12000,4.04000
,,,-6000000.00000000000,5.12000,4.00000
,,,-5960000.00000000000,5.12000,4.08000
,,,-5920000.00000000000,5.08000,4.08000
,,,-5880000.00000000000,5.16000,4.04000
,,,-5840000.00000000000,5.12000,4.08000
,,,-5800000.00000000000,5.08000,4.04000
,,,-5760000.00000000000,5.16000,4.08000
,,,-5720000.00000000000,5.12000,4.08000
,,,-5680000.00000000000,5.12000,4.04000
,,,-5640000.00000000000,5.12000,4.08000
,,,-5600000.00000000000,5.12000,4.08000
,,,-5560000.00000000000,5.12000,4.12000
,,,-5520000.00000000000,5.12000,4.08000
,,,-5480000.00000000000,5.12000,4.08000
,,,-5440000.00000000000,5.08000,4.08000
,,,-5400000.00000000000,5.12000,4.08000
,,,-5360000.00000000000,5.08000,4.12000
,,,-5320000.00000000000,5.16000,4.08000
,,,-5280000.00000000000,5.12000,4.00000
,,,-5240000.00000000000,5.16000,4.08000
,,,-5200000.00000000000,5.12000,4.08000
,,,-5160000.00000000000,5.08000,4.08000
,,,-5120000.00000000000,5.12000,4.04000
,,,-5080000.00000000000,5.08000,4.08000
,,,-5040000.00000000000,5.12000,4.08000
,,,-5000000.00000000000,5.12000,4.04000
,,,-4960000.00000000000,5.12000,4.08000
,,,-4920000.00000000000,5.12000,4.08000
,,,-4880000.00000000000,5.20000,4.04000
,,,-4840000.00000000000,5.12000,4.08000
,,,-4800000.00000000000,5.12000,4.04000
,,,-4760000.00000000000,5.12000,4.00000
,,,-4720000.00000000000,5.08000,4.04000
,,,-4680000.00000000000,5.16000,4.04000
,,,-4640000.00000000000,5.12000,4.08000
,,,-4600000.00000000000,5.16000,4.08000
,,,-4560000.00000000000,5.12000,4.08000
,,,-4520000.00000000000,5.12000,4.08000
,,,-4480000.00000000000,5.12000,4.04000
,,,-4440000.00000000000,5.08000,4.08000
,,,-4400000.00000000000,5.12000,4.04000
,,,-4360000.00000000000,5.04000,4.04000
,,,-4320000.00000000000,5.12000,4.12000
,,,-4280000.00000000000,5.12000,4.12000
,,,-4240000.00000000000,5.12000,4.04000
,,,-4200000.00000000000,5.08000,4.12000
,,,-4160000.00000000000,5.12000,4.08000
,,,-4120000.00000000000,5.12000,4.08000
,,,-4080000.00000000000,5.08000,4.08000
,,,-4040000.00000000000,5.08000,4.08000
,,,-4000000.00000000000,5.16000,4.04000
,,,-3960000.00000000000,5.12000,4.08000
,,,-3920000.00000000000,5.16000,4.08000
,,,-3880000.00000000000,5.16000,4.00000
,,,-3840000.00000000000,5.12000,4.08000
,,,-3800000.00000000000,5.12000,4.04000
,,,-3760000.00000000000,5.12000,4.00000
,,,-3720000.00000000000,5.12000,4.04000
,,,-3680000.00000000000,5.08000,4.08000
,,,-3640000.00000000000,5.12000,4.08000
,,,-3600000.00000000000,5.08000,4.04000
,,,-3560000.00000000000,5.08000,4.08000
,,,-3520000.00000000000,5.12000,4.08000
,,,-3480000.00000000000,5.12000,4.08000
,,,-3440000.00000000000,5.12000,4.08000
,,,-3400000.00000000000,5.12000,4.04000
,,,-3360000.00000000000,5.12000,4.08000
,,,-3320000.00000000000,5.12000,4.04000
,,,-3280000.00000000000,5.12000,4.08000
,,,-3240000.00000000000,5.12000,4.08000
,,,-3200000.00000000000,5.12000,4.08000
,,,-3160000.00000000000,5.12000,4.08000
,,,-3120000.00000000000,5.08000,4.08000
,,,-3080000.00000000000,5.16000,4.08000
,,,-3040000.00000000000,5.12000,4.04000
,,,-3000000.00000000000,5.12000,4.08000
,,,-2960000.00000000000,5.12000,4.08000
,,,-2920000.00000000000,5.12000,4.04000
,,,-2880000.00000000000,5.20000,4.04000
,,,-2840000.00000000000,5.12000,4.08000
,,,-2800000.00000000000,5.16000,4.04000
,,,-2760000.00000000000,5.12000,4.04000
,,,-2720000.00000000000,5.04000,4.12000
,,,-2680000.00000000000,5.12000,4.12000
,,,-2640000.00000000000,5.12000,4.08000
,,,-2600000.00000000000,5.12000,4.04000
,,,-2560000.00000000000,5.12000,4.08000
,,,-2520000.00000000000,5.12000,4.12000
,,,-2480000.00000000000,5.12000,4.08000
,,,-2440000.00000000000,5.08000,4.08000
,,,-2400000.00000000000,5.12000,4.04000
,,,-2360000.00000000000,5.12000,4.04000
,,,-2320000.00000000000,5.08000,4.08000
,,,-2280000.00000000000,5.08000,4.08000
,,,-2240000.00000000000,5.12000,4.04000
,,,-2200000.00000000000,5.12000,4.08000
,,,-2160000.00000000000,5.12000,4.04000
,,,-2120000.00000000000,5.12000,4.04000
,,,-2080000.00000000000,5.12000,4.04000
,,,-2040000.00000000000,5.12000,4.04000
,,,-2000000.00000000000,5.16000,4.08000
,,,-1960000.00000000000,5.12000,4.04000
,,,-1920000.00000000000,5.12000,4.04000
,,,-1880000.00000000000,5.16000,4.08000
,,,-1840000.00000000000,5.08000,4.04000
,,,-1800000.00000000000,5.12000,4.08000
,,,-1760000.00000000000,5.12000,4.08000
,,,-1720000.00000000000,5.12000,4.04000
,,,-1680000.00000000000,5.08000,4.12000
,,,-1640000.00000000000,5.08000,4.08000
,,,-1600000.00000000000,5.12000,4.12000
,,,-1560000.00000000000,5.16000,4.04000
,,,-1520000.00000000000,5.16000,4.04000
,,,-1480000.00000000000,5.08000,4.08000
,,,-1440000.00000000000,5.16000,4.08000
,,,-1400000.00000000000,5.08000,4.12000
,,,-1360000.00000000000,5.08000,4.08000
,,,-1320000.00000000000,5.16000,4.08000
,,,-1280000.00000000000,5.12000,4.08000
,,,-1240000.00000000000,5.12000,4.08000
,,,-1200000.00000000000,5.12000,4.08000
,,,-1160000.00000000000,5.12000,4.04000
,,,-1120000.00000000000,5.12000,4.08000
,,,-1080000.00000000000,5.12000,4.08000
,,,-1040000.00000000000,5.12000,4.08000
,,,-1000000.00000000000,5.12000,4.12000
,,,-960000.00000000000,5.16000,4.08000
,,,-920000.00000000000,5.12000,4.04000
,,,-880000.00000000000,5.12000,4.04000
,,,-840000.00000000000,5.12000,4.04000
,,,-800000.00000000000,5.12000,4.08000
,,,-760000.00000000000,5.12000,4.12000
,,,-720000.00000000000,5.12000,4.04000
,,,-680000.00000000000,5.12000,4.12000
,,,-640000.00000000000,5.08000,4.04000
,,,-600000.00000000000,5.12000,4.04000
,,,-560000.00000000000,5.08000,4.12000
,,,-520000.00000000000,5.12000,4.08000
,,,-480000.00000000000,5.08000,4.04000
,,,-440000.00000000000,5.12000,4.08000
,,,-400000.00000000000,5.08000,4.08000
,,,-360000.00000000000,5.08000,4.04000
,,,-320000.00000000000,5.12000,4.12000
,,,-280000.00000000000,5.12000,4.04000
,,,-240000.00000000000,5.12000,4.08000
,,,-200000.00000000000,5.12000,4.08000
,,,-160000.00000000000,5.12000,4.08000
,,,-120000.00000000000,5.16000,4.08000
,,,-80000.00000000000,5.08000,4.08000
,,,-40000.00000000000,5.08000,4.08000
,,, 0.00000000000,5.08000,4.08000
,,,40000.00000000000,5.12000,4.08000
,,,80000.00000000000,5.12000,4.04000
,,,120000.00000000000,5.12000,4.08000
,,,160000.00000000000,5.12000,4.04000
,,,200000.00000000000,5.12000,4.08000
,,,240000.00000000000,5.08000,4.08000
,,,280000.00000000000,5.12000,4.08000
,,,320000.00000000000,5.12000,4.04000
,,,360000.00000000000,5.12000,4.08000
,,,400000.00000000000,5.16000,4.08000
,,,440000.00000000000,5.08000,4.08000
,,,480000.00000000000,5.12000,4.08000
,,,520000.00000000000,5.16000,4.08000
,,,560000.00000000000,5.12000,4.08000
,,,600000.00000000000,5.12000,4.08000
,,,640000.00000000000,5.12000,4.08000
,,,680000.00000000000,5.12000,4.08000
,,,720000.00000000000,5.12000,4.12000
,,,760000.00000000000,5.16000,4.08000
,,,800000.00000000000,5.12000,4.08000
,,,840000.00000000000,5.12000,4.08000
,,,880000.00000000000,5.12000,4.04000
,,,920000.00000000000,5.12000,4.12000
,,,960000.00000000000,5.16000,4.08000
,,,1000000.00000000000,5.12000,4.08000
,,,1040000.00000000000,5.16000,4.04000
,,,1080000.00000000000,5.12000,4.12000
,,,1120000.00000000000,5.16000,4.04000
,,,1160000.00000000000,5.12000,4.08000
,,,1200000.00000000000,5.12000,4.04000
,,,1240000.00000000000,5.16000,4.08000
,,,1280000.00000000000,5.12000,4.12000
,,,1320000.00000000000,5.12000,4.08000
,,,1360000.00000000000,5.08000,4.12000
,,,1400000.00000000000,5.12000,4.04000
,,,1440000.00000000000,5.12000,4.04000
,,,1480000.00000000000,5.12000,4.12000
,,,1520000.00000000000,5.12000,4.08000
,,,1560000.00000000000,5.08000,4.04000
,,,1600000.00000000000,5.16000,4.08000
,,,1640000.00000000000,5.08000,4.08000
,,,1680000.00000000000,5.12000,4.04000
,,,1720000.00000000000,5.12000,4.04000
,,,1760000.00000000000,5.16000,4.08000
,,,1800000.00000000000,5.12000,4.08000
,,,1840000.00000000000,5.12000,4.08000
,,,1880000.00000000000,5.12000,4.04000
,,,1920000.00000000000,5.12000,4.08000
,,,1960000.00000000000,5.12000,4.08000
,,,2000000.00000000000,5.12000,4.04000
,,,2040000.00000000000,5.16000,4.12000
,,,2080000.00000000000,5.12000,4.08000
,,,2120000.00000000000,5.12000,4.04000
,,,2160000.00000000000,5.08000,4.08000
,,,2200000.00000000000,5.12000,4.08000
,,,2240000.00000000000,5.16000,4.08000
,,,2280000.00000000000,5.12000,4.04000
,,,2320000.00000000000,5.12000,4.08000
,,,2360000.00000000000,5.12000,4.04000
,,,2400000.00000000000,5.12000,4.08000
,,,2440000.00000000000,5.04000,4.04000
,,,2480000.00000000000,5.12000,4.12000
,,,2520000.00000000000,5.12000,4.08000
,,,2560000.00000000000,5.12000,4.12000
,,,2600000.00000000000,5.20000,4.08000
,,,2640000.00000000000,5.08000,4.12000
,,,2680000.00000000000,5.16000,4.08000
,,,2720000.00000000000,5.12000,4.04000
,,,2760000.00000000000,5.16000,4.08000
,,,2800000.00000000000,5.12000,4.08000
,,,2840000.00000000000,5.12000,4.12000
,,,2880000.00000000000,5.16000,4.12000
,,,2920000.00000000000,5.12000,4.12000
,,,2960000.00000000000,5.16000,4.08000
,,,3000000.00000000000,5.12000,4.08000
,,,3040000.00000000000,5.12000,4.04000
,,,3080000.00000000000,5.12000,4.08000
,,,3120000.00000000000,5.12000,4.08000
,,,3160000.00000000000,5.12000,4.08000
,,,3200000.00000000000,5.12000,4.12000
,,,3240000.00000000000,5.12000,4.08000
,,,3280000.00000000000,5.08000,4.12000
,,,3320000.00000000000,5.12000,4.08000
,,,3360000.00000000000,5.08000,4.08000
,,,3400000.00000000000,5.12000,4.08000
,,,3440000.00000000000,5.08000,4.04000
,,,3480000.00000000000,5.08000,4.12000
,,,3520000.00000000000,5.12000,4.04000
,,,3560000.00000000000,5.12000,4.08000
,,,3600000.00000000000,5.16000,4.08000
,,,3640000.00000000000,5.12000,4.08000
,,,3680000.00000000000,5.12000,4.12000
,,,3720000.00000000000,5.08000,4.08000
,,,3760000.00000000000,5.08000,4.12000
,,,3800000.00000000000,5.12000,4.04000
,,,3840000.00000000000,5.12000,4.12000
,,,3880000.00000000000,5.12000,4.08000
,,,3920000.00000000000,5.08000,4.08000
,,,3960000.00000000000,5.08000,4.08000
,,,4000000.00000000000,5.12000,4.12000
,,,4040000.00000000000,5.12000,4.08000
,,,4080000.00000000000,5.08000,4.08000
,,,4120000.00000000000,5.12000,4.04000
,,,4160000.00000000000,5.12000,4.12000
,,,4200000.00000000000,5.08000,4.08000
,,,4240000.00000000000,5.16000,4.08000
,,,4280000.00000000000,5.12000,4.08000
,,,4320000.00000000000,5.12000,4.04000
,,,4360000.00000000000,5.04000,4.08000
,,,4400000.00000000000,5.12000,4.08000
,,,4440000.00000000000,5.08000,4.12000
,,,4480000.00000000000,5.12000,4.04000
,,,4520000.00000000000,5.12000,4.08000
,,,4560000.00000000000,5.12000,4.12000
,,,4600000.00000000000,5.08000,4.08000
,,,4640000.00000000000,5.12000,4.04000
,,,4680000.00000000000,5.12000,4.08000
,,,4720000.00000000000,5.08000,4.12000
,,,4760000.00000000000,5.16000,4.04000
,,,4800000.00000000000,5.12000,4.04000
,,,4840000.00000000000,5.16000,4.08000
,,,4880000.00000000000,5.08000,4.04000
,,,4920000.00000000000,5.12000,4.08000
,,,4960000.00000000000,5.16000,4.08000
,,,5000000.00000000000,5.12000,4.08000
,,,5040000.00000000000,5.12000,4.12000
,,,5080000.00000000000,5.12000,4.12000
,,,5120000.00000000000,5.16000,4.08000
,,,5160000.00000000000,5.12000,4.08000
,,,5200000.00000000000,5.12000,4.08000
,,,5240000.00000000000,5.12000,4.08000
,,,5280000.00000000000,5.16000,4.04000
,,,5320000.00000000000,5.12000,4.04000
,,,5360000.00000000000,5.04000,4.08000
,,,5400000.00000000000,5.12000,4.12000
,,,5440000.00000000000,5.08000,4.08000
,,,5480000.00000000000,5.12000,4.08000
,,,5520000.00000000000,5.12000,4.08000
,,,5560000.00000000000,5.12000,4.12000
,,,5600000.00000000000,5.12000,4.12000
,,,5640000.00000000000,5.12000,4.08000
,,,5680000.00000000000,5.12000,4.12000
,,,5720000.00000000000,5.12000,4.08000
,,,5760000.00000000000,5.12000,4.08000
,,,5800000.00000000000,5.12000,4.08000
,,,5840000.00000000000,5.16000,4.12000
,,,5880000.00000000000,5.16000,4.08000
,,,5920000.00000000000,5.12000,4.04000
,,,5960000.00000000000,5.12000,4.04000
,,,6000000.00000000000,5.16000,4.04000
,,,6040000.00000000000,5.12000,4.12000
,,,6080000.00000000000,5.12000,4.08000
,,,6120000.00000000000,5.12000,4.08000
,,,6160000.00000000000,5.12000,4.12000
,,,6200000.00000000000,5.12000,4.08000
,,,6240000.00000000000,5.16000,4.04000
,,,6280000.00000000000,5.12000,4.08000
,,,6320000.00000000000,5.12000,4.04000
,,,6360000.00000000000,5.08000,4.08000
,,,6400000.00000000000,5.12000,4.08000
,,,6440000.00000000000,5.12000,4.12000
,,,6480000.00000000000,5.12000,4.08000
,,,6520000.00000000000,5.12000,4.08000
,,,6560000.00000000000,5.04000,4.08000
,,,6600000.00000000000,5.12000,4.08000
,,,6640000.00000000000,5.08000,4.04000
,,,6680000.00000000000,5.16000,4.08000
,,,6720000.00000000000,5.16000,4.04000
,,,6760000.00000000000,5.12000,4.12000
,,,6800000.00000000000,5.16000,4.08000
,,,6840000.00000000000,5.16000,4.08000
,,,6880000.00000000000,5.12000,4.04000
,,,6920000.00000000000,5.12000,4.12000
,,,6960000.00000000000,5.16000,4.08000
,,,7000000.00000000000,5.12000,4.04000
,,,7040000.00000000000,5.12000,4.08000
,,,7080000.00000000000,5.12000,4.04000
,,,7120000.00000000000,5.12000,4.08000
,,,7160000.00000000000,5.12000,4.04000
,,,7200000.00000000000,5.08000,4.08000
,,,7240000.00000000000,5.16000,4.04000
,,,7280000.00000000000,5.12000,4.12000
,,,7320000.00000000000,5.12000,4.08000
,,,7360000.00000000000,5.12000,4.08000
,,,7400000.00000000000,5.08000,4.08000
,,,7440000.00000000000,5.12000,4.08000
,,,7480000.00000000000,5.12000,4.08000
,,,7520000.00000000000,5.16000,4.08000
,,,7560000.00000000000,5.12000,4.08000
,,,7600000.00000000000,5.12000,4.04000
,,,7640000.00000000000,5.12000,4.04000
,,,7680000.00000000000,5.08000,4.04000
,,,7720000.00000000000,5.12000,4.12000
,,,7760000.00000000000,5.16000,4.08000
,,,7800000.00000000000,5.12000,4.04000
,,,7840000.00000000000,5.12000,4.08000
,,,7880000.00000000000,5.12000,4.12000
,,,7920000.00000000000,5.12000,4.12000
,,,7960000.00000000000,5.12000,4.12000
,,,8000000.00000000000,5.12000,4.04000
,,,8040000.00000000000,5.08000,4.08000
,,,8080000.00000000000,5.12000,4.08000
,,,8120000.00000000000,5.16000,4.12000
,,,8160000.00000000000,5.16000,4.08000
,,,8200000.00000000000,5.08000,4.08000
,,,8240000.00000000000,5.16000,4.12000
,,,8280000.00000000000,5.12000,4.04000
,,,8320000.00000000000,5.16000,4.12000
,,,8360000.00000000000,5.12000,4.04000
,,,8400000.00000000000,5.12000,4.08000
,,,8440000.00000000000,5.16000,4.08000
,,,8480000.00000000000,5.12000,4.08000
,,,8520000.00000000000,5.12000,4.08000
,,,8560000.00000000000,5.04000,4.12000
,,,8600000.00000000000,5.08000,4.04000
,,,8640000.00000000000,5.12000,4.04000
,,,8680000.00000000000,5.08000,4.12000
,,,8720000.00000000000,5.16000,4.12000
,,,8760000.00000000000,5.08000,4.12000
,,,8800000.00000000000,5.12000,4.08000
,,,8840000.00000000000,5.12000,4.08000
,,,8880000.00000000000,5.16000,4.08000
,,,8920000.00000000000,5.08000,4.08000
,,,8960000.00000000000,5.16000,4.04000
,,,9000000.00000000000,5.12000,4.04000
,,,9040000.00000000000,5.12000,4.08000
,,,9080000.00000000000,5.16000,4.08000
,,,9120000.00000000000,5.12000,4.08000
,,,9160000.00000000000,5.16000,4.12000
,,,9200000.00000000000,5.08000,4.04000
,,,9240000.00000000000,5.08000,4.08000
,,,9280000.00000000000,5.08000,4.12000
,,,9320000.00000000000,5.08000,4.08000
,,,9360000.00000000000,5.08000,4.08000
,,,9400000.00000000000,5.12000,4.12000
,,,9440000.00000000000,5.12000,4.04000
,,,9480000.00000000000,5.12000,4.04000
,,,9520000.00000000000,5.12000,4.12000
,,,9560000.00000000000,5.04000,4.12000
,,,9600000.00000000000,5.12000,4.08000
,,,9640000.00000000000,5.12000,4.08000
,,,9680000.00000000000,5.08000,4.08000
,,,9720000.00000000000,5.16000,4.12000
,,,9760000.00000000000,5.08000,4.08000
,,,9800000.00000000000,5.12000,4.04000
,,,9840000.00000000000,5.04000,4.12000
,,,9880000.00000000000,5.16000,4.12000
,,,9920000.00000000000,5.12000,4.12000
,,,9960000.00000000000,5.12000,4.12000
,,,10000000.00000000000,5.08000,4.08000
,,,10040000.00000000000,5.16000,4.12000
,,,10080000.00000000000,5.08000,4.12000
,,,10120000.00000000000,5.16000,4.12000
,,,10160000.00000000000,5.12000,4.04000
,,,10200000.00000000000,5.12000,4.12000
,,,10240000.00000000000,5.12000,4.08000
,,,10280000.00000000000,5.16000,4.12000
,,,10320000.00000000000,5.16000,4.08000
,,,10360000.00000000000,5.08000,4.08000
,,,10400000.00000000000,5.12000,4.08000
,,,10440000.00000000000,5.12000,4.08000
,,,10480000.00000000000,5.12000,4.12000
,,,10520000.00000000000,5.12000,4.00000
,,,10560000.00000000000,5.12000,4.04000
,,,10600000.00000000000,5.12000,4.12000
,,,10640000.00000000000,5.12000,4.12000
,,,10680000.00000000000,5.08000,4.12000
,,,10720000.00000000000,5.08000,4.04000
,,,10760000.00000000000,5.12000,4.12000
,,,10800000.00000000000,5.12000,4.08000
,,,10840000.00000000000,5.16000,4.12000
,,,10880000.00000000000,5.12000,4.08000
,,,10920000.00000000000,5.04000,4.12000
,,,10960000.00000000000,5.12000,4.12000
,,,11000000.00000000000,5.16000,4.08000
,,,11040000.00000000000,5.12000,4.04000
,,,11080000.00000000000,5.08000,4.12000
,,,11120000.00000000000,5.12000,4.08000
,,,11160000.00000000000,5.12000,4.08000
,,,11200000.00000000000,5.12000,4.00000
,,,11240000.00000000000,5.12000,4.08000
,,,11280000.00000000000,5.08000,4.04000
,,,11320000.00000000000,5.12000,4.12000
,,,11360000.00000000000,5.08000,4.08000
,,,11400000.00000000000,5.12000,4.08000
,,,11440000.00000000000,5.04000,4.04000
,,,11480000.00000000000,5.16000,4.12000
,,,11520000.00000000000,5.12000,4.08000
,,,11560000.00000000000,5.12000,4.08000
,,,11600000.00000000000,5.12000,4.08000
,,,11640000.00000000000,5.12000,4.12000
,,,11680000.00000000000,5.12000,4.12000
,,,11720000.00000000000,5.08000,4.12000
,,,11760000.00000000000,5.12000,4.04000
,,,11800000.00000000000,5.12000,4.04000
,,,11840000.00000000000,5.16000,4.12000
,,,11880000.00000000000,5.08000,4.08000
,,,11920000.00000000000,5.12000,4.12000
,,,11960000.00000000000,5.12000,4.12000
,,,12000000.00000000000,5.16000,4.08000
,,,12040000.00000000000,5.08000,4.04000
,,,12080000.00000000000,5.12000,4.12000
,,,12120000.00000000000,5.08000,4.12000
,,,12160000.00000000000,5.16000,4.04000
,,,12200000.00000000000,5.12000,4.12000
,,,12240000.00000000000,5.16000,4.12000
,,,12280000.00000000000,5.12000,4.08000
,,,12320000.00000000000,5.12000,4.08000
,,,12360000.00000000000,5.12000,4.12000
,,,12400000.00000000000,5.04000,4.12000
,,,12440000.00000000000,5.16000,4.08000
,,,12480000.00000000000,5.08000,4.12000
,,,12520000.00000000000,5.08000,4.12000
,,,12560000.00000000000,5.12000,4.12000
,,,12600000.00000000000,5.12000,4.08000
,,,12640000.00000000000,5.12000,4.08000
,,,12680000.00000000000,5.08000,4.08000
,,,12720000.00000000000,5.16000,4.12000
,,,12760000.00000000000,5.12000,4.08000
,,,12800000.00000000000,5.12000,4.12000
,,,12840000.00000000000,5.08000,4.04000
,,,12880000.00000000000,5.08000,4.04000
,,,12920000.00000000000,5.16000,4.08000
,,,12960000.00000000000,5.12000,4.04000
,,,13000000.00000000000,5.12000,4.08000
,,,13040000.00000000000,5.12000,4.12000
,,,13080000.00000000000,5.12000,4.12000
,,,13120000.00000000000,5.12000,4.12000
,,,13160000.00000000000,5.12000,4.12000
,,,13200000.00000000000,5.08000,4.08000
,,,13240000.00000000000,5.16000,4.12000
,,,13280000.00000000000,5.12000,4.08000
,,,13320000.00000000000,5.12000,4.12000
,,,13360000.00000000000,5.12000,4.04000
,,,13400000.00000000000,5.08000,4.08000
,,,13440000.00000000000,5.16000,4.08000
,,,13480000.00000000000,5.12000,4.08000
,,,13520000.00000000000,5.12000,4.08000
,,,13560000.00000000000,5.08000,4.12000
,,,13600000.00000000000,5.08000,4.04000
,,,13640000.00000000000,5.12000,4.08000
,,,13680000.00000000000,5.16000,4.08000
,,,13720000.00000000000,5.12000,4.08000
,,,13760000.00000000000,5.12000,4.12000
,,,13800000.00000000000,5.12000,4.08000
,,,13840000.00000000000,5.12000,4.08000
,,,13880000.00000000000,5.12000,4.08000
,,,13920000.00000000000,5.12000,4.08000
,,,13960000.00000000000,5.12000,4.08000
,,,14000000.00000000000,5.12000,4.04000
,,,14040000.00000000000,5.12000,4.08000
,,,14080000.00000000000,5.16000,4.04000
,,,14120000.00000000000,5.12000,4.04000
,,,14160000.00000000000,5.12000,4.08000
,,,14200000.00000000000,5.16000,4.12000
,,,14240000.00000000000,5.12000,4.12000
,,,14280000.00000000000,5.12000,4.12000
,,,14320000.00000000000,5.12000,4.12000
,,,14360000.00000000000,5.12000,4.12000
,,,14400000.00000000000,5.12000,4.12000
,,,14440000.00000000000,5.08000,4.12000
,,,14480000.00000000000,5.12000,4.12000
,,,14520000.00000000000,5.12000,4.12000
,,,14560000.00000000000,5.16000,4.08000
,,,14600000.00000000000,5.12000,4.08000
,,,14640000.00000000000,5.12000,4.12000
,,,14680000.00000000000,5.12000,4.08000
,,,14720000.00000000000,5.04000,4.08000
,,,14760000.00000000000,5.12000,4.08000
,,,14800000.00000000000,5.12000,4.08000
,,,14840000.00000000000,5.12000,4.08000
,,,14880000.00000000000,5.08000,4.12000
,,,14920000.00000000000,5.16000,4.04000
,,,14960000.00000000000,5.12000,4.08000
,,,15000000.00000000000,5.12000,4.08000
,,,15040000.00000000000,5.08000,4.08000
,,,15080000.00000000000,5.12000,4.12000
,,,15120000.00000000000,5.12000,4.08000
,,,15160000.00000000000,5.12000,4.04000
,,,15200000.00000000000,5.12000,4.12000
,,,15240000.00000000000,5.12000,4.12000
,,,15280000.00000000000,5.12000,4.12000
,,,15320000.00000000000,5.12000,4.04000
,,,15360000.00000000000,5.12000,4.08000
,,,15400000.00000000000,5.08000,4.08000
,,,15440000.00000000000,5.12000,4.12000
,,,15480000.00000000000,5.08000,4.08000
,,,15520000.00000000000,5.12000,4.12000
,,,15560000.00000000000,5.12000,4.12000
,,,15600000.00000000000,5.08000,4.08000
,,,15640000.00000000000,5.12000,4.12000
,,,15680000.00000000000,5.12000,4.08000
,,,15720000.00000000000,5.16000,4.08000
,,,15760000.00000000000,5.12000,4.12000
,,,15800000.00000000000,5.16000,4.08000
,,,15840000.00000000000,5.12000,4.08000
,,,15880000.00000000000,5.12000,4.08000
,,,15920000.00000000000,5.16000,4.08000
,,,15960000.00000000000,5.16000,4.08000
,,,16000000.00000000000,5.12000,4.08000
,,,16040000.00000000000,5.12000,4.12000
,,,16080000.00000000000,5.12000,4.12000
,,,16120000.00000000000,5.12000,4.08000
,,,16160000.00000000000,5.12000,4.04000
,,,16200000.00000000000,5.12000,4.08000
,,,16240000.00000000000,5.12000,4.04000
,,,16280000.00000000000,5.12000,4.12000
,,,16320000.00000000000,5.08000,4.12000
,,,16360000.00000000000,5.12000,4.08000
,,,16400000.00000000000,5.16000,4.08000
,,,16440000.00000000000,5.12000,4.08000
,,,16480000.00000000000,5.04000,4.12000
,,,16520000.00000000000,5.12000,4.12000
,,,16560000.00000000000,5.08000,4.04000
,,,16600000.00000000000,5.12000,4.08000
,,,16640000.00000000000,5.08000,4.12000
,,,16680000.00000000000,5.12000,4.08000
,,,16720000.00000000000,5.12000,4.12000
,,,16760000.00000000000,5.08000,4.08000
,,,16800000.00000000000,5.16000,4.04000
,,,16840000.00000000000,5.08000,4.12000
,,,16880000.00000000000,5.12000,4.12000
,,,16920000.00000000000,5.12000,4.08000
,,,16960000.00000000000,5.12000,4.08000
,,,17000000.00000000000,5.16000,4.08000
,,,17040000.00000000000,5.12000,4.08000
,,,17080000.00000000000,5.12000,4.12000
,,,17120000.00000000000,5.12000,4.04000
,,,17160000.00000000000,5.12000,4.08000
,,,17200000.00000000000,5.12000,4.12000
,,,17240000.00000000000,5.12000,4.08000
,,,17280000.00000000000,5.12000,4.12000
,,,17320000.00000000000,5.12000,4.04000
,,,17360000.00000000000,5.12000,4.08000
,,,17400000.00000000000,5.12000,4.12000
,,,17440000.00000000000,5.12000,4.04000
,,,17480000.00000000000,5.08000,4.08000
,,,17520000.00000000000,5.12000,4.08000
,,,17560000.00000000000,5.12000,4.08000
,,,17600000.00000000000,5.16000,4.12000
,,,17640000.00000000000,5.12000,4.12000
,,,17680000.00000000000,5.12000,4.08000
,,,17720000.00000000000,5.08000,4.08000
,,,17760000.00000000000,5.12000,4.08000
,,,17800000.00000000000,5.12000,4.08000
,,,17840000.00000000000,5.16000,4.08000
,,,17880000.00000000000,5.12000,4.08000
,,,17920000.00000000000,5.16000,4.08000
,,,17960000.00000000000,5.16000,4.08000
,,,18000000.00000000000,5.12000,4.12000
,,,18040000.00000000000,5.12000,4.08000
,,,18080000.00000000000,5.12000,4.16000
,,,18120000.00000000000,5.12000,4.08000
,,,18160000.00000000000,5.08000,4.12000
,,,18200000.00000000000,5.12000,4.08000
,,,18240000.00000000000,5.12000,4.12000
,,,18280000.00000000000,5.16000,4.12000
,,,18320000.00000000000,5.04000,4.12000
,,,18360000.00000000000,5.16000,4.12000
,,,18400000.00000000000,5.12000,4.04000
,,,18440000.00000000000,5.12000,4.08000
,,,18480000.00000000000,5.12000,4.08000
,,,18520000.00000000000,5.12000,4.08000
,,,18560000.00000000000,5.12000,4.08000
,,,18600000.00000000000,5.12000,4.12000
,,,18640000.00000000000,5.12000,4.08000
,,,18680000.00000000000,5.12000,4.08000
,,,18720000.00000000000,5.16000,4.04000
,,,18760000.00000000000,5.12000,4.12000
,,,18800000.00000000000,5.12000,4.12000
,,,18840000.00000000000,5.12000,4.12000
,,,18880000.00000000000,5.08000,4.12000
,,,18920000.00000000000,5.12000,4.12000
,,,18960000.00000000000,5.16000,4.08000
,,,19000000.00000000000,5.12000,4.08000
,,,19040000.00000000000,5.08000,4.08000
,,,19080000.00000000000,5.12000,4.12000
,,,19120000.00000000000,5.12000,4.12000
,,,19160000.00000000000,5.12000,4.12000
,,,19200000.00000000000,5.12000,4.12000
,,,19240000.00000000000,5.08000,4.08000
,,,19280000.00000000000,5.12000,4.08000
,,,19320000.00000000000,5.12000,4.12000
,,,19360000.00000000000,5.12000,4.12000
,,,19400000.00000000000,5.12000,4.08000
,,,19440000.00000000000,5.12000,4.12000
,,,19480000.00000000000,5.12000,4.12000
,,,19520000.00000000000,5.16000,4.08000
,,,19560000.00000000000,5.08000,4.12000
,,,19600000.00000000000,5.12000,4.08000
,,,19640000.00000000000,5.16000,4.08000
,,,19680000.00000000000,5.04000,4.08000
,,,19720000.00000000000,5.12000,4.12000
,,,19760000.00000000000,5.12000,4.08000
,,,19800000.00000000000,5.12000,4.04000
,,,19840000.00000000000,5.12000,4.00000
,,,19880000.00000000000,5.08000,4.12000
,,,19920000.00000000000,5.12000,4.12000
,,,19960000.00000000000,5.12000,4.12000
,,,20000000.00000000000,5.12000,4.12000
,,,20040000.00000000000,5.12000,4.12000
,,,20080000.00000000000,5.12000,4.08000
,,,20120000.00000000000,5.12000,4.08000
,,,20160000.00000000000,5.12000,4.08000
,,,20200000.00000000000,5.16000,4.12000
,,,20240000.00000000000,5.04000,4.08000
,,,20280000.00000000000,5.12000,4.08000
,,,20320000.00000000000,5.08000,4.12000
,,,20360000.00000000000,5.12000,4.12000
,,,20400000.00000000000,5.12000,4.12000
,,,20440000.00000000000,5.12000,4.12000
,,,20480000.00000000000,5.08000,4.12000
,,,20520000.00000000000,5.12000,4.08000
,,,20560000.00000000000,5.16000,4.12000
,,,20600000.00000000000,5.12000,4.08000
,,,20640000.00000000000,5.16000,4.08000
,,,20680000.00000000000,5.12000,4.08000
,,,20720000.00000000000,5.12000,4.12000
,,,20760000.00000000000,5.16000,4.08000
,,,20800000.00000000000,5.08000,4.12000
,,,20840000.00000000000,5.16000,4.08000
,,,20880000.00000000000,5.12000,4.12000
,,,20920000.00000000000,5.12000,4.12000
,,,20960000.00000000000,5.12000,4.12000
,,,21000000.00000000000,5.16000,4.12000
,,,21040000.00000000000,5.12000,4.12000
,,,21080000.00000000000,5.12000,4.08000
,,,21120000.00000000000,5.16000,4.12000
,,,21160000.00000000000,5.12000,4.08000
,,,21200000.00000000000,5.16000,4.12000
,,,21240000.00000000000,5.12000,4.08000
,,,21280000.00000000000,5.12000,4.08000
,,,21320000.00000000000,5.12000,4.08000
,,,21360000.00000000000,5.12000,4.08000
,,,21400000.00000000000,5.12000,4.08000
,,,21440000.00000000000,5.12000,4.12000
,,,21480000.00000000000,5.16000,4.12000
,,,21520000.00000000000,5.08000,4.12000
,,,21560000.00000000000,5.12000,4.08000
,,,21600000.00000000000,5.16000,4.12000
,,,21640000.00000000000,5.12000,4.12000
,,,21680000.00000000000,5.12000,4.08000
,,,21720000.00000000000,5.12000,4.12000
,,,21760000.00000000000,5.12000,4.12000
,,,21800000.00000000000,5.12000,4.12000
,,,21840000.00000000000,5.12000,4.08000
,,,21880000.00000000000,5.12000,4.12000
,,,21920000.00000000000,5.12000,4.12000
,,,21960000.00000000000,5.12000,4.12000
,,,22000000.00000000000,5.12000,4.04000
,,,22040000.00000000000,5.12000,4.08000
,,,22080000.00000000000,5.12000,4.08000
,,,22120000.00000000000,5.16000,4.12000
,,,22160000.00000000000,5.12000,4.12000
,,,22200000.00000000000,5.12000,4.12000
,,,22240000.00000000000,5.08000,4.08000
,,,22280000.00000000000,5.12000,4.08000
,,,22320000.00000000000,5.12000,4.12000
,,,22360000.00000000000,5.16000,4.12000
,,,22400000.00000000000,5.12000,4.08000
,,,22440000.00000000000,5.08000,4.12000
,,,22480000.00000000000,5.12000,4.12000
,,,22520000.00000000000,5.12000,4.12000
,,,22560000.00000000000,5.16000,4.04000
,,,22600000.00000000000,5.12000,4.04000
,,,22640000.00000000000,5.12000,4.08000
,,,22680000.00000000000,5.12000,4.08000
,,,22720000.00000000000,5.12000,4.04000
,,,22760000.00000000000,5.08000,4.12000
,,,22800000.00000000000,5.12000,4.08000
,,,22840000.00000000000,5.12000,4.08000
,,,22880000.00000000000,5.12000,4.12000
,,,22920000.00000000000,5.16000,4.12000
,,,22960000.00000000000,5.12000,4.12000
,,,23000000.00000000000,5.16000,4.12000
,,,23040000.00000000000,5.16000,4.12000
,,,23080000.00000000000,5.12000,4.12000
,,,23120000.00000000000,5.16000,4.12000
,,,23160000.00000000000,5.12000,4.08000
,,,23200000.00000000000,5.16000,4.04000
,,,23240000.00000000000,5.12000,4.08000
,,,23280000.00000000000,5.12000,4.12000
,,,23320000.00000000000,5.08000,4.12000
,,,23360000.00000000000,5.16000,4.12000
,,,23400000.00000000000,5.12000,4.08000
,,,23440000.00000000000,5.12000,4.08000
,,,23480000.00000000000,5.08000,4.12000
,,,23520000.00000000000,5.12000,4.08000
,,,23560000.00000000000,5.08000,4.12000
,,,23600000.00000000000,5.04000,4.12000
,,,23640000.00000000000,5.12000,4.12000
,,,23680000.00000000000,5.12000,4.08000
,,,23720000.00000000000,5.12000,4.12000
,,,23760000.00000000000,5.12000,4.04000
,,,23800000.00000000000,5.12000,4.12000
,,,23840000.00000000000,5.16000,4.12000
,,,23880000.00000000000,5.16000,4.08000
,,,23920000.00000000000,5.16000,4.04000
,,,23960000.00000000000,5.16000,4.04000
,,,24000000.00000000000,5.16000,4.08000
,,,24040000.00000000000,5.04000,4.12000
,,,24080000.00000000000,5.12000,4.12000
,,,24120000.00000000000,5.16000,4.04000
,,,24160000.00000000000,5.12000,4.08000
,,,24200000.00000000000,5.08000,4.12000
,,,24240000.00000000000,5.12000,4.12000
,,,24280000.00000000000,5.12000,4.12000
,,,24320000.00000000000,5.12000,4.12000
,,,24360000.00000000000,5.12000,4.08000
,,,24400000.00000000000,5.12000,4.08000
,,,24440000.00000000000,5.12000,4.12000
,,,24480000.00000000000,5.12000,4.08000
,,,24520000.00000000000,5.04000,4.12000
,,,24560000.00000000000,5.16000,4.08000
,,,24600000.00000000000,5.12000,4.08000
,,,24640000.00000000000,5.16000,4.08000
,,,24680000.00000000000,5.12000,4.04000
,,,24720000.00000000000,5.08000,4.08000
,,,24760000.00000000000,5.12000,4.04000
,,,24800000.00000000000,5.08000,4.12000
,,,24840000.00000000000,5.16000,4.08000
,,,24880000.00000000000,5.04000,4.08000
,,,24920000.00000000000,5.16000,4.12000
,,,24960000.00000000000,5.16000,4.12000
,,,25000000.00000000000,5.12000,4.12000
,,,25040000.00000000000,5.12000,4.12000
,,,25080000.00000000000,5.12000,4.12000
,,,25120000.00000000000,5.12000,4.12000
,,,25160000.00000000000,5.12000,4.08000
,,,25200000.00000000000,5.16000,4.08000
,,,25240000.00000000000,5.12000,4.08000
,,,25280000.00000000000,5.16000,4.12000
,,,25320000.00000000000,5.12000,4.04000
,,,25360000.00000000000,5.12000,4.08000
,,,25400000.00000000000,5.12000,4.08000
,,,25440000.00000000000,5.08000,4.12000
,,,25480000.00000000000,5.16000,4.08000
,,,25520000.00000000000,5.12000,4.08000
,,,25560000.00000000000,5.16000,4.12000
,,,25600000.00000000000,5.12000,4.12000
,,,25640000.00000000000,5.16000,4.12000
,,,25680000.00000000000,5.12000,4.08000
,,,25720000.00000000000,5.08000,4.08000
,,,25760000.00000000000,5.12000,4.12000
,,,25800000.00000000000,5.08000,4.08000
,,,25840000.00000000000,5.12000,4.12000
,,,25880000.00000000000,5.08000,4.12000
,,,25920000.00000000000,5.12000,4.12000
,,,25960000.00000000000,5.12000,4.12000
,,,26000000.00000000000,5.12000,4.08000
,,,26040000.00000000000,5.12000,4.12000
,,,26080000.00000000000,5.12000,4.08000
,,,26120000.00000000000,5.20000,4.12000
,,,26160000.00000000000,5.12000,4.08000
,,,26200000.00000000000,5.12000,4.08000
,,,26240000.00000000000,5.12000,4.12000
,,,26280000.00000000000,5.08000,4.12000
,,,26320000.00000000000,5.12000,4.04000
,,,26360000.00000000000,5.12000,4.08000
,,,26400000.00000000000,5.16000,4.08000
,,,26440000.00000000000,5.12000,4.08000
,,,26480000.00000000000,5.12000,4.12000
,,,26520000.00000000000,5.12000,4.08000
,,,26560000.00000000000,5.12000,4.08000
,,,26600000.00000000000,5.12000,4.08000
,,,26640000.00000000000,5.08000,4.12000
,,,26680000.00000000000,5.12000,4.08000
,,,26720000.00000000000,5.08000,4.08000
,,,26760000.00000000000,5.12000,4.12000
,,,26800000.00000000000,5.12000,4.12000
,,,26840000.00000000000,5.12000,4.08000
,,,26880000.00000000000,5.12000,4.08000
,,,26920000.00000000000,5.12000,4.08000
,,,26960000.00000000000,5.12000,4.08000
,,,27000000.00000000000,5.04000,4.12000
,,,27040000.00000000000,5.12000,4.12000
,,,27080000.00000000000,5.12000,4.08000
,,,27120000.00000000000,5.12000,4.12000
,,,27160000.00000000000,5.12000,4.12000
,,,27200000.00000000000,5.12000,4.12000
,,,27240000.00000000000,5.16000,4.12000
,,,27280000.00000000000,5.12000,4.12000
,,,27320000.00000000000,5.12000,4.12000
,,,27360000.00000000000,5.08000,4.12000
,,,27400000.00000000000,5.12000,4.12000
,,,27440000.00000000000,5.16000,4.12000
,,,27480000.00000000000,5.12000,4.08000
,,,27520000.00000000000,5.12000,4.08000
,,,27560000.00000000000,5.12000,4.12000
,,,27600000.00000000000,5.12000,4.12000
,,,27640000.00000000000,5.16000,4.04000
,,,27680000.00000000000,5.12000,4.04000
,,,27720000.00000000000,5.04000,4.12000
,,,27760000.00000000000,5.12000,4.08000
,,,27800000.00000000000,5.12000,4.08000
,,,27840000.00000000000,5.12000,4.12000
,,,27880000.00000000000,5.12000,4.12000
,,,27920000.00000000000,5.16000,4.08000
,,,27960000.00000000000,5.16000,4.08000
,,,28000000.00000000000,5.08000,4.08000
,,,28040000.00000000000,5.16000,4.12000
,,,28080000.00000000000,5.12000,4.12000
,,,28120000.00000000000,5.12000,4.12000
,,,28160000.00000000000,5.12000,4.08000
,,,28200000.00000000000,5.12000,4.08000
,,,28240000.00000000000,5.12000,4.08000
,,,28280000.00000000000,5.12000,4.12000
,,,28320000.00000000000,5.12000,4.12000
,,,28360000.00000000000,5.12000,4.08000
,,,28400000.00000000000,5.12000,4.12000
,,,28440000.00000000000,5.04000,4.12000
,,,28480000.00000000000,5.12000,4.08000
,,,28520000.00000000000,5.04000,4.12000
,,,28560000.00000000000,5.16000,4.08000
,,,28600000.00000000000,5.12000,4.12000
,,,28640000.00000000000,5.12000,4.12000
,,,28680000.00000000000,5.12000,4.12000
,,,28720000.00000000000,5.12000,4.08000
,,,28760000.00000000000,5.16000,4.12000
,,,28800000.00000000000,5.12000,4.08000
,,,28840000.00000000000,5.12000,4.12000
,,,28880000.00000000000,5.12000,4.12000
,,,28920000.00000000000,5.12000,4.08000
,,,28960000.00000000000,5.16000,4.12000
,,,29000000.00000000000,5.12000,4.12000
,,,29040000.00000000000,5.12000,4.12000
,,,29080000.00000000000,5.08000,4.12000
,,,29120000.00000000000,5.12000,4.08000
,,,29160000.00000000000,5.12000,4.12000
,,,29200000.00000000000,5.12000,4.12000
,,,29240000.00000000000,5.12000,4.08000
,,,29280000.00000000000,5.12000,4.12000
,,,29320000.00000000000,5.12000,4.12000
,,,29360000.00000000000,5.16000,4.08000
,,,29400000.00000000000,5.12000,4.12000
,,,29440000.00000000000,5.08000,4.12000
,,,29480000.00000000000,5.12000,4.12000
,,,29520000.00000000000,5.12000,4.12000
,,,29560000.00000000000,5.12000,4.12000
,,,29600000.00000000000,5.12000,4.08000
,,,29640000.00000000000,5.12000,4.08000
,,,29680000.00000000000,5.12000,4.08000
,,,29720000.00000000000,5.04000,4.12000
,,,29760000.00000000000,5.12000,4.08000
,,,29800000.00000000000,5.12000,4.12000
,,,29840000.00000000000,5.12000,4.12000
,,,29880000.00000000000,5.12000,4.12000
,,,29920000.00000000000,5.12000,4.12000
,,,29960000.00000000000,5.12000,4.12000
,,,30000000.00000000000,5.12000,4.08000
,,,30040000.00000000000,5.12000,4.08000
,,,30080000.00000000000,5.08000,4.04000
,,,30120000.00000000000,5.12000,4.08000
,,,30160000.00000000000,5.12000,4.08000
,,,30200000.00000000000,5.16000,4.12000
,,,30240000.00000000000,5.12000,4.12000
,,,30280000.00000000000,5.12000,4.12000
,,,30320000.00000000000,5.16000,4.04000
,,,30360000.00000000000,5.04000,4.08000
,,,30400000.00000000000,5.08000,4.12000
,,,30440000.00000000000,5.08000,4.12000
,,,30480000.00000000000,5.12000,4.12000
,,,30520000.00000000000,5.04000,4.12000
,,,30560000.00000000000,5.12000,4.12000
,,,30600000.00000000000,5.08000,4.12000
,,,30640000.00000000000,5.12000,4.12000
,,,30680000.00000000000,5.12000,4.12000
,,,30720000.00000000000,5.04000,4.12000
,,,30760000.00000000000,5.16000,4.08000
,,,30800000.00000000000,5.12000,4.04000
,,,30840000.00000000000,5.12000,4.08000
,,,30880000.00000000000,5.16000,4.08000
,,,30920000.00000000000,5.08000,4.08000
,,,30960000.00000000000,5.12000,4.12000
,,,31000000.00000000000,5.12000,4.12000
,,,31040000.00000000000,5.12000,4.08000
,,,31080000.00000000000,5.12000,4.12000
,,,31120000.00000000000,5.16000,4.08000
,,,31160000.00000000000,5.12000,4.08000
,,,31200000.00000000000,5.16000,4.12000
,,,31240000.00000000000,5.12000,4.12000
,,,31280000.00000000000,5.12000,4.12000
,,,31320000.00000000000,5.12000,4.08000
,,,31360000.00000000000,5.12000,4.12000
,,,31400000.00000000000,5.12000,4.12000
,,,31440000.00000000000,5.08000,4.12000
,,,31480000.00000000000,5.12000,4.12000
,,,31520000.00000000000,5.12000,4.12000
,,,31560000.00000000000,5.12000,4.12000
,,,31600000.00000000000,5.12000,4.12000
,,,31640000.00000000000,5.12000,4.12000
,,,31680000.00000000000,5.12000,4.08000
,,,31720000.00000000000,5.08000,4.04000
,,,31760000.00000000000,5.12000,4.08000
,,,31800000.00000000000,5.16000,4.08000
,,,31840000.00000000000,5.12000,4.08000
,,,31880000.00000000000,5.08000,4.08000
,,,31920000.00000000000,5.12000,4.08000
,,,31960000.00000000000,5.12000,4.08000
,,,32000000.00000000000,5.12000,4.12000
,,,32040000.00000000000,5.16000,4.12000
,,,32080000.00000000000,5.12000,4.08000
,,,32120000.00000000000,5.16000,4.12000
,,,32160000.00000000000,5.16000,4.12000
,,,32200000.00000000000,5.08000,4.12000
,,,32240000.00000000000,5.16000,4.12000
,,,32280000.00000000000,5.12000,4.12000
,,,32320000.00000000000,5.16000,4.12000
,,,32360000.00000000000,5.12000,4.12000
,,,32400000.00000000000,5.08000,4.08000
,,,32440000.00000000000,5.12000,4.08000
,,,32480000.00000000000,5.12000,4.12000
,,,32520000.00000000000,5.12000,4.12000
,,,32560000.00000000000,5.08000,4.08000
,,,32600000.00000000000,5.16000,4.08000
,,,32640000.00000000000,5.08000,4.12000
,,,32680000.00000000000,5.12000,4.04000
,,,32720000.00000000000,5.12000,4.08000
,,,32760000.00000000000,5.16000,4.08000
,,,32800000.00000000000,5.12000,4.08000
,,,32840000.00000000000,5.12000,4.08000
,,,32880000.00000000000,5.12000,4.08000
,,,32920000.00000000000,5.12000,4.12000
,,,32960000.00000000000,5.16000,4.12000
,,,33000000.00000000000,5.04000,4.12000
,,,33040000.00000000000,5.12000,4.12000
,,,33080000.00000000000,5.20000,4.04000
,,,33120000.00000000000,5.12000,4.04000
,,,33160000.00000000000,5.12000,4.08000
,,,33200000.00000000000,5.12000,4.12000
,,,33240000.00000000000,5.12000,4.12000
,,,33280000.00000000000,5.12000,4.08000
,,,33320000.00000000000,5.12000,4.08000
,,,33360000.00000000000,5.12000,4.08000
,,,33400000.00000000000,5.12000,4.12000
,,,33440000.00000000000,5.12000,4.08000
,,,33480000.00000000000,5.12000,4.08000
,,,33520000.00000000000,5.12000,4.08000
,,,33560000.00000000000,5.12000,4.08000
,,,33600000.00000000000,5.12000,4.08000
,,,33640000.00000000000,5.12000,4.08000
,,,33680000.00000000000,5.12000,4.12000
,,,33720000.00000000000,5.12000,4.12000
,,,33760000.00000000000,5.12000,4.12000
,,,33800000.00000000000,5.12000,4.08000
,,,33840000.00000000000,5.16000,4.08000
,,,33880000.00000000000,5.16000,4.12000
,,,33920000.00000000000,5.16000,4.12000
,,,33960000.00000000000,5.16000,4.12000
,,,34000000.00000000000,5.12000,4.04000
,,,34040000.00000000000,5.16000,4.04000
,,,34080000.00000000000,5.16000,4.12000
,,,34120000.00000000000,5.12000,4.08000
,,,34160000.00000000000,5.16000,4.08000
,,,34200000.00000000000,5.12000,4.08000
,,,34240000.00000000000,5.16000,4.08000
,,,34280000.00000000000,5.08000,4.12000
,,,34320000.00000000000,5.12000,4.08000
,,,34360000.00000000000,5.16000,4.08000
,,,34400000.00000000000,5.12000,4.12000
,,,34440000.00000000000,5.16000,4.08000
,,,34480000.00000000000,5.12000,4.12000
,,,34520000.00000000000,5.12000,4.08000
,,,34560000.00000000000,5.12000,4.08000
,,,34600000.00000000000,5.12000,4.08000
,,,34640000.00000000000,5.12000,4.12000
,,,34680000.00000000000,5.12000,4.04000
,,,34720000.00000000000,5.12000,4.12000
,,,34760000.00000000000,5.12000,4.04000
,,,34800000.00000000000,5.12000,4.12000
,,,34840000.00000000000,5.08000,4.08000
,,,34880000.00000000000,5.12000,4.12000
,,,34920000.00000000000,5.16000,4.04000
,,,34960000.00000000000,5.12000,4.04000
,,,35000000.00000000000,5.16000,4.08000
,,,35040000.00000000000,5.12000,4.08000
,,,35080000.00000000000,5.12000,4.12000
,,,35120000.00000000000,5.08000,4.08000
,,,35160000.00000000000,5.16000,4.12000
,,,35200000.00000000000,5.16000,4.08000
,,,35240000.00000000000,5.12000,4.12000
,,,35280000.00000000000,5.12000,4.12000
,,,35320000.00000000000,5.12000,4.08000
,,,35360000.00000000000,5.16000,4.08000
,,,35400000.00000000000,5.08000,4.08000
,,,35440000.00000000000,5.12000,4.08000
,,,35480000.00000000000,5.12000,4.04000
,,,35520000.00000000000,5.16000,4.12000
,,,35560000.00000000000,5.08000,4.12000
,,,35600000.00000000000,5.08000,4.12000
,,,35640000.00000000000,5.08000,4.12000
,,,35680000.00000000000,5.12000,4.08000
,,,35720000.00000000000,5.16000,4.08000
,,,35760000.00000000000,5.12000,4.12000
,,,35800000.00000000000,5.16000,4.08000
,,,35840000.00000000000,5.12000,4.08000
,,,35880000.00000000000,5.12000,4.08000
,,,35920000.00000000000,5.12000,4.12000
,,,35960000.00000000000,5.12000,4.12000
,,,36000000.00000000000,5.16000,4.08000
,,,36040000.00000000000,5.12000,4.12000
,,,36080000.00000000000,5.12000,4.08000
,,,36120000.00000000000,5.12000,4.08000
,,,36160000.00000000000,5.16000,4.16000
,,,36200000.00000000000,5.08000,4.08000
,,,36240000.00000000000,5.12000,4.08000
,,,36280000.00000000000,5.12000,4.12000
,,,36320000.00000000000,5.12000,4.12000
,,,36360000.00000000000,5.12000,4.08000
,,,36400000.00000000000,5.12000,4.04000
,,,36440000.00000000000,5.16000,4.12000
,,,36480000.00000000000,5.08000,4.12000
,,,36520000.00000000000,5.12000,4.08000
,,,36560000.00000000000,5.16000,4.08000
,,,36600000.00000000000,5.12000,4.08000
,,,36640000.00000000000,5.12000,4.08000
,,,36680000.00000000000,5.12000,4.12000
,,,36720000.00000000000,5.16000,4.08000
,,,36760000.00000000000,5.12000,4.08000
,,,36800000.00000000000,5.08000,4.12000
,,,36840000.00000000000,5.16000,4.12000
,,,36880000.00000000000,5.12000,4.08000
,,,36920000.00000000000,5.16000,4.12000
,,,36960000.00000000000,5.12000,4.08000
,,,37000000.00000000000,5.20000,4.12000
,,,37040000.00000000000,5.12000,4.12000
,,,37080000.00000000000,5.12000,4.12000
,,,37120000.00000000000,5.16000,4.08000
,,,37160000.00000000000,5.12000,4.12000
,,,37200000.00000000000,5.16000,4.08000
,,,37240000.00000000000,5.12000,4.12000
,,,37280000.00000000000,5.16000,4.12000
,,,37320000.00000000000,5.12000,4.16000
,,,37360000.00000000000,5.16000,4.12000
,,,37400000.00000000000,5.08000,4.12000
,,,37440000.00000000000,5.12000,4.08000
,,,37480000.00000000000,5.12000,4.12000
,,,37520000.00000000000,5.12000,4.12000
,,,37560000.00000000000,5.12000,4.12000
,,,37600000.00000000000,5.08000,4.12000
,,,37640000.00000000000,5.12000,4.12000
,,,37680000.00000000000,5.12000,4.08000
,,,37720000.00000000000,5.12000,4.12000
,,,37760000.00000000000,5.12000,4.12000
,,,37800000.00000000000,5.12000,4.08000
,,,37840000.00000000000,5.12000,4.08000
,,,37880000.00000000000,5.16000,4.12000
,,,37920000.00000000000,5.16000,4.08000
,,,37960000.00000000000,5.16000,4.08000
,,,38000000.00000000000,5.12000,4.08000
,,,38040000.00000000000,5.12000,4.08000
,,,38080000.00000000000,5.16000,4.08000
,,,38120000.00000000000,5.12000,4.08000
,,,38160000.00000000000,5.12000,4.08000
,,,38200000.00000000000,5.12000,4.08000
,,,38240000.00000000000,5.08000,4.08000
,,,38280000.00000000000,5.12000,4.08000
,,,38320000.00000000000,5.08000,4.12000
,,,38360000.00000000000,5.12000,4.04000
,,,38400000.00000000000,5.12000,4.12000
,,,38440000.00000000000,5.12000,4.08000
,,,38480000.00000000000,5.12000,4.12000
,,,38520000.00000000000,5.12000,4.12000
,,,38560000.00000000000,5.12000,4.08000
,,,38600000.00000000000,5.12000,4.12000
,,,38640000.00000000000,5.12000,4.08000
,,,38680000.00000000000,5.12000,4.08000
,,,38720000.00000000000,5.16000,4.08000
,,,38760000.00000000000,5.08000,4.04000
,,,38800000.00000000000,5.12000,4.12000
,,,38840000.00000000000,5.16000,4.08000
,,,38880000.00000000000,5.12000,4.12000
,,,38920000.00000000000,5.12000,4.08000
,,,38960000.00000000000,5.12000,4.08000
,,,39000000.00000000000,5.20000,4.12000
,,,39040000.00000000000,5.12000,4.12000
,,,39080000.00000000000,5.12000,4.12000
,,,39120000.00000000000,5.12000,4.08000
,,,39160000.00000000000,5.12000,4.08000
,,,39200000.00000000000,5.12000,4.12000
,,,39240000.00000000000,5.12000,4.08000
,,,39280000.00000000000,5.16000,4.08000
,,,39320000.00000000000,5.08000,4.08000
,,,39360000.00000000000,5.12000,4.12000
,,,39400000.00000000000,5.08000,4.08000
,,,39440000.00000000000,5.16000,4.12000
,,,39480000.00000000000,5.12000,4.08000
,,,39520000.00000000000,5.12000,4.12000
,,,39560000.00000000000,5.12000,4.08000
,,,39600000.00000000000,5.08000,4.12000
,,,39640000.00000000000,5.12000,4.12000
,,,39680000.00000000000,5.12000,4.12000
,,,39720000.00000000000,5.12000,4.12000
,,,39760000.00000000000,5.08000,4.12000
,,,39800000.00000000000,5.12000,4.12000
,,,39840000.00000000000,5.12000,4.12000
,,,39880000.00000000000,5.16000,4.08000
,,,39920000.00000000000,5.12000,4.08000
,,,39960000.00000000000,5.12000,4.08000
,,,40000000.00000000000,5.20000,4.12000
,,,40040000.00000000000,5.12000,4.12000
,,,40080000.00000000000,5.12000,4.08000
,,,40120000.00000000000,5.12000,4.12000
,,,40160000.00000000000,5.12000,4.12000
,,,40200000.00000000000,5.12000,4.12000
,,,40240000.00000000000,5.08000,4.12000
,,,40280000.00000000000,5.12000,4.12000
,,,40320000.00000000000,5.12000,4.04000
,,,40360000.00000000000,5.12000,4.04000
,,,40400000.00000000000,5.04000,4.12000
,,,40440000.00000000000,5.12000,4.12000
,,,40480000.00000000000,5.16000,4.12000
,,,40520000.00000000000,5.08000,4.12000
,,,40560000.00000000000,5.12000,4.08000
,,,40600000.00000000000,5.08000,4.08000
,,,40640000.00000000000,5.16000,4.08000
,,,40680000.00000000000,5.12000,4.08000
,,,40720000.00000000000,5.12000,4.12000
,,,40760000.00000000000,5.08000,4.08000
,,,40800000.00000000000,5.12000,4.12000
,,,40840000.00000000000,5.12000,4.08000
,,,40880000.00000000000,5.12000,4.08000
,,,40920000.00000000000,5.12000,4.12000
,,,40960000.00000000000,5.12000,4.08000
,,,41000000.00000000000,5.16000,4.08000
,,,41040000.00000000000,5.12000,4.12000
,,,41080000.00000000000,5.16000,4.12000
,,,41120000.00000000000,5.12000,4.08000
,,,41160000.00000000000,5.16000,4.12000
,,,41200000.00000000000,5.12000,4.12000
,,,41240000.00000000000,5.12000,4.08000
,,,41280000.00000000000,5.16000,4.08000
,,,41320000.00000000000,5.12000,4.12000
,,,41360000.00000000000,5.12000,4.12000
,,,41400000.00000000000,5.12000,4.08000
,,,41440000.00000000000,5.12000,4.12000
,,,41480000.00000000000,5.08000,4.04000
,,,41520000.00000000000,5.12000,4.08000
,,,41560000.00000000000,5.12000,4.08000
,,,41600000.00000000000,5.12000,4.08000
,,,41640000.00000000000,5.12000,4.12000
,,,41680000.00000000000,5.12000,4.08000
,,,41720000.00000000000,5.12000,4.12000
,,,41760000.00000000000,5.12000,4.08000
,,,41800000.00000000000,5.08000,4.04000
,,,41840000.00000000000,5.16000,4.12000
,,,41880000.00000000000,5.12000,4.12000
,,,41920000.00000000000,5.12000,4.12000
,,,41960000.00000000000,5.12000,4.12000
,,,42000000.00000000000,5.12000,4.08000
,,,42040000.00000000000,5.08000,4.12000
,,,42080000.00000000000,5.12000,4.08000
,,,42120000.00000000000,5.12000,4.08000
,,,42160000.00000000000,5.16000,4.08000
,,,42200000.00000000000,5.12000,4.08000
,,,42240000.00000000000,5.12000,4.08000
,,,42280000.00000000000,5.12000,4.12000
,,,42320000.00000000000,5.12000,4.12000
,,,42360000.00000000000,5.12000,4.08000
,,,42400000.00000000000,5.12000,4.12000
,,,42440000.00000000000,5.12000,4.08000
,,,42480000.00000000000,5.12000,4.12000
,,,42520000.00000000000,5.12000,4.04000
,,,42560000.00000000000,5.04000,4.08000
,,,42600000.00000000000,5.08000,4.08000
,,,42640000.00000000000,5.12000,4.12000
,,,42680000.00000000000,5.16000,4.12000
,,,42720000.00000000000,5.12000,4.12000
,,,42760000.00000000000,5.08000,4.12000
,,,42800000.00000000000,5.12000,4.04000
,,,42840000.00000000000,5.16000,4.12000
,,,42880000.00000000000,5.12000,4.12000
,,,42920000.00000000000,5.16000,4.08000
,,,42960000.00000000000,5.12000,4.12000
,,,43000000.00000000000,5.12000,4.08000
,,,43040000.00000000000,5.12000,4.12000
,,,43080000.00000000000,5.12000,4.08000
,,,43120000.00000000000,5.12000,4.12000
,,,43160000.00000000000,5.12000,4.12000
,,,43200000.00000000000,5.12000,4.08000
,,,43240000.00000000000,5.12000,4.12000
,,,43280000.00000000000,5.16000,4.08000
,,,43320000.00000000000,5.12000,4.08000
,,,43360000.00000000000,5.12000,4.12000
,,,43400000.00000000000,5.12000,4.08000
,,,43440000.00000000000,5.12000,4.12000
,,,43480000.00000000000,5.12000,4.08000
,,,43520000.00000000000,5.12000,4.12000
,,,43560000.00000000000,5.12000,4.12000
,,,43600000.00000000000,5.12000,4.12000
,,,43640000.00000000000,5.12000,4.12000
,,,43680000.00000000000,5.12000,4.12000
,,,43720000.00000000000,5.12000,4.12000
,,,43760000.00000000000,5.12000,4.12000
,,,43800000.00000000000,5.12000,4.12000
,,,43840000.00000000000,5.12000,4.12000
,,,43880000.00000000000,5.12000,4.12000
,,,43920000.00000000000,5.16000,4.08000
,,,43960000.00000000000,5.16000,4.08000
,,,44000000.00000000000,5.12000,4.12000
,,,44040000.00000000000,5.16000,4.12000
,,,44080000.00000000000,5.12000,4.12000
,,,44120000.00000000000,5.16000,4.12000
,,,44160000.00000000000,5.16000,4.12000
,,,44200000.00000000000,5.20000,4.12000
,,,44240000.00000000000,5.12000,4.08000
,,,44280000.00000000000,5.12000,4.16000
,,,44320000.00000000000,5.12000,4.08000
,,,44360000.00000000000,5.12000,4.12000
,,,44400000.00000000000,5.12000,4.12000
,,,44440000.00000000000,5.12000,4.12000
,,,44480000.00000000000,5.12000,4.08000
,,,44520000.00000000000,5.12000,4.12000
,,,44560000.00000000000,5.12000,4.08000
,,,44600000.00000000000,5.12000,4.08000
,,,44640000.00000000000,5.12000,4.12000
,,,44680000.00000000000,5.12000,4.12000
,,,44720000.00000000000,5.16000,4.12000
,,,44760000.00000000000,5.12000,4.08000
,,,44800000.00000000000,5.12000,4.12000
,,,44840000.00000000000,5.12000,4.08000
,,,44880000.00000000000,5.08000,4.08000
,,,44920000.00000000000,5.12000,4.12000
,,,44960000.00000000000,5.16000,4.08000
,,,45000000.00000000000,5.16000,4.08000
,,,45040000.00000000000,5.16000,4.08000
,,,45080000.00000000000,5.12000,4.08000
,,,45120000.00000000000,5.12000,4.08000
,,,45160000.00000000000,5.12000,4.08000
,,,45200000.00000000000,5.12000,4.12000
,,,45240000.00000000000,5.16000,4.12000
,,,45280000.00000000000,5.12000,4.12000
,,,45320000.00000000000,5.12000,4.12000
,,,45360000.00000000000,5.16000,4.04000
,,,45400000.00000000000,5.20000,4.08000
,,,45440000.00000000000,5.12000,4.08000
,,,45480000.00000000000,5.12000,4.12000
,,,45520000.00000000000,5.12000,4.08000
,,,45560000.00000000000,5.12000,4.04000
,,,45600000.00000000000,5.12000,4.08000
,,,45640000.00000000000,5.12000,4.16000
,,,45680000.00000000000,5.12000,4.12000
,,,45720000.00000000000,5.08000,4.08000
,,,45760000.00000000000,5.16000,4.08000
,,,45800000.00000000000,5.12000,4.12000
,,,45840000.00000000000,5.12000,4.12000
,,,45880000.00000000000,5.12000,4.12000
,,,45920000.00000000000,5.12000,4.12000
,,,45960000.00000000000,5.12000,4.12000
,,,46000000.00000000000,5.12000,4.04000
,,,46040000.00000000000,5.12000,4.12000
,,,46080000.00000000000,5.12000,4.12000
,,,46120000.00000000000,5.12000,4.12000
,,,46160000.00000000000,5.12000,4.12000
,,,46200000.00000000000,5.12000,4.08000
,,,46240000.00000000000,5.16000,4.08000
,,,46280000.00000000000,5.12000,4.12000
,,,46320000.00000000000,5.12000,4.08000
,,,46360000.00000000000,5.12000,4.08000
,,,46400000.00000000000,5.12000,4.12000
,,,46440000.00000000000,5.12000,4.04000
,,,46480000.00000000000,5.12000,4.08000
,,,46520000.00000000000,5.08000,4.04000
,,,46560000.00000000000,5.16000,4.12000
,,,46600000.00000000000,5.12000,4.08000
,,,46640000.00000000000,5.12000,4.08000
,,,46680000.00000000000,5.12000,4.12000
,,,46720000.00000000000,5.12000,4.12000
,,,46760000.00000000000,5.16000,4.12000
,,,46800000.00000000000,5.08000,4.08000
,,,46840000.00000000000,5.12000,4.08000
,,,46880000.00000000000,5.12000,4.12000
,,,46920000.00000000000,5.16000,4.08000
,,,46960000.00000000000,5.12000,4.08000
,,,47000000.00000000000,5.12000,4.08000
,,,47040000.00000000000,5.16000,4.08000
,,,47080000.00000000000,5.12000,4.12000
,,,47120000.00000000000,5.16000,4.12000
,,,47160000.00000000000,5.08000,4.12000
,,,47200000.00000000000,5.12000,4.08000
,,,47240000.00000000000,5.12000,4.12000
,,,47280000.00000000000,5.12000,4.08000
,,,47320000.00000000000,5.12000,4.12000
,,,47360000.00000000000,5.12000,4.12000
,,,47400000.00000000000,5.16000,4.12000
,,,47440000.00000000000,5.12000,4.12000
,,,47480000.00000000000,5.16000,4.12000
,,,47520000.00000000000,5.12000,4.12000
,,,47560000.00000000000,5.12000,4.12000
,,,47600000.00000000000,5.12000,4.12000
,,,47640000.00000000000,5.08000,4.12000
,,,47680000.00000000000,5.16000,4.12000
,,,47720000.00000000000,5.08000,4.12000
,,,47760000.00000000000,5.12000,4.08000
,,,47800000.00000000000,5.12000,4.08000
,,,47840000.00000000000,5.12000,4.08000
,,,47880000.00000000000,5.12000,4.12000
,,,47920000.00000000000,5.12000,4.08000
,,,47960000.00000000000,5.12000,4.08000
,,,48000000.00000000000,5.16000,4.08000
,,,48040000.00000000000,5.12000,4.08000
,,,48080000.00000000000,5.12000,4.08000
,,,48120000.00000000000,5.16000,4.12000
,,,48160000.00000000000,5.12000,4.12000
,,,48200000.00000000000,5.16000,4.12000
,,,48240000.00000000000,5.12000,4.12000
,,,48280000.00000000000,5.12000,4.12000
,,,48320000.00000000000,5.12000,4.08000
,,,48360000.00000000000,5.12000,4.08000
,,,48400000.00000000000,5.12000,4.08000
,,,48440000.00000000000,5.12000,4.04000
,,,48480000.00000000000,5.16000,4.08000
,,,48520000.00000000000,5.12000,4.12000
,,,48560000.00000000000,5.12000,4.04000
,,,48600000.00000000000,5.16000,4.12000
,,,48640000.00000000000,5.08000,4.08000
,,,48680000.00000000000,5.12000,4.08000
,,,48720000.00000000000,5.12000,4.08000
,,,48760000.00000000000,5.16000,4.12000
,,,48800000.00000000000,5.12000,4.12000
,,,48840000.00000000000,5.12000,4.08000
,,,48880000.00000000000,5.12000,4.12000
,,,48920000.00000000000,5.12000,4.08000
,,,48960000.00000000000,5.12000,4.08000
,,,49000000.00000000000,5.12000,4.08000
,,,49040000.00000000000,5.16000,4.12000
,,,49080000.00000000000,5.12000,4.04000
,,,49120000.00000000000,5.12000,4.08000
,,,49160000.00000000000,5.12000,4.12000
,,,49200000.00000000000,5.12000,4.08000
,,,49240000.00000000000,5.16000,4.08000
,,,49280000.00000000000,5.08000,4.12000
,,,49320000.00000000000,5.16000,4.12000
,,,49360000.00000000000,5.12000,4.12000
,,,49400000.00000000000,5.12000,4.12000
,,,49440000.00000000000,5.12000,4.12000
,,,49480000.00000000000,5.12000,4.08000
,,,49520000.00000000000,5.08000,4.12000
,,,49560000.00000000000,5.16000,4.12000
,,,49600000.00000000000,5.12000,4.12000
,,,49640000.00000000000,5.12000,4.08000
,,,49680000.00000000000,5.12000,4.12000
,,,49720000.00000000000,5.12000,4.12000
,,,49760000.00000000000,5.08000,4.12000
,,,49800000.00000000000,5.12000,4.08000
,,,49840000.00000000000,5.16000,4.08000
,,,49880000.00000000000,5.08000,4.08000
,,,49920000.00000000000,5.16000,4.08000
,,,49960000.00000000000,5.16000,4.08000
,,,50000000.00000000000,5.12000,4.08000
,,,50040000.00000000000,5.16000,4.04000
,,,50080000.00000000000,5.12000,4.12000
,,,50120000.00000000000,5.12000,4.08000
,,,50160000.00000000000,5.12000,4.12000
,,,50200000.00000000000,5.12000,4.08000
,,,50240000.00000000000,5.08000,4.12000
,,,50280000.00000000000,5.16000,4.08000
,,,50320000.00000000000,5.12000,4.12000
,,,50360000.00000000000,5.12000,4.08000
,,,50400000.00000000000,5.16000,4.08000
,,,50440000.00000000000,5.04000,4.12000
,,,50480000.00000000000,5.12000,4.12000
,,,50520000.00000000000,5.12000,4.12000
,,,50560000.00000000000,5.12000,4.12000
,,,50600000.00000000000,5.12000,4.12000
,,,50640000.00000000000,5.12000,4.12000
,,,50680000.00000000000,5.12000,4.08000
,,,50720000.00000000000,5.08000,4.12000
,,,50760000.00000000000,5.12000,4.08000
,,,50800000.00000000000,5.12000,4.12000
,,,50840000.00000000000,5.12000,4.04000
,,,50880000.00000000000,5.12000,4.08000
,,,50920000.00000000000,5.12000,4.12000
,,,50960000.00000000000,5.12000,4.08000
,,,51000000.00000000000,5.12000,4.08000
,,,51040000.00000000000,5.12000,4.08000
,,,51080000.00000000000,5.12000,4.08000
,,,51120000.00000000000,5.12000,4.08000
,,,51160000.00000000000,5.08000,4.08000
,,,51200000.00000000000,5.12000,4.08000
,,,51240000.00000000000,5.12000,4.08000
,,,51280000.00000000000,5.12000,4.12000
,,,51320000.00000000000,5.12000,4.12000
,,,51360000.00000000000,5.12000,4.12000
,,,51400000.00000000000,5.16000,4.08000
,,,51440000.00000000000,5.12000,4.12000
,,,51480000.00000000000,5.12000,4.12000
,,,51520000.00000000000,5.12000,4.12000
,,,51560000.00000000000,5.16000,4.12000
,,,51600000.00000000000,5.12000,4.12000
,,,51640000.00000000000,5.12000,4.12000
,,,51680000.00000000000,5.12000,4.08000
,,,51720000.00000000000,5.12000,4.12000
,,,51760000.00000000000,5.12000,4.08000
,,,51800000.00000000000,5.12000,4.08000
,,,51840000.00000000000,5.12000,4.12000
,,,51880000.00000000000,5.16000,4.08000
,,,51920000.00000000000,5.12000,4.08000
,,,51960000.00000000000,5.12000,4.08000
,,,52000000.00000000000,5.12000,4.12000
,,,52040000.00000000000,5.12000,4.12000
,,,52080000.00000000000,5.08000,4.08000
,,,52120000.00000000000,5.12000,4.08000
,,,52160000.00000000000,5.12000,4.12000
,,,52200000.00000000000,5.12000,4.08000
,,,52240000.00000000000,5.12000,4.08000
,,,52280000.00000000000,5.12000,4.12000
,,,52320000.00000000000,5.16000,4.04000
,,,52360000.00000000000,5.12000,4.12000
,,,52400000.00000000000,5.16000,4.12000
,,,52440000.00000000000,5.12000,4.12000
,,,52480000.00000000000,5.12000,4.12000
,,,52520000.00000000000,5.12000,4.12000
,,,52560000.00000000000,5.12000,4.08000
,,,52600000.00000000000,5.12000,4.08000
,,,52640000.00000000000,5.16000,4.16000
,,,52680000.00000000000,5.12000,4.12000
,,,52720000.00000000000,5.08000,4.08000
,,,52760000.00000000000,5.08000,4.12000
,,,52800000.00000000000,5.12000,4.12000
,,,52840000.00000000000,5.12000,4.12000
,,,52880000.00000000000,5.12000,4.12000
,,,52920000.00000000000,5.12000,4.12000
,,,52960000.00000000000,5.12000,4.12000
,,,53000000.00000000000,5.12000,4.12000
,,,53040000.00000000000,5.16000,4.08000
,,,53080000.00000000000,5.12000,4.08000
,,,53120000.00000000000,5.08000,4.12000
,,,53160000.00000000000,5.16000,4.04000
,,,53200000.00000000000,5.16000,4.12000
,,,53240000.00000000000,5.12000,4.12000
,,,53280000.00000000000,5.12000,4.12000
,,,53320000.00000000000,5.16000,4.08000
,,,53360000.00000000000,5.12000,4.12000
,,,53400000.00000000000,5.12000,4.08000
,,,53440000.00000000000,5.12000,4.12000
,,,53480000.00000000000,5.12000,4.08000
,,,53520000.00000000000,5.04000,4.12000
,,,53560000.00000000000,5.12000,4.08000
,,,53600000.00000000000,5.12000,4.12000
,,,53640000.00000000000,5.12000,4.12000
,,,53680000.00000000000,5.12000,4.08000
,,,53720000.00000000000,5.12000,4.08000
,,,53760000.00000000000,5.12000,4.12000
,,,53800000.00000000000,5.12000,4.08000
,,,53840000.00000000000,5.12000,4.12000
,,,53880000.00000000000,5.12000,4.08000
,,,53920000.00000000000,5.16000,4.12000
,,,53960000.00000000000,5.16000,4.12000
,,,54000000.00000000000,5.12000,4.12000
,,,54040000.00000000000,5.12000,4.08000
,,,54080000.00000000000,5.16000,4.12000
,,,54120000.00000000000,5.16000,4.12000
,,,54160000.00000000000,5.08000,4.12000
,,,54200000.00000000000,5.16000,4.12000
,,,54240000.00000000000,5.12000,4.04000
,,,54280000.00000000000,5.12000,4.08000
,,,54320000.00000000000,5.16000,4.08000
,,,54360000.00000000000,5.12000,4.12000
,,,54400000.00000000000,5.12000,4.08000
,,,54440000.00000000000,5.16000,4.12000
,,,54480000.00000000000,5.12000,4.08000
,,,54520000.00000000000,5.08000,4.08000
,,,54560000.00000000000,5.16000,4.08000
,,,54600000.00000000000,5.12000,4.08000
,,,54640000.00000000000,5.12000,4.12000
,,,54680000.00000000000,5.16000,4.12000
,,,54720000.00000000000,5.08000,4.12000
,,,54760000.00000000000,5.12000,4.12000
,,,54800000.00000000000,5.12000,4.12000
,,,54840000.00000000000,5.12000,4.08000
,,,54880000.00000000000,5.12000,4.12000
,,,54920000.00000000000,5.12000,4.08000
,,,54960000.00000000000,5.16000,4.08000
,,,55000000.00000000000,5.12000,4.12000
,,,55040000.00000000000,5.12000,4.12000
,,,55080000.00000000000,5.12000,4.12000
,,,55120000.00000000000,5.16000,4.12000
,,,55160000.00000000000,5.08000,4.12000
,,,55200000.00000000000,5.16000,4.08000
,,,55240000.00000000000,5.12000,4.12000
,,,55280000.00000000000,5.12000,4.12000
,,,55320000.00000000000,5.12000,4.08000
,,,55360000.00000000000,5.12000,4.12000
,,,55400000.00000000000,5.08000,4.12000
,,,55440000.00000000000,5.08000,4.08000
,,,55480000.00000000000,5.16000,4.04000
,,,55520000.00000000000,5.12000,4.04000
,,,55560000.00000000000,5.16000,4.08000
,,,55600000.00000000000,5.08000,4.12000
,,,55640000.00000000000,5.12000,4.12000
,,,55680000.00000000000,5.08000,4.08000
,,,55720000.00000000000,5.12000,4.12000
,,,55760000.00000000000,5.12000,4.12000
,,,55800000.00000000000,5.12000,4.08000
,,,55840000.00000000000,5.16000,4.08000
,,,55880000.00000000000,5.12000,4.04000
,,,55920000.00000000000,5.16000,4.12000
,,,55960000.00000000000,5.16000,4.12000
,,,56000000.00000000000,5.12000,4.12000
,,,56040000.00000000000,5.12000,4.12000
,,,56080000.00000000000,5.12000,4.08000
,,,56120000.00000000000,5.16000,4.04000
,,,56160000.00000000000,5.12000,4.08000
,,,56200000.00000000000,5.16000,4.08000
,,,56240000.00000000000,5.12000,4.12000
,,,56280000.00000000000,5.16000,4.12000
,,,56320000.00000000000,5.12000,4.08000
,,,56360000.00000000000,5.12000,4.12000
,,,56400000.00000000000,5.12000,4.12000
,,,56440000.00000000000,5.12000,4.08000
,,,56480000.00000000000,5.08000,4.08000
,,,56520000.00000000000,5.04000,4.08000
,,,56560000.00000000000,5.12000,4.12000
,,,56600000.00000000000,5.12000,4.12000
,,,56640000.00000000000,5.12000,4.12000
,,,56680000.00000000000,5.12000,4.08000
,,,56720000.00000000000,5.12000,4.12000
,,,56760000.00000000000,5.12000,4.12000
,,,56800000.00000000000,5.12000,4.12000
,,,56840000.00000000000,5.12000,4.12000
,,,56880000.00000000000,5.12000,4.08000
,,,56920000.00000000000,5.12000,4.12000
,,,56960000.00000000000,5.16000,4.12000
,,,57000000.00000000000,5.12000,4.12000
,,,57040000.00000000000,5.12000,4.12000
,,,57080000.00000000000,5.12000,4.12000
,,,57120000.00000000000,5.12000,4.08000
,,,57160000.00000000000,5.08000,4.08000
,,,57200000.00000000000,5.12000,4.12000
,,,57240000.00000000000,5.12000,4.08000
,,,57280000.00000000000,5.16000,4.12000
,,,57320000.00000000000,5.16000,4.12000
,,,57360000.00000000000,5.12000,4.08000
,,,57400000.00000000000,5.12000,4.12000
,,,57440000.00000000000,5.08000,4.08000
,,,57480000.00000000000,5.12000,4.12000
,,,57520000.00000000000,5.12000,4.08000
,,,57560000.00000000000,5.12000,4.12000
,,,57600000.00000000000,5.04000,4.12000
,,,57640000.00000000000,5.12000,4.12000
,,,57680000.00000000000,5.12000,4.08000
,,,57720000.00000000000,5.12000,4.12000
,,,57760000.00000000000,5.12000,4.08000
,,,57800000.00000000000,5.12000,4.08000
,,,57840000.00000000000,5.12000,4.12000
,,,57880000.00000000000,5.12000,4.12000
,,,57920000.00000000000,5.08000,4.12000
,,,57960000.00000000000,5.08000,4.12000
,,,58000000.00000000000,5.12000,4.08000
,,,58040000.00000000000,5.12000,4.12000
,,,58080000.00000000000,5.12000,4.08000
,,,58120000.00000000000,5.12000,4.04000
,,,58160000.00000000000,5.12000,4.12000
,,,58200000.00000000000,5.12000,4.12000
,,,58240000.00000000000,5.08000,4.12000
,,,58280000.00000000000,5.16000,4.12000
,,,58320000.00000000000,5.12000,4.12000
,,,58360000.00000000000,5.12000,4.12000
,,,58400000.00000000000,5.08000,4.08000
,,,58440000.00000000000,5.12000,4.12000
,,,58480000.00000000000,5.12000,4.08000
,,,58520000.00000000000,5.12000,4.08000
,,,58560000.00000000000,5.16000,4.08000
,,,58600000.00000000000,5.08000,4.12000
,,,58640000.00000000000,5.12000,4.08000
,,,58680000.00000000000,5.12000,4.12000
,,,58720000.00000000000,5.08000,4.12000
,,,58760000.00000000000,5.16000,4.08000
,,,58800000.00000000000,5.16000,4.08000
,,,58840000.00000000000,5.12000,4.12000
,,,58880000.00000000000,5.12000,4.12000
,,,58920000.00000000000,5.12000,4.12000
,,,58960000.00000000000,5.16000,4.12000
,,,59000000.00000000000,5.12000,4.16000
,,,59040000.00000000000,5.12000,4.08000
,,,59080000.00000000000,5.16000,4.12000
,,,59120000.00000000000,5.12000,4.12000
,,,59160000.00000000000,5.12000,4.12000
,,,59200000.00000000000,5.12000,4.12000
,,,59240000.00000000000,5.12000,4.12000
,,,59280000.00000000000,5.12000,4.12000
,,,59320000.00000000000,5.12000,4.08000
,,,59360000.00000000000,5.12000,4.12000
,,,59400000.00000000000,5.12000,4.08000
,,,59440000.00000000000,5.12000,4.12000
,,,59480000.00000000000,5.08000,4.12000
,,,59520000.00000000000,5.08000,4.08000
,,,59560000.00000000000,5.12000,4.12000
,,,59600000.00000000000,5.12000,4.12000
,,,59640000.00000000000,5.12000,4.08000
,,,59680000.00000000000,5.12000,4.08000
,,,59720000.00000000000,5.12000,4.08000
,,,59760000.00000000000,5.12000,4.12000
,,,59800000.00000000000,5.16000,4.04000
,,,59840000.00000000000,5.12000,4.12000
,,,59880000.00000000000,5.12000,4.12000
,,,59920000.00000000000,5.16000,4.12000
,,,59960000.00000000000,5.16000,4.12000
,,,60000000.00000000000,5.08000,4.12000
,,,60040000.00000000000,5.12000,4.12000
,,,60080000.00000000000,5.12000,4.08000
,,,60120000.00000000000,5.12000,4.12000
,,,60160000.00000000000,5.12000,4.08000
,,,60200000.00000000000,5.12000,4.12000
,,,60240000.00000000000,5.12000,4.08000
,,,60280000.00000000000,5.12000,4.08000
,,,60320000.00000000000,5.12000,4.12000
,,,60360000.00000000000,5.08000,4.08000
,,,60400000.00000000000,5.08000,4.12000
,,,60440000.00000000000,5.12000,4.12000
,,,60480000.00000000000,5.08000,4.12000
,,,60520000.00000000000,5.12000,4.12000
,,,60560000.00000000000,5.12000,4.08000
,,,60600000.00000000000,5.16000,4.08000
,,,60640000.00000000000,5.08000,4.12000
,,,60680000.00000000000,5.12000,4.12000
,,,60720000.00000000000,5.12000,4.08000
,,,60760000.00000000000,5.12000,4.08000
,,,60800000.00000000000,5.16000,4.12000
,,,60840000.00000000000,5.08000,4.12000
,,,60880000.00000000000,5.12000,4.12000
,,,60920000.00000000000,5.16000,4.12000
,,,60960000.00000000000,5.16000,4.12000
,,,61000000.00000000000,5.12000,4.08000
,,,61040000.00000000000,5.12000,4.12000
,,,61080000.00000000000,5.12000,4.12000
,,,61120000.00000000000,5.12000,4.12000
,,,61160000.00000000000,5.12000,4.12000
,,,61200000.00000000000,5.12000,4.12000
,,,61240000.00000000000,5.08000,4.12000
,,,61280000.00000000000,5.12000,4.08000
,,,61320000.00000000000,5.16000,4.08000
,,,61360000.00000000000,5.12000,4.12000
,,,61400000.00000000000,5.08000,4.12000
,,,61440000.00000000000,5.16000,4.08000
,,,61480000.00000000000,5.08000,4.12000
,,,61520000.00000000000,5.12000,4.04000
,,,61560000.00000000000,5.08000,4.12000
,,,61600000.00000000000,5.12000,4.08000
,,,61640000.00000000000,5.08000,4.08000
,,,61680000.00000000000,5.12000,4.12000
,,,61720000.00000000000,5.08000,4.12000
,,,61760000.00000000000,5.16000,4.08000
,,,61800000.00000000000,5.12000,4.12000
,,,61840000.00000000000,5.12000,4.12000
,,,61880000.00000000000,5.12000,4.12000
,,,61920000.00000000000,5.12000,4.12000
,,,61960000.00000000000,5.12000,4.12000
,,,62000000.00000000000,5.12000,4.08000
,,,62040000.00000000000,5.12000,4.08000
,,,62080000.00000000000,5.12000,4.12000
,,,62120000.00000000000,5.12000,4.08000
,,,62160000.00000000000,5.12000,4.12000
,,,62200000.00000000000,5.16000,4.04000
,,,62240000.00000000000,5.12000,4.12000
,,,62280000.00000000000,5.16000,4.12000
,,,62320000.00000000000,5.12000,4.08000
,,,62360000.00000000000,5.16000,4.08000
,,,62400000.00000000000,5.08000,4.08000
,,,62440000.00000000000,5.12000,4.04000
,,,62480000.00000000000,5.12000,4.08000
,,,62520000.00000000000,5.12000,4.08000
,,,62560000.00000000000,5.12000,4.12000
,,,62600000.00000000000,5.08000,4.12000
,,,62640000.00000000000,5.12000,4.08000
,,,62680000.00000000000,5.12000,4.12000
,,,62720000.00000000000,5.12000,4.12000
,,,62760000.00000000000,5.12000,4.08000
,,,62800000.00000000000,5.12000,4.12000
,,,62840000.00000000000,5.12000,4.04000
,,,62880000.00000000000,5.08000,4.12000
,,,62920000.00000000000,5.12000,4.08000
,,,62960000.00000000000,5.12000,4.12000
,,,63000000.00000000000,5.12000,4.12000
,,,63040000.00000000000,5.12000,4.12000
,,,63080000.00000000000,5.16000,4.12000
,,,63120000.00000000000,5.12000,4.12000
,,,63160000.00000000000,5.12000,4.08000
,,,63200000.00000000000,5.16000,4.08000
,,,63240000.00000000000,5.12000,4.12000
,,,63280000.00000000000,5.12000,4.16000
,,,63320000.00000000000,5.12000,4.08000
,,,63360000.00000000000,5.16000,4.08000
,,,63400000.00000000000,5.12000,4.08000
,,,63440000.00000000000,5.12000,4.08000
,,,63480000.00000000000,5.16000,4.08000
,,,63520000.00000000000,5.12000,4.08000
,,,63560000.00000000000,5.12000,4.12000
,,,63600000.00000000000,5.04000,4.12000
,,,63640000.00000000000,5.12000,4.08000
,,,63680000.00000000000,5.12000,4.12000
,,,63720000.00000000000,5.12000,4.12000
,,,63760000.00000000000,5.12000,4.04000
,,,63800000.00000000000,5.12000,4.12000
,,,63840000.00000000000,5.08000,4.12000
,,,63880000.00000000000,5.12000,4.12000
,,,63920000.00000000000,5.12000,4.12000
,,,63960000.00000000000,5.12000,4.12000
,,,64000000.00000000000,5.12000,4.16000
,,,64040000.00000000000,5.12000,4.12000
,,,64080000.00000000000,5.12000,4.08000
,,,64120000.00000000000,5.16000,4.12000
,,,64160000.00000000000,5.12000,4.08000
,,,64200000.00000000000,5.16000,4.08000
,,,64240000.00000000000,5.12000,4.12000
,,,64280000.00000000000,5.12000,4.12000
,,,64320000.00000000000,5.12000,4.12000
,,,64360000.00000000000,5.08000,4.12000
,,,64400000.00000000000,5.16000,4.12000
,,,64440000.00000000000,5.12000,4.08000
,,,64480000.00000000000,5.12000,4.12000
,,,64520000.00000000000,5.08000,4.08000
,,,64560000.00000000000,5.12000,4.12000
,,,64600000.00000000000,5.08000,4.12000
,,,64640000.00000000000,5.08000,4.08000
,,,64680000.00000000000,5.12000,4.12000
,,,64720000.00000000000,5.08000,4.08000
,,,64760000.00000000000,5.16000,4.08000
,,,64800000.00000000000,5.08000,4.04000
,,,64840000.00000000000,5.16000,4.08000
,,,64880000.00000000000,5.12000,4.12000
,,,64920000.00000000000,5.12000,4.12000
,,,64960000.00000000000,5.12000,4.12000
,,,65000000.00000000000,5.16000,4.16000
,,,65040000.00000000000,5.12000,4.12000
,,,65080000.00000000000,5.12000,4.12000
,,,65120000.00000000000,5.16000,4.16000
,,,65160000.00000000000,5.16000,4.12000
,,,65200000.00000000000,5.12000,4.12000
,,,65240000.00000000000,5.16000,4.12000
,,,65280000.00000000000,5.12000,4.12000
,,,65320000.00000000000,5.16000,4.08000
,,,65360000.00000000000,5.12000,4.08000
,,,65400000.00000000000,5.16000,4.08000
,,,65440000.00000000000,5.08000,4.12000
,,,65480000.00000000000,5.12000,4.12000
,,,65520000.00000000000,5.12000,4.12000
,,,65560000.00000000000,5.12000,4.12000
,,,65600000.00000000000,5.04000,4.04000
,,,65640000.00000000000,5.12000,4.12000
,,,65680000.00000000000,5.12000,4.12000
,,,65720000.00000000000,5.12000,4.12000
,,,65760000.00000000000,5.08000,4.08000
,,,65800000.00000000000,5.12000,4.12000
,,,65840000.00000000000,5.12000,4.08000
,,,65880000.00000000000,5.12000,4.08000
,,,65920000.00000000000,5.16000,4.08000
,,,65960000.00000000000,5.16000,4.08000
,,,66000000.00000000000,5.12000,4.08000
,,,66040000.00000000000,5.12000,4.12000
,,,66080000.00000000000,5.12000,4.12000
,,,66120000.00000000000,5.16000,4.12000
,,,66160000.00000000000,5.12000,4.12000
,,,66200000.00000000000,5.16000,4.12000
,,,66240000.00000000000,5.12000,4.12000
,,,66280000.00000000000,5.12000,4.12000
,,,66320000.00000000000,5.12000,4.08000
,,,66360000.00000000000,5.08000,4.16000
,,,66400000.00000000000,5.12000,4.08000
,,,66440000.00000000000,5.08000,4.08000
,,,66480000.00000000000,5.16000,4.12000
,,,66520000.00000000000,5.12000,4.12000
,,,66560000.00000000000,5.12000,4.08000
,,,66600000.00000000000,5.12000,4.08000
,,,66640000.00000000000,5.12000,4.12000
,,,66680000.00000000000,5.12000,4.08000
,,,66720000.00000000000,5.12000,4.08000
,,,66760000.00000000000,5.12000,4.12000
,,,66800000.00000000000,5.12000,4.08000
,,,66840000.00000000000,5.12000,4.12000
,,,66880000.00000000000,5.12000,4.12000
,,,66920000.00000000000,5.08000,4.12000
,,,66960000.00000000000,5.12000,4.12000
,,,67000000.00000000000,5.12000,4.12000
,,,67040000.00000000000,5.16000,4.12000
,,,67080000.00000000000,5.12000,4.08000
,,,67120000.00000000000,5.12000,4.16000
,,,67160000.00000000000,5.12000,4.08000
,,,67200000.00000000000,5.12000,4.12000
,,,67240000.00000000000,5.12000,4.08000
,,,67280000.00000000000,5.08000,4.12000
,,,67320000.00000000000,5.12000,4.12000
,,,67360000.00000000000,5.12000,4.08000
,,,67400000.00000000000,5.12000,4.12000
,,,67440000.00000000000,5.08000,4.08000
,,,67480000.00000000000,5.12000,4.12000
,,,67520000.00000000000,5.12000,4.12000
,,,67560000.00000000000,5.12000,4.12000
,,,67600000.00000000000,5.12000,4.12000
,,,67640000.00000000000,5.12000,4.08000
,,,67680000.00000000000,5.12000,4.12000
,,,67720000.00000000000,5.12000,4.08000
,,,67760000.00000000000,5.12000,4.12000
,,,67800000.00000000000,5.12000,4.08000
,,,67840000.00000000000,5.12000,4.08000
,,,67880000.00000000000,5.12000,4.12000
,,,67920000.00000000000,5.12000,4.08000
,,,67960000.00000000000,5.12000,4.08000
,,,68000000.00000000000,5.12000,4.12000
,,,68040000.00000000000,5.12000,4.08000
,,,68080000.00000000000,5.12000,4.12000
,,,68120000.00000000000,5.12000,4.12000
,,,68160000.00000000000,5.12000,4.12000
,,,68200000.00000000000,5.12000,4.12000
,,,68240000.00000000000,5.12000,4.08000
,,,68280000.00000000000,5.08000,4.08000
,,,68320000.00000000000,5.12000,4.12000
,,,68360000.00000000000,5.04000,4.12000
,,,68400000.00000000000,5.12000,4.12000
,,,68440000.00000000000,5.12000,4.12000
,,,68480000.00000000000,5.12000,4.04000
,,,68520000.00000000000,5.08000,4.12000
,,,68560000.00000000000,5.12000,4.12000
,,,68600000.00000000000,5.12000,4.16000
,,,68640000.00000000000,5.08000,4.08000
,,,68680000.00000000000,5.12000,4.08000
,,,68720000.00000000000,5.12000,4.08000
,,,68760000.00000000000,5.12000,4.08000
,,,68800000.00000000000,5.08000,4.08000
,,,68840000.00000000000,5.16000,4.12000
,,,68880000.00000000000,5.08000,4.12000
,,,68920000.00000000000,5.08000,4.12000
,,,68960000.00000000000,5.12000,4.08000
,,,69000000.00000000000,5.12000,4.08000
,,,69040000.00000000000,5.16000,4.08000
,,,69080000.00000000000,5.12000,4.12000
,,,69120000.00000000000,5.16000,4.08000
,,,69160000.00000000000,5.12000,4.12000
,,,69200000.00000000000,5.12000,4.12000
,,,69240000.00000000000,5.12000,4.12000
,,,69280000.00000000000,5.12000,4.12000
,,,69320000.00000000000,5.12000,4.12000
,,,69360000.00000000000,5.12000,4.12000
,,,69400000.00000000000,5.12000,4.08000
,,,69440000.00000000000,5.12000,4.12000
,,,69480000.00000000000,5.12000,4.08000
,,,69520000.00000000000,5.12000,4.12000
,,,69560000.00000000000,5.12000,4.08000
,,,69600000.00000000000,5.12000,4.12000
,,,69640000.00000000000,5.12000,4.12000
,,,69680000.00000000000,5.12000,4.12000
,,,69720000.00000000000,5.12000,4.16000
,,,69760000.00000000000,5.12000,4.08000
,,,69800000.00000000000,5.12000,4.12000
,,,69840000.00000000000,5.16000,4.12000
,,,69880000.00000000000,5.08000,4.08000
,,,69920000.00000000000,5.12000,4.12000
,,,69960000.00000000000,5.12000,4.12000
,,,70000000.00000000000,5.16000,4.12000
,,,70040000.00000000000,5.12000,4.08000
,,,70080000.00000000000,5.12000,4.12000
,,,70120000.00000000000,5.16000,4.12000
,,,70160000.00000000000,5.12000,4.12000
,,,70200000.00000000000,5.12000,4.08000
,,,70240000.00000000000,5.08000,4.12000
,,,70280000.00000000000,5.16000,4.12000
,,,70320000.00000000000,5.12000,4.04000
,,,70360000.00000000000,5.12000,4.12000
,,,70400000.00000000000,5.12000,4.12000
,,,70440000.00000000000,5.04000,4.12000
,,,70480000.00000000000,5.12000,4.08000
,,,70520000.00000000000,5.08000,4.12000
,,,70560000.00000000000,5.12000,4.08000
,,,70600000.00000000000,5.12000,4.12000
,,,70640000.00000000000,5.12000,4.08000
,,,70680000.00000000000,5.12000,4.12000
,,,70720000.00000000000,5.08000,4.08000
,,,70760000.00000000000,5.12000,4.12000
,,,70800000.00000000000,5.12000,4.12000
,,,70840000.00000000000,5.12000,4.12000
,,,70880000.00000000000,5.08000,4.08000
,,,70920000.00000000000,5.12000,4.12000
,,,70960000.00000000000,5.16000,4.08000
,,,71000000.00000000000,5.12000,4.08000
,,,71040000.00000000000,5.12000,4.08000
,,,71080000.00000000000,5.12000,4.12000
,,,71120000.00000000000,5.16000,4.12000
,,,71160000.00000000000,5.12000,4.12000
,,,71200000.00000000000,5.12000,4.12000
,,,71240000.00000000000,5.12000,4.12000
,,,71280000.00000000000,5.16000,4.12000
,,,71320000.00000000000,5.12000,4.08000
,,,71360000.00000000000,5.12000,4.08000
,,,71400000.00000000000,5.12000,4.08000
,,,71440000.00000000000,5.08000,4.12000
,,,71480000.00000000000,5.12000,4.12000
,,,71520000.00000000000,5.08000,4.12000
,,,71560000.00000000000,5.16000,4.12000
,,,71600000.00000000000,5.12000,4.12000
,,,71640000.00000000000,5.08000,4.12000
,,,71680000.00000000000,5.08000,4.12000
,,,71720000.00000000000,5.12000,4.12000
,,,71760000.00000000000,5.12000,4.12000
,,,71800000.00000000000,5.12000,4.04000
,,,71840000.00000000000,5.16000,4.12000
,,,71880000.00000000000,5.08000,4.08000
,,,71920000.00000000000,5.16000,4.12000
,,,71960000.00000000000,5.16000,4.12000
,,,72000000.00000000000,5.16000,4.12000
,,,72040000.00000000000,5.12000,4.12000
,,,72080000.00000000000,5.12000,4.12000
,,,72120000.00000000000,5.12000,4.12000
,,,72160000.00000000000,5.12000,4.12000
,,,72200000.00000000000,5.16000,4.12000
,,,72240000.00000000000,5.12000,4.08000
,,,72280000.00000000000,5.16000,4.12000
,,,72320000.00000000000,5.12000,4.12000
,,,72360000.00000000000,5.12000,4.08000
,,,72400000.00000000000,5.16000,4.12000
,,,72440000.00000000000,5.12000,4.08000
,,,72480000.00000000000,5.12000,4.12000
,,,72520000.00000000000,5.08000,4.04000
,,,72560000.00000000000,5.12000,4.12000
,,,72600000.00000000000,5.12000,4.12000
,,,72640000.00000000000,5.12000,4.08000
,,,72680000.00000000000,5.12000,4.08000
,,,72720000.00000000000,5.12000,4.08000
,,,72760000.00000000000,5.12000,4.12000
,,,72800000.00000000000,5.08000,4.08000
,,,72840000.00000000000,5.12000,4.12000
,,,72880000.00000000000,5.12000,4.12000
,,,72920000.00000000000,5.12000,4.12000
,,,72960000.00000000000,5.12000,4.08000
,,,73000000.00000000000,5.12000,4.12000
,,,73040000.00000000000,5.12000,4.08000
,,,73080000.00000000000,5.12000,4.08000
,,,73120000.00000000000,5.12000,4.08000
,,,73160000.00000000000,5.12000,4.08000
,,,73200000.00000000000,5.12000,4.12000
,,,73240000.00000000000,5.08000,4.12000
,,,73280000.00000000000,5.12000,4.12000
,,,73320000.00000000000,5.12000,4.12000
,,,73360000.00000000000,5.16000,4.08000
,,,73400000.00000000000,5.12000,4.08000
,,,73440000.00000000000,5.12000,4.12000
,,,73480000.00000000000,5.12000,4.12000
,,,73520000.00000000000,5.08000,4.12000
,,,73560000.00000000000,5.12000,4.12000
,,,73600000.00000000000,5.12000,4.08000
,,,73640000.00000000000,5.12000,4.08000
,,,73680000.00000000000,5.12000,4.12000
,,,73720000.00000000000,5.12000,4.12000
,,,73760000.00000000000,5.12000,4.08000
,,,73800000.00000000000,5.12000,4.12000
,,,73840000.00000000000,5.16000,4.12000
,,,73880000.00000000000,5.12000,4.12000
,,,73920000.00000000000,5.12000,4.12000
,,,73960000.00000000000,5.12000,4.12000
,,,74000000.00000000000,5.16000,4.12000
,,,74040000.00000000000,5.12000,4.12000
,,,74080000.00000000000,5.16000,4.12000
,,,74120000.00000000000,5.12000,4.12000
,,,74160000.00000000000,5.16000,4.12000
,,,74200000.00000000000,5.12000,4.12000
,,,74240000.00000000000,5.12000,4.08000
,,,74280000.00000000000,5.16000,4.08000
,,,74320000.00000000000,5.16000,4.12000
,,,74360000.00000000000,5.12000,4.12000
,,,74400000.00000000000,5.08000,4.12000
,,,74440000.00000000000,5.12000,4.12000
,,,74480000.00000000000,5.16000,4.08000
,,,74520000.00000000000,5.12000,4.08000
,,,74560000.00000000000,5.12000,4.08000
,,,74600000.00000000000,5.08000,4.08000
,,,74640000.00000000000,5.12000,4.08000
,,,74680000.00000000000,5.12000,4.12000
,,,74720000.00000000000,5.08000,4.08000
,,,74760000.00000000000,5.12000,4.08000
,,,74800000.00000000000,5.08000,4.12000
,,,74840000.00000000000,5.16000,4.04000
,,,74880000.00000000000,5.08000,4.12000
,,,74920000.00000000000,5.16000,4.12000
,,,74960000.00000000000,5.12000,4.12000
,,,75000000.00000000000,5.16000,4.08000
,,,75040000.00000000000,5.12000,4.12000
,,,75080000.00000000000,5.12000,4.12000
,,,75120000.00000000000,5.12000,4.12000
,,,75160000.00000000000,5.12000,4.08000
,,,75200000.00000000000,5.12000,4.12000
,,,75240000.00000000000,5.12000,4.08000
,,,75280000.00000000000,5.16000,4.12000
,,,75320000.00000000000,5.08000,4.12000
,,,75360000.00000000000,5.12000,4.08000
,,,75400000.00000000000,5.16000,4.08000
,,,75440000.00000000000,5.08000,4.12000
,,,75480000.00000000000,5.12000,4.12000
,,,75520000.00000000000,5.08000,4.08000
,,,75560000.00000000000,5.16000,4.12000
,,,75600000.00000000000,5.08000,4.12000
,,,75640000.00000000000,5.12000,4.12000
,,,75680000.00000000000,5.12000,4.12000
,,,75720000.00000000000,5.16000,4.12000
,,,75760000.00000000000,5.16000,4.12000
,,,75800000.00000000000,5.12000,4.12000
,,,75840000.00000000000,5.16000,4.08000
,,,75880000.00000000000,5.12000,4.12000
,,,75920000.00000000000,5.12000,4.08000
,,,75960000.00000000000,5.12000,4.08000
,,,76000000.00000000000,5.12000,4.12000
,,,76040000.00000000000,5.12000,4.12000
,,,76080000.00000000000,5.12000,4.12000
,,,76120000.00000000000,5.08000,4.12000
,,,76160000.00000000000,5.16000,4.12000
,,,76200000.00000000000,5.04000,4.12000
,,,76240000.00000000000,5.12000,4.08000
,,,76280000.00000000000,5.12000,4.12000
,,,76320000.00000000000,5.12000,4.12000
,,,76360000.00000000000,5.12000,4.12000
,,,76400000.00000000000,5.12000,4.12000
,,,76440000.00000000000,5.12000,4.12000
,,,76480000.00000000000,5.04000,4.08000
,,,76520000.00000000000,5.12000,4.12000
,,,76560000.00000000000,5.08000,4.12000
,,,76600000.00000000000,5.16000,4.12000
,,,76640000.00000000000,5.12000,4.08000
,,,76680000.00000000000,5.12000,4.12000
,,,76720000.00000000000,5.12000,4.12000
,,,76760000.00000000000,5.08000,4.08000
,,,76800000.00000000000,5.12000,4.08000
,,,76840000.00000000000,5.12000,4.08000
,,,76880000.00000000000,5.16000,4.12000
,,,76920000.00000000000,5.12000,4.08000
,,,76960000.00000000000,5.20000,4.12000
,,,77000000.00000000000,5.16000,4.12000
,,,77040000.00000000000,5.16000,4.12000
,,,77080000.00000000000,5.12000,4.08000
,,,77120000.00000000000,5.12000,4.08000
,,,77160000.00000000000,5.12000,4.12000
,,,77200000.00000000000,5.12000,4.12000
,,,77240000.00000000000,5.12000,4.08000
,,,77280000.00000000000,5.12000,4.12000
,,,77320000.00000000000,5.16000,4.08000
,,,77360000.00000000000,5.12000,4.12000
,,,77400000.00000000000,5.16000,4.12000
,,,77440000.00000000000,5.12000,4.08000
,,,77480000.00000000000,5.12000,4.12000
,,,77520000.00000000000,5.16000,4.12000
,,,77560000.00000000000,5.08000,4.08000
,,,77600000.00000000000,5.16000,4.12000
,,,77640000.00000000000,5.08000,4.12000
,,,77680000.00000000000,5.16000,4.08000
,,,77720000.00000000000,5.12000,4.12000
,,,77760000.00000000000,5.12000,4.08000
,,,77800000.00000000000,5.12000,4.12000
,,,77840000.00000000000,5.12000,4.12000
,,,77880000.00000000000,5.12000,4.12000
,,,77920000.00000000000,5.12000,4.12000
,,,77960000.00000000000,5.12000,4.12000
,,,78000000.00000000000,5.12000,4.08000
,,,78040000.00000000000,5.20000,4.12000
,,,78080000.00000000000,5.12000,4.04000
,,,78120000.00000000000,5.12000,4.12000
,,,78160000.00000000000,5.12000,4.08000
,,,78200000.00000000000,5.16000,4.08000
,,,78240000.00000000000,5.12000,4.12000
,,,78280000.00000000000,5.12000,4.12000
,,,78320000.00000000000,5.12000,4.08000
,,,78360000.00000000000,5.08000,4.12000
,,,78400000.00000000000,5.12000,4.12000
,,,78440000.00000000000,5.08000,4.16000
,,,78480000.00000000000,5.12000,4.08000
,,,78520000.00000000000,5.12000,4.08000
,,,78560000.00000000000,5.12000,4.12000
,,,78600000.00000000000,5.08000,4.12000
,,,78640000.00000000000,5.16000,4.12000
,,,78680000.00000000000,5.12000,4.12000
,,,78720000.00000000000,5.12000,4.12000
,,,78760000.00000000000,5.12000,4.08000
,,,78800000.00000000000,5.12000,4.08000
,,,78840000.00000000000,5.12000,4.12000
,,,78880000.00000000000,5.12000,4.08000
,,,78920000.00000000000,5.08000,4.04000
,,,78960000.00000000000,5.12000,4.08000
,,,79000000.00000000000,5.12000,4.12000
,,,79040000.00000000000,5.12000,4.08000
,,,79080000.00000000000,5.12000,4.12000
,,,79120000.00000000000,5.12000,4.08000
,,,79160000.00000000000,5.12000,4.08000
,,,79200000.00000000000,5.16000,4.04000
,,,79240000.00000000000,5.16000,4.08000
,,,79280000.00000000000,5.12000,4.12000
,,,79320000.00000000000,5.12000,4.08000
,,,79360000.00000000000,5.12000,4.12000
,,,79400000.00000000000,5.12000,4.08000
,,,79440000.00000000000,5.12000,4.16000
,,,79480000.00000000000,5.12000,4.08000
,,,79520000.00000000000,5.12000,4.04000
,,,79560000.00000000000,5.12000,4.12000
,,,79600000.00000000000,5.08000,4.12000
,,,79640000.00000000000,5.12000,4.12000
,,,79680000.00000000000,5.12000,4.12000
,,,79720000.00000000000,5.08000,4.12000
,,,79760000.00000000000,5.16000,4.12000
,,,79800000.00000000000,5.12000,4.08000
,,,79840000.00000000000,5.12000,4.12000
,,,79880000.00000000000,5.12000,4.12000
,,,79920000.00000000000,5.12000,4.16000
,,,79960000.00000000000,5.12000,4.16000
,,,80000000.00000000000,5.08000,4.16000
,,,80040000.00000000000,5.12000,4.08000
,,,80080000.00000000000,5.12000,4.12000
,,,80120000.00000000000,5.12000,4.12000
,,,80160000.00000000000,5.12000,4.12000
,,,80200000.00000000000,5.16000,4.08000
,,,80240000.00000000000,5.12000,4.12000
,,,80280000.00000000000,5.12000,4.08000
,,,80320000.00000000000,5.12000,4.12000
,,,80360000.00000000000,5.12000,4.16000
,,,80400000.00000000000,5.12000,4.12000
,,,80440000.00000000000,5.12000,4.12000
,,,80480000.00000000000,5.12000,4.12000
,,,80520000.00000000000,5.12000,4.12000
,,,80560000.00000000000,5.08000,4.12000
,,,80600000.00000000000,5.12000,4.12000
,,,80640000.00000000000,5.16000,4.12000
,,,80680000.00000000000,5.08000,4.12000
,,,80720000.00000000000,5.04000,4.08000
,,,80760000.00000000000,5.12000,4.12000
,,,80800000.00000000000,5.12000,4.08000
,,,80840000.00000000000,5.12000,4.08000
,,,80880000.00000000000,5.12000,4.12000
,,,80920000.00000000000,5.08000,4.12000
,,,80960000.00000000000,5.16000,4.12000
,,,81000000.00000000000,5.12000,4.12000
,,,81040000.00000000000,5.16000,4.12000
,,,81080000.00000000000,5.16000,4.08000
,,,81120000.00000000000,5.20000,4.12000
,,,81160000.00000000000,5.12000,4.08000
,,,81200000.00000000000,5.12000,4.12000
,,,81240000.00000000000,5.16000,4.12000
,,,81280000.00000000000,5.12000,4.12000
,,,81320000.00000000000,5.12000,4.12000
,,,81360000.00000000000,5.08000,4.12000
,,,81400000.00000000000,5.12000,4.12000
,,,81440000.00000000000,5.12000,4.12000
,,,81480000.00000000000,5.12000,4.12000
,,,81520000.00000000000,5.12000,4.12000
,,,81560000.00000000000,5.12000,4.08000
,,,81600000.00000000000,5.12000,4.16000
,,,81640000.00000000000,5.08000,4.12000
,,,81680000.00000000000,5.12000,4.12000
,,,81720000.00000000000,5.12000,4.04000
,,,81760000.00000000000,5.16000,4.12000
,,,81800000.00000000000,5.12000,4.08000
,,,81840000.00000000000,5.12000,4.08000
,,,81880000.00000000000,5.08000,4.08000
,,,81920000.00000000000,5.12000,4.08000
,,,81960000.00000000000,5.12000,4.08000
,,,82000000.00000000000,5.12000,4.12000
,,,82040000.00000000000,5.16000,4.12000
,,,82080000.00000000000,5.16000,4.12000
,,,82120000.00000000000,5.16000,4.08000
,,,82160000.00000000000,5.04000,4.12000
,,,82200000.00000000000,5.20000,4.04000
,,,82240000.00000000000,5.12000,4.08000
,,,82280000.00000000000,5.12000,4.08000
,,,82320000.00000000000,5.12000,4.12000
,,,82360000.00000000000,5.12000,4.12000
,,,82400000.00000000000,5.12000,4.12000
,,,82440000.00000000000,5.12000,4.12000
,,,82480000.00000000000,5.12000,4.08000
,,,82520000.00000000000,5.12000,4.12000
,,,82560000.00000000000,5.12000,4.12000
,,,82600000.00000000000,5.16000,4.12000
,,,82640000.00000000000,5.08000,4.12000
,,,82680000.00000000000,5.12000,4.12000
,,,82720000.00000000000,5.12000,4.08000
,,,82760000.00000000000,5.12000,4.12000
,,,82800000.00000000000,5.12000,4.12000
,,,82840000.00000000000,5.12000,4.12000
,,,82880000.00000000000,5.12000,4.08000
,,,82920000.00000000000,5.12000,4.08000
,,,82960000.00000000000,5.08000,4.12000
,,,83000000.00000000000,5.12000,4.12000
,,,83040000.00000000000,5.16000,4.12000
,,,83080000.00000000000,5.16000,4.08000
,,,83120000.00000000000,5.12000,4.08000
,,,83160000.00000000000,5.12000,4.08000
,,,83200000.00000000000,5.08000,4.12000
,,,83240000.00000000000,5.12000,4.08000
,,,83280000.00000000000,5.12000,4.12000
,,,83320000.00000000000,5.16000,4.12000
,,,83360000.00000000000,5.12000,4.08000
,,,83400000.00000000000,5.12000,4.12000
,,,83440000.00000000000,5.12000,4.12000
,,,83480000.00000000000,5.16000,4.12000
,,,83520000.00000000000,5.12000,4.12000
,,,83560000.00000000000,5.08000,4.12000
,,,83600000.00000000000,5.20000,4.12000
,,,83640000.00000000000,5.12000,4.12000
,,,83680000.00000000000,5.16000,4.12000
,,,83720000.00000000000,5.12000,4.12000
,,,83760000.00000000000,5.12000,4.04000
,,,83800000.00000000000,5.12000,4.08000
,,,83840000.00000000000,5.12000,4.12000
,,,83880000.00000000000,5.12000,4.08000
,,,83920000.00000000000,5.12000,4.12000
,,,83960000.00000000000,5.12000,4.12000
,,,84000000.00000000000,5.12000,4.12000
,,,84040000.00000000000,5.16000,4.12000
,,,84080000.00000000000,5.16000,4.04000
,,,84120000.00000000000,5.12000,4.12000
,,,84160000.00000000000,5.16000,4.08000
,,,84200000.00000000000,5.12000,4.04000
,,,84240000.00000000000,5.16000,4.12000
,,,84280000.00000000000,5.12000,4.08000
,,,84320000.00000000000,5.12000,4.12000
,,,84360000.00000000000,5.16000,4.12000
,,,84400000.00000000000,5.12000,4.08000
,,,84440000.00000000000,5.08000,4.12000
,,,84480000.00000000000,5.12000,4.04000
,,,84520000.00000000000,5.08000,4.12000
,,,84560000.00000000000,5.04000,4.12000
,,,84600000.00000000000,5.12000,4.12000
,,,84640000.00000000000,5.12000,4.08000
,,,84680000.00000000000,5.12000,4.12000
,,,84720000.00000000000,5.12000,4.12000
,,,84760000.00000000000,5.16000,4.12000
,,,84800000.00000000000,5.04000,4.12000
,,,84840000.00000000000,5.12000,4.16000
,,,84880000.00000000000,5.12000,4.08000
,,,84920000.00000000000,5.12000,4.12000
,,,84960000.00000000000,5.12000,4.08000
,,,85000000.00000000000,5.12000,4.12000
,,,85040000.00000000000,5.16000,4.08000
,,,85080000.00000000000,5.12000,4.08000
,,,85120000.00000000000,5.16000,4.12000
,,,85160000.00000000000,5.16000,4.12000
,,,85200000.00000000000,5.16000,4.12000
,,,85240000.00000000000,5.12000,4.12000
,,,85280000.00000000000,5.12000,4.12000
,,,85320000.00000000000,5.12000,4.08000
,,,85360000.00000000000,5.12000,4.08000
,,,85400000.00000000000,5.08000,4.12000
,,,85440000.00000000000,5.16000,4.08000
,,,85480000.00000000000,5.12000,4.16000
,,,85520000.00000000000,5.12000,4.12000
,,,85560000.00000000000,5.08000,4.12000
,,,85600000.00000000000,5.12000,4.12000
,,,85640000.00000000000,5.12000,4.08000
,,,85680000.00000000000,5.16000,4.12000
,,,85720000.00000000000,5.08000,4.12000
,,,85760000.00000000000,5.12000,4.08000
,,,85800000.00000000000,5.12000,4.08000
,,,85840000.00000000000,5.12000,4.04000
,,,85880000.00000000000,5.12000,4.12000
,,,85920000.00000000000,5.12000,4.04000
,,,85960000.00000000000,5.12000,4.04000
,,,86000000.00000000000,5.12000,4.08000
,,,86040000.00000000000,5.16000,4.12000
,,,86080000.00000000000,5.12000,4.12000
,,,86120000.00000000000,5.12000,4.12000
,,,86160000.00000000000,5.16000,4.08000
,,,86200000.00000000000,5.12000,4.08000
,,,86240000.00000000000,5.16000,4.08000
,,,86280000.00000000000,5.12000,4.08000
,,,86320000.00000000000,5.12000,4.08000
,,,86360000.00000000000,5.12000,4.12000
,,,86400000.00000000000,5.16000,4.12000
,,,86440000.00000000000,5.12000,4.08000
,,,86480000.00000000000,5.12000,4.08000
,,,86520000.00000000000,5.12000,4.12000
,,,86560000.00000000000,5.12000,4.12000
,,,86600000.00000000000,5.12000,4.12000
,,,86640000.00000000000,5.12000,4.12000
,,,86680000.00000000000,5.12000,4.12000
,,,86720000.00000000000,5.12000,4.12000
,,,86760000.00000000000,5.12000,4.08000
,,,86800000.00000000000,5.12000,4.12000
,,,86840000.00000000000,5.12000,4.16000
,,,86880000.00000000000,5.16000,4.12000
,,,86920000.00000000000,5.16000,4.08000
,,,86960000.00000000000,5.16000,4.08000
,,,87000000.00000000000,5.16000,4.08000
,,,87040000.00000000000,5.12000,4.12000
,,,87080000.00000000000,5.16000,4.16000
,,,87120000.00000000000,5.12000,4.08000
,,,87160000.00000000000,5.12000,4.12000
,,,87200000.00000000000,5.08000,4.12000
,,,87240000.00000000000,5.12000,4.12000
,,,87280000.00000000000,5.08000,4.12000
,,,87320000.00000000000,5.12000,4.12000
,,,87360000.00000000000,5.12000,4.16000
,,,87400000.00000000000,5.12000,4.12000
,,,87440000.00000000000,5.12000,4.08000
,,,87480000.00000000000,5.12000,4.12000
,,,87520000.00000000000,5.12000,4.12000
,,,87560000.00000000000,5.12000,4.12000
,,,87600000.00000000000,5.12000,4.12000
,,,87640000.00000000000,5.12000,4.08000
,,,87680000.00000000000,5.08000,4.12000
,,,87720000.00000000000,5.12000,4.12000
,,,87760000.00000000000,5.12000,4.04000
,,,87800000.00000000000,5.12000,4.12000
,,,87840000.00000000000,5.08000,4.12000
,,,87880000.00000000000,5.12000,4.12000
,,,87920000.00000000000,5.08000,4.08000
,,,87960000.00000000000,5.08000,4.08000
,,,88000000.00000000000,5.12000,4.12000
,,,88040000.00000000000,5.16000,4.12000
,,,88080000.00000000000,5.12000,4.12000
,,,88120000.00000000000,5.12000,4.08000
,,,88160000.00000000000,5.12000,4.08000
,,,88200000.00000000000,5.12000,4.12000
,,,88240000.00000000000,5.12000,4.08000
,,,88280000.00000000000,5.08000,4.12000
,,,88320000.00000000000,5.12000,4.12000
,,,88360000.00000000000,5.08000,4.08000
,,,88400000.00000000000,5.12000,4.12000
,,,88440000.00000000000,5.12000,4.08000
,,,88480000.00000000000,5.12000,4.12000
,,,88520000.00000000000,5.16000,4.08000
,,,88560000.00000000000,5.12000,4.12000
,,,88600000.00000000000,5.16000,4.12000
,,,88640000.00000000000,5.12000,4.12000
,,,88680000.00000000000,5.12000,4.12000
,,,88720000.00000000000,5.12000,4.12000
,,,88760000.00000000000,5.12000,4.12000
,,,88800000.00000000000,5.08000,4.12000
,,,88840000.00000000000,5.08000,4.12000
,,,88880000.00000000000,5.12000,4.08000
,,,88920000.00000000000,5.12000,4.12000
,,,88960000.00000000000,5.12000,4.12000
,,,89000000.00000000000,5.12000,4.12000
,,,89040000.00000000000,5.12000,4.08000
,,,89080000.00000000000,5.16000,4.12000
,,,89120000.00000000000,5.12000,4.12000
,,,89160000.00000000000,5.16000,4.12000
,,,89200000.00000000000,5.08000,4.12000
,,,89240000.00000000000,5.12000,4.12000
,,,89280000.00000000000,5.08000,4.12000
,,,89320000.00000000000,5.12000,4.12000
,,,89360000.00000000000,5.08000,4.08000
,,,89400000.00000000000,5.12000,4.12000
,,,89440000.00000000000,5.16000,4.12000
,,,89480000.00000000000,5.08000,4.12000
,,,89520000.00000000000,5.16000,4.08000
,,,89560000.00000000000,5.12000,4.04000
,,,89600000.00000000000,5.12000,4.12000
,,,89640000.00000000000,5.08000,4.08000
,,,89680000.00000000000,5.08000,4.12000
,,,89720000.00000000000,5.12000,4.12000
,,,89760000.00000000000,5.12000,4.08000
,,,89800000.00000000000,5.12000,4.04000
,,,89840000.00000000000,5.12000,4.12000
,,,89880000.00000000000,5.12000,4.12000
,,,89920000.00000000000,5.12000,4.12000
,,,89960000.00000000000,5.12000,4.12000
,,,90000000.00000000000,5.12000,4.12000
,,,90040000.00000000000,5.16000,4.08000
,,,90080000.00000000000,5.12000,4.08000
,,,90120000.00000000000,5.12000,4.12000
,,,90160000.00000000000,5.16000,4.12000
,,,90200000.00000000000,5.12000,4.12000
,,,90240000.00000000000,5.12000,4.08000
,,,90280000.00000000000,5.12000,4.12000
,,,90320000.00000000000,5.12000,4.08000
,,,90360000.00000000000,5.16000,4.08000
,,,90400000.00000000000,5.12000,4.12000
,,,90440000.00000000000,5.12000,4.12000
,,,90480000.00000000000,5.12000,4.12000
,,,90520000.00000000000,5.12000,4.12000
,,,90560000.00000000000,5.12000,4.08000
,,,90600000.00000000000,5.16000,4.12000
,,,90640000.00000000000,5.04000,4.12000
,,,90680000.00000000000,5.12000,4.08000
,,,90720000.00000000000,5.08000,4.12000
,,,90760000.00000000000,5.12000,4.08000
,,,90800000.00000000000,5.16000,4.12000
,,,90840000.00000000000,5.12000,4.12000
,,,90880000.00000000000,5.12000,4.08000
,,,90920000.00000000000,5.12000,4.12000
,,,90960000.00000000000,5.04000,4.12000
,,,91000000.00000000000,5.12000,4.12000
,,,91040000.00000000000,5.12000,4.12000
,,,91080000.00000000000,5.12000,4.12000
,,,91120000.00000000000,5.12000,4.08000
,,,91160000.00000000000,5.08000,4.12000
,,,91200000.00000000000,5.12000,4.12000
,,,91240000.00000000000,5.12000,4.12000
,,,91280000.00000000000,5.12000,4.12000
,,,91320000.00000000000,5.12000,4.12000
,,,91360000.00000000000,5.12000,4.12000
,,,91400000.00000000000,5.12000,4.12000
,,,91440000.00000000000,5.08000,4.12000
,,,91480000.00000000000,5.12000,4.08000
,,,91520000.00000000000,5.12000,4.12000
,,,91560000.00000000000,5.08000,4.08000
,,,91600000.00000000000,5.12000,4.08000
,,,91640000.00000000000,5.12000,4.08000
,,,91680000.00000000000,5.08000,4.08000
,,,91720000.00000000000,5.12000,4.08000
,,,91760000.00000000000,5.16000,4.12000
,,,91800000.00000000000,5.12000,4.12000
,,,91840000.00000000000,5.12000,4.08000
,,,91880000.00000000000,5.16000,4.12000
,,,91920000.00000000000,5.12000,4.08000
,,,91960000.00000000000,5.12000,4.08000
,,,92000000.00000000000,5.12000,4.12000
,,,92040000.00000000000,5.12000,4.08000
,,,92080000.00000000000,5.16000,4.12000
,,,92120000.00000000000,5.16000,4.08000
,,,92160000.00000000000,5.16000,4.12000
,,,92200000.00000000000,5.16000,4.12000
,,,92240000.00000000000,5.12000,4.08000
,,,92280000.00000000000,5.16000,4.12000
,,,92320000.00000000000,5.12000,4.12000
,,,92360000.00000000000,5.16000,4.08000
,,,92400000.00000000000,5.12000,4.08000
,,,92440000.00000000000,5.16000,4.08000
,,,92480000.00000000000,5.12000,4.12000
,,,92520000.00000000000,5.12000,4.12000
,,,92560000.00000000000,5.16000,4.12000
,,,92600000.00000000000,5.08000,4.12000
,,,92640000.00000000000,5.16000,4.12000
,,,92680000.00000000000,5.12000,4.08000
,,,92720000.00000000000,5.16000,4.12000
,,,92760000.00000000000,5.12000,4.12000
,,,92800000.00000000000,5.12000,4.12000
,,,92840000.00000000000,5.12000,4.08000
,,,92880000.00000000000,5.12000,4.04000
,,,92920000.00000000000,5.16000,4.12000
,,,92960000.00000000000,5.12000,4.12000
,,,93000000.00000000000,5.16000,4.12000
,,,93040000.00000000000,5.12000,4.04000
,,,93080000.00000000000,5.12000,4.08000
,,,93120000.00000000000,5.12000,4.12000
,,,93160000.00000000000,5.12000,4.12000
,,,93200000.00000000000,5.12000,4.08000
,,,93240000.00000000000,5.12000,4.12000
,,,93280000.00000000000,5.16000,4.12000
,,,93320000.00000000000,5.12000,4.08000
,,,93360000.00000000000,5.08000,4.12000
,,,93400000.00000000000,5.12000,4.12000
,,,93440000.00000000000,5.08000,4.12000
,,,93480000.00000000000,5.12000,4.08000
,,,93520000.00000000000,5.12000,4.12000
,,,93560000.00000000000,5.12000,4.12000
,,,93600000.00000000000,5.08000,4.12000
,,,93640000.00000000000,5.12000,4.08000
,,,93680000.00000000000,5.12000,4.08000
,,,93720000.00000000000,5.12000,4.08000
,,,93760000.00000000000,5.12000,4.08000
,,,93800000.00000000000,5.12000,4.12000
,,,93840000.00000000000,5.20000,4.08000
,,,93880000.00000000000,5.20000,4.08000
,,,93920000.00000000000,5.20000,4.08000
,,,93960000.00000000000,5.20000,4.08000
,,,94000000.00000000000,5.16000,4.12000
,,,94040000.00000000000,5.08000,4.12000
,,,94080000.00000000000,5.12000,4.12000
,,,94120000.00000000000,5.16000,4.12000
,,,94160000.00000000000,5.12000,4.08000
,,,94200000.00000000000,5.16000,4.04000
,,,94240000.00000000000,5.12000,4.12000
,,,94280000.00000000000,5.12000,4.04000
,,,94320000.00000000000,5.12000,4.08000
,,,94360000.00000000000,5.16000,4.12000
,,,94400000.00000000000,5.16000,4.12000
,,,94440000.00000000000,5.12000,4.12000
,,,94480000.00000000000,5.12000,4.08000
,,,94520000.00000000000,5.12000,4.08000
,,,94560000.00000000000,5.12000,4.08000
,,,94600000.00000000000,5.12000,4.08000
,,,94640000.00000000000,5.12000,4.08000
,,,94680000.00000000000,5.12000,4.12000
,,,94720000.00000000000,5.08000,4.12000
,,,94760000.00000000000,5.12000,4.08000
,,,94800000.00000000000,5.12000,4.12000
,,,94840000.00000000000,5.12000,4.08000
,,,94880000.00000000000,5.08000,4.08000
,,,94920000.00000000000,5.12000,4.12000
,,,94960000.00000000000,5.12000,4.04000
,,,95000000.00000000000,5.12000,4.12000
,,,95040000.00000000000,5.12000,4.12000
,,,95080000.00000000000,5.12000,4.12000
,,,95120000.00000000000,5.16000,4.12000
,,,95160000.00000000000,5.12000,4.12000
,,,95200000.00000000000,5.16000,4.12000
,,,95240000.00000000000,5.16000,4.12000
,,,95280000.00000000000,5.16000,4.12000
,,,95320000.00000000000,5.16000,4.08000
,,,95360000.00000000000,5.08000,4.08000
,,,95400000.00000000000,5.12000,4.08000
,,,95440000.00000000000,5.12000,4.12000
,,,95480000.00000000000,5.20000,4.08000
,,,95520000.00000000000,5.16000,4.12000
,,,95560000.00000000000,5.12000,4.12000
,,,95600000.00000000000,5.12000,4.08000
,,,95640000.00000000000,5.12000,4.12000
,,,95680000.00000000000,5.16000,4.04000
,,,95720000.00000000000,5.16000,4.12000
,,,95760000.00000000000,5.12000,4.08000
,,,95800000.00000000000,5.12000,4.08000
,,,95840000.00000000000,5.12000,4.08000
,,,95880000.00000000000,5.12000,4.12000
,,,95920000.00000000000,5.08000,4.08000
,,,95960000.00000000000,5.08000,4.08000
,,,96000000.00000000000,5.12000,4.12000
,,,96040000.00000000000,5.16000,4.12000
,,,96080000.00000000000,5.12000,4.16000
,,,96120000.00000000000,5.12000,4.12000
,,,96160000.00000000000,5.12000,4.12000
,,,96200000.00000000000,5.16000,4.12000
,,,96240000.00000000000,5.12000,4.16000
,,,96280000.00000000000,5.12000,4.08000
,,,96320000.00000000000,5.12000,4.12000
,,,96360000.00000000000,5.12000,4.12000
,,,96400000.00000000000,5.12000,4.12000
,,,96440000.00000000000,5.08000,4.08000
,,,96480000.00000000000,5.12000,4.08000
,,,96520000.00000000000,5.08000,4.12000
,,,96560000.00000000000,5.12000,4.12000
,,,96600000.00000000000,5.12000,4.08000
,,,96640000.00000000000,5.16000,4.12000
,,,96680000.00000000000,5.12000,4.12000
,,,96720000.00000000000,5.12000,4.12000
,,,96760000.00000000000,5.08000,4.08000
,,,96800000.00000000000,5.08000,4.12000
,,,96840000.00000000000,5.12000,4.08000
,,,96880000.00000000000,5.12000,4.08000
,,,96920000.00000000000,5.12000,4.12000
,,,96960000.00000000000,5.12000,4.12000
,,,97000000.00000000000,5.12000,4.08000
,,,97040000.00000000000,5.16000,4.12000
,,,97080000.00000000000,5.08000,4.12000
,,,97120000.00000000000,5.16000,4.12000
,,,97160000.00000000000,5.12000,4.08000
,,,97200000.00000000000,5.12000,4.12000
,,,97240000.00000000000,5.12000,4.12000
,,,97280000.00000000000,5.16000,4.16000
,,,97320000.00000000000,5.12000,4.12000
,,,97360000.00000000000,5.12000,4.08000
,,,97400000.00000000000,5.12000,4.12000
,,,97440000.00000000000,5.12000,4.12000
,,,97480000.00000000000,5.16000,4.08000
,,,97520000.00000000000,5.12000,4.12000
,,,97560000.00000000000,5.16000,4.12000
,,,97600000.00000000000,5.12000,4.12000
,,,97640000.00000000000,5.12000,4.08000
,,,97680000.00000000000,5.12000,4.04000
,,,97720000.00000000000,5.04000,4.12000
,,,97760000.00000000000,5.16000,4.12000
,,,97800000.00000000000,5.12000,4.08000
,,,97840000.00000000000,5.12000,4.12000
,,,97880000.00000000000,5.08000,4.12000
,,,97920000.00000000000,5.16000,4.08000
,,,97960000.00000000000,5.16000,4.08000
,,,98000000.00000000000,5.08000,4.12000
,,,98040000.00000000000,5.12000,4.08000
,,,98080000.00000000000,5.12000,4.12000
,,,98120000.00000000000,5.12000,4.12000
,,,98160000.00000000000,5.12000,4.12000
,,,98200000.00000000000,5.12000,4.12000
,,,98240000.00000000000,5.12000,4.12000
,,,98280000.00000000000,5.08000,4.12000
,,,98320000.00000000000,5.12000,4.12000
,,,98360000.00000000000,5.12000,4.12000
,,,98400000.00000000000,5.12000,4.12000
,,,98440000.00000000000,5.12000,4.12000
,,,98480000.00000000000,5.12000,4.08000
,,,98520000.00000000000,5.12000,4.08000
,,,98560000.00000000000,5.12000,4.12000
,,,98600000.00000000000,5.12000,4.12000
,,,98640000.00000000000,5.08000,4.08000
,,,98680000.00000000000,5.12000,4.08000
,,,98720000.00000000000,5.08000,4.08000
,,,98760000.00000000000,5.12000,4.08000
,,,98800000.00000000000,5.04000,4.12000
,,,98840000.00000000000,5.08000,4.04000
,,,98880000.00000000000,5.16000,4.12000
,,,98920000.00000000000,5.12000,4.12000
,,,98960000.00000000000,5.12000,4.12000
,,,99000000.00000000000,5.12000,4.12000
,,,99040000.00000000000,5.12000,4.12000
,,,99080000.00000000000,5.16000,4.12000
,,,99120000.00000000000,5.12000,4.08000
,,,99160000.00000000000,5.12000,4.12000
,,,99200000.00000000000,5.08000,4.08000
,,,99240000.00000000000,5.12000,4.08000
,,,99280000.00000000000,5.12000,4.12000
,,,99320000.00000000000,5.16000,4.12000
,,,99360000.00000000000,5.08000,4.04000
,,,99400000.00000000000,5.16000,4.08000
,,,99440000.00000000000,5.08000,4.12000
,,,99480000.00000000000,5.12000,4.12000
,,,99520000.00000000000,5.12000,4.08000
,,,99560000.00000000000,5.12000,4.12000
,,,99600000.00000000000,5.12000,4.12000
,,,99640000.00000000000,5.12000,4.12000
,,,99680000.00000000000,5.12000,4.12000
,,,99720000.00000000000,5.12000,4.12000
,,,99760000.00000000000,5.12000,4.12000
,,,99800000.00000000000,5.16000,4.04000
,,,99840000.00000000000,5.12000,4.08000
,,,99880000.00000000000,5.12000,4.12000
,,,99920000.00000000000,5.16000,4.12000
,,,99960000.00000000000,5.16000,4.12000
,,,100000000.00000000000,5.08000,4.12000
,,,100040000.00000000000,5.20000,4.08000
,,,100080000.00000000000,5.12000,4.12000
,,,100120000.00000000000,5.12000,4.12000
,,,100160000.00000000000,5.12000,4.12000
,,,100200000.00000000000,5.12000,4.12000
,,,100240000.00000000000,5.12000,4.12000
,,,100280000.00000000000,5.08000,4.12000
,,,100320000.00000000000,5.08000,4.12000
,,,100360000.00000000000,5.12000,4.12000
,,,100400000.00000000000,5.16000,4.12000
,,,100440000.00000000000,5.08000,4.12000
,,,100480000.00000000000,5.16000,4.12000
,,,100520000.00000000000,5.12000,4.08000
,,,100560000.00000000000,5.12000,4.12000
,,,100600000.00000000000,5.08000,4.12000
,,,100640000.00000000000,5.12000,4.12000
,,,100680000.00000000000,5.12000,4.08000
,,,100720000.00000000000,5.08000,4.08000
,,,100760000.00000000000,5.12000,4.08000
,,,100800000.00000000000,5.08000,4.08000
,,,100840000.00000000000,5.12000,4.08000
,,,100880000.00000000000,5.16000,4.12000
,,,100920000.00000000000,5.12000,4.12000
,,,100960000.00000000000,5.12000,4.08000
,,,101000000.00000000000,5.08000,4.08000
,,,101040000.00000000000,5.16000,4.16000
,,,101080000.00000000000,5.08000,4.08000
,,,101120000.00000000000,5.12000,4.08000
,,,101160000.00000000000,5.12000,4.08000
,,,101200000.00000000000,5.12000,4.08000
,,,101240000.00000000000,5.16000,4.12000
,,,101280000.00000000000,5.12000,4.08000
,,,101320000.00000000000,5.12000,4.12000
,,,101360000.00000000000,5.12000,4.08000
,,,101400000.00000000000,5.16000,4.12000
,,,101440000.00000000000,5.12000,4.12000
,,,101480000.00000000000,5.12000,4.12000
,,,101520000.00000000000,5.12000,4.08000
,,,101560000.00000000000,5.04000,4.12000
,,,101600000.00000000000,5.12000,4.12000
,,,101640000.00000000000,5.12000,4.12000
,,,101680000.00000000000,5.12000,4.08000
,,,101720000.00000000000,5.12000,4.08000
,,,101760000.00000000000,5.16000,4.08000
,,,101800000.00000000000,5.12000,4.12000
,,,101840000.00000000000,5.08000,4.12000
,,,101880000.00000000000,5.12000,4.12000
,,,101920000.00000000000,5.08000,4.08000
,,,101960000.00000000000,5.08000,4.08000
,,,102000000.00000000000,5.12000,4.08000
,,,102040000.00000000000,5.16000,4.12000
,,,102080000.00000000000,5.16000,4.12000
,,,102120000.00000000000,5.16000,4.08000
,,,102160000.00000000000,5.12000,4.08000
,,,102200000.00000000000,5.12000,4.16000
,,,102240000.00000000000,5.12000,4.12000
,,,102280000.00000000000,5.12000,4.12000
,,,102320000.00000000000,5.12000,4.12000
,,,102360000.00000000000,5.16000,4.08000
,,,102400000.00000000000,5.16000,4.12000
,,,102440000.00000000000,5.12000,4.12000
,,,102480000.00000000000,5.16000,4.12000
,,,102520000.00000000000,5.12000,4.12000
,,,102560000.00000000000,5.12000,4.12000
,,,102600000.00000000000,5.08000,4.12000
,,,102640000.00000000000,5.12000,4.12000
,,,102680000.00000000000,5.12000,4.12000
,,,102720000.00000000000,5.12000,4.08000
,,,102760000.00000000000,5.12000,4.12000
,,,102800000.00000000000,5.12000,4.12000
,,,102840000.00000000000,5.08000,4.12000
,,,102880000.00000000000,5.12000,4.16000
,,,102920000.00000000000,5.08000,4.08000
,,,102960000.00000000000,5.12000,4.12000
,,,103000000.00000000000,5.12000,4.08000
,,,103040000.00000000000,5.16000,4.12000
,,,103080000.00000000000,5.08000,4.16000
,,,103120000.00000000000,5.12000,4.12000
,,,103160000.00000000000,5.12000,4.08000
,,,103200000.00000000000,5.12000,4.12000
,,,103240000.00000000000,5.12000,4.12000
,,,103280000.00000000000,5.12000,4.08000
,,,103320000.00000000000,5.12000,4.08000
,,,103360000.00000000000,5.12000,4.08000
,,,103400000.00000000000,5.12000,4.12000
,,,103440000.00000000000,5.12000,4.12000
,,,103480000.00000000000,5.08000,4.12000
,,,103520000.00000000000,5.16000,4.12000
,,,103560000.00000000000,5.04000,4.12000
,,,103600000.00000000000,5.16000,4.08000
,,,103640000.00000000000,5.12000,4.12000
,,,103680000.00000000000,5.12000,4.12000
,,,103720000.00000000000,5.08000,4.12000
,,,103760000.00000000000,5.12000,4.12000
,,,103800000.00000000000,5.12000,4.08000
,,,103840000.00000000000,5.16000,4.08000
,,,103880000.00000000000,5.12000,4.12000
,,,103920000.00000000000,5.12000,4.12000
,,,103960000.00000000000,5.12000,4.12000
,,,104000000.00000000000,5.12000,4.12000
,,,104040000.00000000000,5.16000,4.12000
,,,104080000.00000000000,5.16000,4.12000
,,,104120000.00000000000,5.12000,4.12000
,,,104160000.00000000000,5.12000,4.08000
,,,104200000.00000000000,5.08000,4.12000
,,,104240000.00000000000,5.16000,4.12000
,,,104280000.00000000000,5.12000,4.12000
,,,104320000.00000000000,5.12000,4.12000
,,,104360000.00000000000,5.12000,4.04000
,,,104400000.00000000000,5.12000,4.12000
,,,104440000.00000000000,5.12000,4.12000
,,,104480000.00000000000,5.12000,4.12000
,,,104520000.00000000000,5.12000,4.12000
,,,104560000.00000000000,5.08000,4.12000
,,,104600000.00000000000,5.12000,4.12000
,,,104640000.00000000000,5.12000,4.12000
,,,104680000.00000000000,5.12000,4.04000
,,,104720000.00000000000,5.12000,4.08000
,,,104760000.00000000000,5.16000,4.12000
,,,104800000.00000000000,5.12000,4.08000
,,,104840000.00000000000,5.12000,4.16000
,,,104880000.00000000000,5.12000,4.12000
,,,104920000.00000000000,5.08000,4.08000
,,,104960000.00000000000,5.12000,4.12000
,,,105000000.00000000000,5.12000,4.08000
,,,105040000.00000000000,5.12000,4.04000
,,,105080000.00000000000,5.16000,4.12000
,,,105120000.00000000000,5.16000,4.12000
,,,105160000.00000000000,5.12000,4.08000
,,,105200000.00000000000,5.16000,4.12000
,,,105240000.00000000000,5.16000,4.12000
,,,105280000.00000000000,5.12000,4.12000
,,,105320000.00000000000,5.16000,4.08000
,,,105360000.00000000000,5.12000,4.12000
,,,105400000.00000000000,5.12000,4.12000
,,,105440000.00000000000,5.16000,4.12000
,,,105480000.00000000000,5.12000,4.12000
,,,105520000.00000000000,5.12000,4.12000
,,,105560000.00000000000,5.04000,4.12000
,,,105600000.00000000000,5.12000,4.08000
,,,105640000.00000000000,5.16000,4.12000
,,,105680000.00000000000,5.12000,4.08000
,,,105720000.00000000000,5.08000,4.08000
,,,105760000.00000000000,5.12000,4.12000
,,,105800000.00000000000,5.12000,4.12000
,,,105840000.00000000000,5.12000,4.12000
,,,105880000.00000000000,5.12000,4.08000
,,,105920000.00000000000,5.12000,4.12000
,,,105960000.00000000000,5.12000,4.12000
,,,106000000.00000000000,5.12000,4.12000
,,,106040000.00000000000,5.16000,4.08000
,,,106080000.00000000000,5.12000,4.08000
,,,106120000.00000000000,5.12000,4.08000
,,,106160000.00000000000,5.12000,4.12000
,,,106200000.00000000000,5.12000,4.12000
,,,106240000.00000000000,5.16000,4.08000
,,,106280000.00000000000,5.08000,4.12000
,,,106320000.00000000000,5.16000,4.12000
,,,106360000.00000000000,5.12000,4.12000
,,,106400000.00000000000,5.12000,4.12000
,,,106440000.00000000000,5.12000,4.08000
,,,106480000.00000000000,5.12000,4.12000
,,,106520000.00000000000,5.12000,4.08000
,,,106560000.00000000000,5.12000,4.12000
,,,106600000.00000000000,5.16000,4.12000
,,,106640000.00000000000,5.12000,4.12000
,,,106680000.00000000000,5.12000,4.08000
,,,106720000.00000000000,5.12000,4.08000
,,,106760000.00000000000,5.16000,4.08000
,,,106800000.00000000000,5.12000,4.12000
,,,106840000.00000000000,5.12000,4.12000
,,,106880000.00000000000,5.12000,4.04000
,,,106920000.00000000000,5.12000,4.12000
,,,106960000.00000000000,5.16000,4.12000
,,,107000000.00000000000,5.12000,4.12000
,,,107040000.00000000000,5.12000,4.08000
,,,107080000.00000000000,5.08000,4.08000
,,,107120000.00000000000,5.16000,4.16000
,,,107160000.00000000000,5.16000,4.12000
,,,107200000.00000000000,5.12000,4.12000
,,,107240000.00000000000,5.16000,4.12000
,,,107280000.00000000000,5.12000,4.12000
,,,107320000.00000000000,5.12000,4.12000
,,,107360000.00000000000,5.12000,4.08000
,,,107400000.00000000000,5.12000,4.08000
,,,107440000.00000000000,5.12000,4.08000
,,,107480000.00000000000,5.12000,4.12000
,,,107520000.00000000000,5.12000,4.12000
,,,107560000.00000000000,5.12000,4.12000
,,,107600000.00000000000,5.16000,4.08000
,,,107640000.00000000000,5.08000,4.12000
,,,107680000.00000000000,5.12000,4.12000
,,,107720000.00000000000,5.12000,4.08000
,,,107760000.00000000000,5.16000,4.12000
,,,107800000.00000000000,5.12000,4.12000
,,,107840000.00000000000,5.12000,4.12000
,,,107880000.00000000000,5.12000,4.12000
,,,107920000.00000000000,5.12000,4.12000
,,,107960000.00000000000,5.12000,4.12000
,,,108000000.00000000000,5.12000,4.08000
,,,108040000.00000000000,5.12000,4.12000
,,,108080000.00000000000,5.12000,4.12000
,,,108120000.00000000000,5.12000,4.12000
,,,108160000.00000000000,5.12000,4.08000
,,,108200000.00000000000,5.12000,4.12000
,,,108240000.00000000000,5.08000,4.12000
,,,108280000.00000000000,5.08000,4.08000
,,,108320000.00000000000,5.04000,4.08000
,,,108360000.00000000000,5.16000,4.12000
,,,108400000.00000000000,5.12000,4.12000
,,,108440000.00000000000,5.12000,4.12000
,,,108480000.00000000000,5.12000,4.08000
,,,108520000.00000000000,5.12000,4.08000
,,,108560000.00000000000,5.16000,4.12000
,,,108600000.00000000000,5.12000,4.08000
,,,108640000.00000000000,5.12000,4.08000
,,,108680000.00000000000,5.08000,4.12000
,,,108720000.00000000000,5.12000,4.08000
,,,108760000.00000000000,5.08000,4.08000
,,,108800000.00000000000,5.04000,4.04000
,,,108840000.00000000000,5.12000,4.12000
,,,108880000.00000000000,5.20000,4.12000
,,,108920000.00000000000,5.12000,4.12000
,,,108960000.00000000000,5.12000,4.12000
,,,109000000.00000000000,5.16000,4.12000
,,,109040000.00000000000,5.12000,4.08000
,,,109080000.00000000000,5.12000,4.12000
,,,109120000.00000000000,5.12000,4.04000
,,,109160000.00000000000,5.12000,4.12000
,,,109200000.00000000000,5.16000,4.12000
,,,109240000.00000000000,5.12000,4.12000
,,,109280000.00000000000,5.16000,4.08000
,,,109320000.00000000000,5.12000,4.08000
,,,109360000.00000000000,5.12000,4.08000
,,,109400000.00000000000,5.12000,4.12000
,,,109440000.00000000000,5.12000,4.12000
,,,109480000.00000000000,5.12000,4.12000
,,,109520000.00000000000,5.12000,4.12000
,,,109560000.00000000000,5.12000,4.12000
,,,109600000.00000000000,5.08000,4.12000
,,,109640000.00000000000,5.16000,4.12000
,,,109680000.00000000000,5.04000,4.12000
,,,109720000.00000000000,5.16000,4.12000
,,,109760000.00000000000,5.08000,4.08000
,,,109800000.00000000000,5.08000,4.12000
,,,109840000.00000000000,5.12000,4.08000
,,,109880000.00000000000,5.12000,4.08000
,,,109920000.00000000000,5.12000,4.08000
,,,109960000.00000000000,5.12000,4.08000
,,,110000000.00000000000,5.12000,4.12000
,,,110040000.00000000000,5.08000,4.12000
,,,110080000.00000000000,5.12000,4.12000
,,,110120000.00000000000,5.08000,4.08000
,,,110160000.00000000000,5.12000,4.12000
,,,110200000.00000000000,5.16000,4.12000
,,,110240000.00000000000,5.12000,4.12000
,,,110280000.00000000000,5.12000,4.08000
,,,110320000.00000000000,5.08000,4.12000
,,,110360000.00000000000,5.12000,4.12000
,,,110400000.00000000000,5.12000,4.08000
,,,110440000.00000000000,5.12000,4.12000
,,,110480000.00000000000,5.12000,4.12000
,,,110520000.00000000000,5.16000,4.08000
,,,110560000.00000000000,5.12000,4.08000
,,,110600000.00000000000,5.08000,4.16000
,,,110640000.00000000000,5.12000,4.04000
,,,110680000.00000000000,5.12000,4.12000
,,,110720000.00000000000,5.12000,4.08000
,,,110760000.00000000000,5.12000,4.12000
,,,110800000.00000000000,5.08000,4.12000
,,,110840000.00000000000,5.12000,4.12000
,,,110880000.00000000000,5.12000,4.12000
,,,110920000.00000000000,5.12000,4.12000
,,,110960000.00000000000,5.12000,4.12000
,,,111000000.00000000000,5.12000,4.12000
,,,111040000.00000000000,5.12000,4.12000
,,,111080000.00000000000,5.16000,4.12000
,,,111120000.00000000000,5.16000,4.08000
,,,111160000.00000000000,5.12000,4.04000
,,,111200000.00000000000,5.12000,4.12000
,,,111240000.00000000000,5.08000,4.08000
,,,111280000.00000000000,5.16000,4.12000
,,,111320000.00000000000,5.12000,4.12000
,,,111360000.00000000000,5.12000,4.12000
,,,111400000.00000000000,5.12000,4.08000
,,,111440000.00000000000,5.12000,4.12000
,,,111480000.00000000000,5.16000,4.08000
,,,111520000.00000000000,5.12000,4.12000
,,,111560000.00000000000,5.12000,4.04000
,,,111600000.00000000000,5.12000,4.08000
,,,111640000.00000000000,5.12000,4.12000
,,,111680000.00000000000,5.12000,4.12000
,,,111720000.00000000000,5.16000,4.12000
,,,111760000.00000000000,5.12000,4.08000
,,,111800000.00000000000,5.12000,4.08000
,,,111840000.00000000000,5.12000,4.08000
,,,111880000.00000000000,5.12000,4.08000
,,,111920000.00000000000,5.12000,4.12000
,,,111960000.00000000000,5.12000,4.12000
,,,112000000.00000000000,5.12000,4.12000
,,,112040000.00000000000,5.08000,4.08000
,,,112080000.00000000000,5.16000,4.12000
,,,112120000.00000000000,5.12000,4.08000
,,,112160000.00000000000,5.12000,4.12000
,,,112200000.00000000000,5.12000,4.12000
,,,112240000.00000000000,5.12000,4.12000
,,,112280000.00000000000,5.12000,4.08000
,,,112320000.00000000000,5.12000,4.12000
,,,112360000.00000000000,5.16000,4.08000
,,,112400000.00000000000,5.08000,4.12000
,,,112440000.00000000000,5.12000,4.08000
,,,112480000.00000000000,5.12000,4.12000
,,,112520000.00000000000,5.12000,4.08000
,,,112560000.00000000000,5.16000,4.08000
,,,112600000.00000000000,5.08000,4.12000
,,,112640000.00000000000,5.12000,4.12000
,,,112680000.00000000000,5.08000,4.08000
,,,112720000.00000000000,5.12000,4.04000
,,,112760000.00000000000,5.08000,4.08000
,,,112800000.00000000000,5.12000,4.08000
,,,112840000.00000000000,5.08000,4.12000
,,,112880000.00000000000,5.04000,4.08000
,,,112920000.00000000000,5.12000,4.12000
,,,112960000.00000000000,5.12000,4.08000
,,,113000000.00000000000,5.08000,4.12000
,,,113040000.00000000000,5.12000,4.08000
,,,113080000.00000000000,5.12000,4.08000
,,,113120000.00000000000,5.12000,4.12000
,,,113160000.00000000000,5.12000,4.12000
,,,113200000.00000000000,5.12000,4.08000
,,,113240000.00000000000,5.12000,4.12000
,,,113280000.00000000000,5.12000,4.04000
,,,113320000.00000000000,5.08000,4.12000
,,,113360000.00000000000,5.12000,4.08000
,,,113400000.00000000000,5.08000,4.12000
,,,113440000.00000000000,5.12000,4.12000
,,,113480000.00000000000,5.16000,4.12000
,,,113520000.00000000000,5.12000,4.04000
,,,113560000.00000000000,5.12000,4.08000
,,,113600000.00000000000,5.12000,4.08000
,,,113640000.00000000000,5.16000,4.12000
,,,113680000.00000000000,5.04000,4.12000
,,,113720000.00000000000,5.16000,4.12000
,,,113760000.00000000000,5.12000,4.12000
,,,113800000.00000000000,5.12000,4.12000
,,,113840000.00000000000,5.12000,4.12000
,,,113880000.00000000000,5.08000,4.12000
,,,113920000.00000000000,5.12000,4.12000
,,,113960000.00000000000,5.12000,4.12000
,,,114000000.00000000000,5.12000,4.12000
,,,114040000.00000000000,5.16000,4.12000
,,,114080000.00000000000,5.16000,4.08000
,,,114120000.00000000000,5.12000,4.08000
,,,114160000.00000000000,5.12000,4.12000
,,,114200000.00000000000,5.12000,4.04000
,,,114240000.00000000000,5.12000,4.12000
,,,114280000.00000000000,5.12000,4.12000
,,,114320000.00000000000,5.12000,4.08000
,,,114360000.00000000000,5.12000,4.08000
,,,114400000.00000000000,5.12000,4.12000
,,,114440000.00000000000,5.12000,4.08000
,,,114480000.00000000000,5.16000,4.12000
,,,114520000.00000000000,5.12000,4.08000
,,,114560000.00000000000,5.12000,4.12000
,,,114600000.00000000000,5.08000,4.12000
,,,114640000.00000000000,5.12000,4.08000
,,,114680000.00000000000,5.12000,4.12000
,,,114720000.00000000000,5.12000,4.12000
,,,114760000.00000000000,5.12000,4.08000
,,,114800000.00000000000,5.08000,4.12000
,,,114840000.00000000000,5.16000,4.12000
,,,114880000.00000000000,5.08000,4.08000
,,,114920000.00000000000,5.16000,4.12000
,,,114960000.00000000000,5.12000,4.08000
,,,115000000.00000000000,5.12000,4.12000
,,,115040000.00000000000,5.12000,4.08000
,,,115080000.00000000000,5.12000,4.08000
,,,115120000.00000000000,5.12000,4.08000
,,,115160000.00000000000,5.00000,4.12000
,,,115200000.00000000000,5.16000,4.12000
,,,115240000.00000000000,5.12000,4.12000
,,,115280000.00000000000,5.12000,4.08000
,,,115320000.00000000000,5.12000,4.12000
,,,115360000.00000000000,5.16000,4.12000
,,,115400000.00000000000,5.16000,4.12000
,,,115440000.00000000000,5.12000,4.08000
,,,115480000.00000000000,5.16000,4.08000
,,,115520000.00000000000,5.12000,4.12000
,,,115560000.00000000000,5.12000,4.04000
,,,115600000.00000000000,5.08000,4.12000
,,,115640000.00000000000,5.12000,4.12000
,,,115680000.00000000000,5.12000,4.04000
,,,115720000.00000000000,5.12000,4.08000
,,,115760000.00000000000,5.12000,4.12000
,,,115800000.00000000000,5.12000,4.12000
,,,115840000.00000000000,5.12000,4.12000
,,,115880000.00000000000,5.12000,4.12000
,,,115920000.00000000000,5.12000,4.08000
,,,115960000.00000000000,5.12000,4.08000
,,,116000000.00000000000,5.08000,4.08000
,,,116040000.00000000000,5.12000,4.08000
,,,116080000.00000000000,5.12000,4.04000
,,,116120000.00000000000,5.16000,4.04000
,,,116160000.00000000000,5.12000,4.08000
,,,116200000.00000000000,5.16000,4.08000
,,,116240000.00000000000,5.12000,4.08000
,,,116280000.00000000000,5.16000,4.08000
,,,116320000.00000000000,5.12000,4.12000
,,,116360000.00000000000,5.12000,4.12000
,,,116400000.00000000000,5.12000,4.12000
,,,116440000.00000000000,5.12000,4.08000
,,,116480000.00000000000,5.16000,4.08000
,,,116520000.00000000000,5.12000,4.12000
,,,116560000.00000000000,5.12000,4.12000
,,,116600000.00000000000,5.08000,4.08000
,,,116640000.00000000000,5.16000,4.16000
,,,116680000.00000000000,5.08000,4.08000
,,,116720000.00000000000,5.04000,4.08000
,,,116760000.00000000000,5.08000,4.12000
,,,116800000.00000000000,5.12000,4.12000
,,,116840000.00000000000,5.12000,4.08000
,,,116880000.00000000000,5.04000,4.12000
,,,116920000.00000000000,5.12000,4.08000
,,,116960000.00000000000,5.12000,4.12000
,,,117000000.00000000000,5.12000,4.16000
,,,117040000.00000000000,5.08000,4.12000
,,,117080000.00000000000,5.12000,4.08000
,,,117120000.00000000000,5.16000,4.16000
,,,117160000.00000000000,5.12000,4.12000
,,,117200000.00000000000,5.12000,4.08000
,,,117240000.00000000000,5.16000,4.08000
,,,117280000.00000000000,5.16000,4.12000
,,,117320000.00000000000,5.08000,4.08000
,,,117360000.00000000000,5.12000,4.08000
,,,117400000.00000000000,5.16000,4.08000
,,,117440000.00000000000,5.12000,4.12000
,,,117480000.00000000000,5.12000,4.12000
,,,117520000.00000000000,5.12000,4.12000
,,,117560000.00000000000,5.12000,4.12000
,,,117600000.00000000000,5.12000,4.04000
,,,117640000.00000000000,5.04000,4.08000
,,,117680000.00000000000,5.12000,4.12000
,,,117720000.00000000000,5.12000,4.12000
,,,117760000.00000000000,5.12000,4.12000
,,,117800000.00000000000,5.12000,4.12000
,,,117840000.00000000000,5.08000,4.08000
,,,117880000.00000000000,5.08000,4.12000
,,,117920000.00000000000,5.04000,4.12000
,,,117960000.00000000000,5.04000,4.12000
,,,118000000.00000000000,5.16000,4.12000
,,,118040000.00000000000,5.12000,4.08000
,,,118080000.00000000000,5.12000,4.08000
,,,118120000.00000000000,5.12000,4.12000
,,,118160000.00000000000,5.08000,4.12000
,,,118200000.00000000000,5.12000,4.12000
,,,118240000.00000000000,5.12000,4.12000
,,,118280000.00000000000,5.12000,4.08000
,,,118320000.00000000000,5.12000,4.08000
,,,118360000.00000000000,5.12000,4.08000
,,,118400000.00000000000,5.12000,4.08000
,,,118440000.00000000000,5.12000,4.12000
,,,118480000.00000000000,5.12000,4.12000
,,,118520000.00000000000,5.12000,4.08000
,,,118560000.00000000000,5.08000,4.12000
,,,118600000.00000000000,5.08000,4.12000
,,,118640000.00000000000,5.20000,4.08000
,,,118680000.00000000000,5.04000,4.08000
,,,118720000.00000000000,5.12000,4.12000
,,,118760000.00000000000,5.04000,4.08000
,,,118800000.00000000000,5.12000,4.08000
,,,118840000.00000000000,5.12000,4.12000
,,,118880000.00000000000,5.12000,4.12000
,,,118920000.00000000000,5.08000,4.08000
,,,118960000.00000000000,5.12000,4.12000
,,,119000000.00000000000,5.16000,4.12000
,,,119040000.00000000000,5.08000,4.12000
,,,119080000.00000000000,5.12000,4.12000
,,,119120000.00000000000,5.12000,4.08000
,,,119160000.00000000000,5.16000,4.12000
,,,119200000.00000000000,5.12000,4.12000
,,,119240000.00000000000,5.12000,4.12000
,,,119280000.00000000000,5.16000,4.08000
,,,119320000.00000000000,5.12000,4.12000
,,,119360000.00000000000,5.16000,4.08000
,,,119400000.00000000000,5.12000,4.12000
,,,119440000.00000000000,5.12000,4.12000
,,,119480000.00000000000,5.08000,4.04000
,,,119520000.00000000000,5.16000,4.12000
,,,119560000.00000000000,5.12000,4.08000
,,,119600000.00000000000,5.04000,4.04000
,,,119640000.00000000000,5.12000,4.12000
,,,119680000.00000000000,5.16000,4.12000
,,,119720000.00000000000,5.12000,4.08000
,,,119760000.00000000000,5.12000,4.12000
,,,119800000.00000000000,5.12000,4.12000
,,,119840000.00000000000,5.12000,4.12000
,,,119880000.00000000000,5.12000,4.08000
,,,119920000.00000000000,5.12000,4.08000
,,,119960000.00000000000,5.12000,4.08000
,,,120000000.00000000000,5.12000,4.12000
,,,120040000.00000000000,5.16000,4.08000
,,,120080000.00000000000,5.16000,4.08000
,,,120120000.00000000000,5.08000,4.12000
,,,120160000.00000000000,5.16000,4.04000
,,,120200000.00000000000,5.16000,4.12000
,,,120240000.00000000000,5.16000,4.08000
,,,120280000.00000000000,5.20000,4.12000
,,,120320000.00000000000,5.12000,4.12000
,,,120360000.00000000000,5.20000,4.12000
,,,120400000.00000000000,5.12000,4.08000
,,,120440000.00000000000,5.12000,4.12000
,,,120480000.00000000000,5.12000,4.12000
,,,120520000.00000000000,5.16000,4.04000
,,,120560000.00000000000,5.16000,4.08000
,,,120600000.00000000000,5.12000,4.12000
,,,120640000.00000000000,5.12000,4.08000
,,,120680000.00000000000,5.12000,4.12000
,,,120720000.00000000000,5.12000,4.12000
,,,120760000.00000000000,5.12000,4.12000
,,,120800000.00000000000,5.12000,4.08000
,,,120840000.00000000000,5.16000,4.12000
,,,120880000.00000000000,5.12000,4.12000
,,,120920000.00000000000,5.12000,4.08000
,,,120960000.00000000000,5.12000,4.08000
,,,121000000.00000000000,5.12000,4.12000
,,,121040000.00000000000,5.12000,4.12000
,,,121080000.00000000000,5.12000,4.12000
,,,121120000.00000000000,5.12000,4.08000
,,,121160000.00000000000,5.12000,4.08000
,,,121200000.00000000000,5.12000,4.08000
,,,121240000.00000000000,5.12000,4.04000
,,,121280000.00000000000,5.16000,4.04000
,,,121320000.00000000000,5.12000,4.08000
,,,121360000.00000000000,5.16000,4.12000
,,,121400000.00000000000,5.12000,4.08000
,,,121440000.00000000000,5.16000,4.08000
,,,121480000.00000000000,5.12000,4.08000
,,,121520000.00000000000,5.12000,4.08000
,,,121560000.00000000000,5.12000,4.08000
,,,121600000.00000000000,5.12000,4.12000
,,,121640000.00000000000,5.12000,4.08000
,,,121680000.00000000000,5.12000,4.08000
,,,121720000.00000000000,5.12000,4.04000
,,,121760000.00000000000,5.12000,4.12000
,,,121800000.00000000000,5.12000,4.12000
,,,121840000.00000000000,5.12000,4.16000
,,,121880000.00000000000,5.12000,4.12000
,,,121920000.00000000000,5.16000,4.08000
,,,121960000.00000000000,5.16000,4.08000
,,,122000000.00000000000,5.16000,4.12000
,,,122040000.00000000000,5.16000,4.12000
,,,122080000.00000000000,5.16000,4.08000
,,,122120000.00000000000,5.12000,4.08000
,,,122160000.00000000000,5.16000,4.12000
,,,122200000.00000000000,5.12000,4.12000
,,,122240000.00000000000,5.16000,4.08000
,,,122280000.00000000000,5.12000,4.12000
,,,122320000.00000000000,5.12000,4.08000
,,,122360000.00000000000,5.12000,4.08000
,,,122400000.00000000000,5.12000,4.08000
,,,122440000.00000000000,5.20000,4.12000
,,,122480000.00000000000,5.12000,4.04000
,,,122520000.00000000000,5.16000,4.12000
,,,122560000.00000000000,5.12000,4.12000
,,,122600000.00000000000,5.12000,4.08000
,,,122640000.00000000000,5.12000,4.12000
,,,122680000.00000000000,5.12000,4.12000
,,,122720000.00000000000,5.12000,4.04000
,,,122760000.00000000000,5.12000,4.08000
,,,122800000.00000000000,5.12000,4.12000
,,,122840000.00000000000,5.16000,4.12000
,,,122880000.00000000000,5.12000,4.12000
,,,122920000.00000000000,5.12000,4.12000
,,,122960000.00000000000,5.12000,4.08000
,,,123000000.00000000000,5.12000,4.08000
,,,123040000.00000000000,5.04000,4.08000
,,,123080000.00000000000,5.12000,4.12000
,,,123120000.00000000000,5.16000,4.12000
,,,123160000.00000000000,5.12000,4.12000
,,,123200000.00000000000,5.16000,4.12000
,,,123240000.00000000000,5.12000,4.12000
,,,123280000.00000000000,5.16000,4.16000
,,,123320000.00000000000,5.08000,4.08000
,,,123360000.00000000000,5.12000,4.08000
,,,123400000.00000000000,5.12000,4.12000
,,,123440000.00000000000,5.12000,4.08000
,,,123480000.00000000000,5.08000,4.08000
,,,123520000.00000000000,5.12000,4.08000
,,,123560000.00000000000,5.12000,4.12000
,,,123600000.00000000000,5.08000,4.16000
,,,123640000.00000000000,5.12000,4.04000
,,,123680000.00000000000,5.12000,4.04000
,,,123720000.00000000000,5.12000,4.12000
,,,123760000.00000000000,5.12000,4.08000
,,,123800000.00000000000,5.12000,4.08000
,,,123840000.00000000000,5.12000,4.08000
,,,123880000.00000000000,5.16000,4.12000
,,,123920000.00000000000,5.08000,4.12000
,,,123960000.00000000000,5.08000,4.12000
,,,124000000.00000000000,5.12000,4.12000
,,,124040000.00000000000,5.16000,4.00000
,,,124080000.00000000000,5.12000,4.12000
,,,124120000.00000000000,5.16000,4.08000
,,,124160000.00000000000,5.12000,4.08000
,,,124200000.00000000000,5.16000,4.08000
,,,124240000.00000000000,5.08000,4.12000
,,,124280000.00000000000,5.12000,4.12000
,,,124320000.00000000000,5.12000,4.12000
,,,124360000.00000000000,5.12000,4.12000
,,,124400000.00000000000,5.16000,4.08000
,,,124440000.00000000000,5.16000,4.12000
,,,124480000.00000000000,5.08000,4.08000
,,,124520000.00000000000,5.16000,4.12000
,,,124560000.00000000000,5.12000,4.12000
,,,124600000.00000000000,5.12000,4.08000
,,,124640000.00000000000,5.12000,4.12000
,,,124680000.00000000000,5.12000,4.08000
,,,124720000.00000000000,5.12000,4.12000
,,,124760000.00000000000,5.16000,4.12000
,,,124800000.00000000000,5.12000,4.12000
,,,124840000.00000000000,5.12000,4.08000
,,,124880000.00000000000,5.08000,4.12000
,,,124920000.00000000000,5.12000,4.08000
,,,124960000.00000000000,5.12000,4.12000
,,,125000000.00000000000,5.12000,4.12000
,,,125040000.00000000000,5.16000,4.12000
,,,125080000.00000000000,5.12000,4.12000
,,,125120000.00000000000,5.12000,4.08000
,,,125160000.00000000000,5.04000,4.12000
,,,125200000.00000000000,5.16000,4.12000
,,,125240000.00000000000,5.12000,4.12000
,,,125280000.00000000000,5.12000,4.12000
,,,125320000.00000000000,5.12000,4.04000
,,,125360000.00000000000,5.12000,4.08000
,,,125400000.00000000000,5.12000,4.12000
,,,125440000.00000000000,5.12000,4.08000
,,,125480000.00000000000,5.12000,4.12000
,,,125520000.00000000000,5.12000,4.12000
,,,125560000.00000000000,5.16000,4.12000
,,,125600000.00000000000,5.08000,4.08000
,,,125640000.00000000000,5.12000,4.08000
,,,125680000.00000000000,5.12000,4.12000
,,,125720000.00000000000,5.08000,4.12000
,,,125760000.00000000000,5.16000,4.08000
,,,125800000.00000000000,5.12000,4.12000
,,,125840000.00000000000,5.12000,4.12000
,,,125880000.00000000000,5.12000,4.12000
,,,125920000.00000000000,5.12000,4.12000
,,,125960000.00000000000,5.12000,4.12000
,,,126000000.00000000000,5.12000,4.12000
,,,126040000.00000000000,5.12000,4.12000
,,,126080000.00000000000,5.16000,4.12000
,,,126120000.00000000000,5.12000,4.16000
,,,126160000.00000000000,5.12000,4.12000
,,,126200000.00000000000,5.12000,4.12000
,,,126240000.00000000000,5.16000,4.12000
,,,126280000.00000000000,5.12000,4.12000
,,,126320000.00000000000,5.12000,4.12000
,,,126360000.00000000000,5.16000,4.12000
,,,126400000.00000000000,5.16000,4.08000
,,,126440000.00000000000,5.16000,4.08000
,,,126480000.00000000000,5.12000,4.08000
,,,126520000.00000000000,5.16000,4.08000
,,,126560000.00000000000,5.12000,4.12000
,,,126600000.00000000000,5.12000,4.12000
,,,126640000.00000000000,5.12000,4.08000
,,,126680000.00000000000,5.12000,4.08000
,,,126720000.00000000000,5.12000,4.12000
,,,126760000.00000000000,5.12000,4.12000
,,,126800000.00000000000,5.12000,4.08000
,,,126840000.00000000000,5.12000,4.08000
,,,126880000.00000000000,5.12000,4.08000
,,,126920000.00000000000,5.12000,4.12000
,,,126960000.00000000000,5.12000,4.12000
,,,127000000.00000000000,5.16000,4.12000
,,,127040000.00000000000,5.08000,4.12000
,,,127080000.00000000000,5.16000,4.08000
,,,127120000.00000000000,5.16000,4.08000
,,,127160000.00000000000,5.12000,4.08000
,,,127200000.00000000000,5.12000,4.12000
,,,127240000.00000000000,5.16000,4.08000
,,,127280000.00000000000,5.08000,4.08000
,,,127320000.00000000000,5.16000,4.12000
,,,127360000.00000000000,5.08000,4.12000
,,,127400000.00000000000,5.12000,4.08000
,,,127440000.00000000000,5.16000,4.12000
,,,127480000.00000000000,5.12000,4.12000
,,,127520000.00000000000,5.12000,4.12000
,,,127560000.00000000000,5.08000,4.12000
,,,127600000.00000000000,5.12000,4.08000
,,,127640000.00000000000,5.12000,4.16000
,,,127680000.00000000000,5.16000,4.12000
,,,127720000.00000000000,5.12000,4.08000
,,,127760000.00000000000,5.12000,4.12000
,,,127800000.00000000000,5.16000,4.08000
,,,127840000.00000000000,5.12000,4.12000
,,,127880000.00000000000,5.12000,4.04000
,,,127920000.00000000000,5.12000,4.04000
,,,127960000.00000000000,5.12000,4.04000
,,,128000000.00000000000,5.12000,4.12000
,,,128040000.00000000000,5.12000,4.12000
,,,128080000.00000000000,5.12000,4.12000
,,,128120000.00000000000,5.12000,4.08000
,,,128160000.00000000000,5.12000,4.12000
,,,128200000.00000000000,5.12000,4.08000
,,,128240000.00000000000,5.12000,4.12000
,,,128280000.00000000000,5.16000,4.08000
,,,128320000.00000000000,5.12000,4.12000
,,,128360000.00000000000,5.12000,4.12000
,,,128400000.00000000000,5.12000,4.12000
,,,128440000.00000000000,5.16000,4.08000
,,,128480000.00000000000,5.12000,4.04000
,,,128520000.00000000000,5.12000,4.12000
,,,128560000.00000000000,5.16000,4.08000
,,,128600000.00000000000,5.12000,4.08000
,,,128640000.00000000000,5.08000,4.08000
,,,128680000.00000000000,5.12000,4.08000
,,,128720000.00000000000,5.16000,4.08000
,,,128760000.00000000000,5.08000,4.12000
,,,128800000.00000000000,5.12000,4.12000
,,,128840000.00000000000,5.12000,4.08000
,,,128880000.00000000000,5.08000,4.12000
,,,128920000.00000000000,5.08000,4.08000
,,,128960000.00000000000,5.12000,4.12000
,,,129000000.00000000000,5.12000,4.12000
,,,129040000.00000000000,5.12000,4.12000
,,,129080000.00000000000,5.16000,4.12000
,,,129120000.00000000000,5.12000,4.12000
,,,129160000.00000000000,5.12000,4.08000
,,,129200000.00000000000,5.16000,4.12000
,,,129240000.00000000000,5.12000,4.12000
,,,129280000.00000000000,5.12000,4.12000
,,,129320000.00000000000,5.12000,4.12000
,,,129360000.00000000000,5.12000,4.12000
,,,129400000.00000000000,5.08000,4.12000
,,,129440000.00000000000,5.16000,4.08000
,,,129480000.00000000000,5.12000,4.12000
,,,129520000.00000000000,5.12000,4.08000
,,,129560000.00000000000,5.12000,4.08000
,,,129600000.00000000000,5.08000,4.12000
,,,129640000.00000000000,5.12000,4.12000
,,,129680000.00000000000,5.12000,4.12000
,,,129720000.00000000000,5.16000,4.12000
,,,129760000.00000000000,5.04000,4.12000
,,,129800000.00000000000,5.12000,4.12000
,,,129840000.00000000000,5.12000,4.12000
,,,129880000.00000000000,5.08000,4.12000
,,,129920000.00000000000,5.12000,4.08000
,,,129960000.00000000000,5.12000,4.08000
,,,130000000.00000000000,5.16000,4.12000
,,,130040000.00000000000,5.12000,4.08000
,,,130080000.00000000000,5.12000,4.12000
,,,130120000.00000000000,5.12000,4.12000
,,,130160000.00000000000,5.16000,4.08000
,,,130200000.00000000000,5.16000,4.04000
,,,130240000.00000000000,5.16000,4.12000
,,,130280000.00000000000,5.12000,4.12000
,,,130320000.00000000000,5.12000,4.08000
,,,130360000.00000000000,5.16000,4.08000
,,,130400000.00000000000,5.12000,4.04000
,,,130440000.00000000000,5.12000,4.08000
,,,130480000.00000000000,5.12000,4.08000
,,,130520000.00000000000,5.12000,4.08000
,,,130560000.00000000000,5.12000,4.12000
,,,130600000.00000000000,5.12000,4.08000
,,,130640000.00000000000,5.16000,4.12000
,,,130680000.00000000000,5.12000,4.08000
,,,130720000.00000000000,5.12000,4.12000
,,,130760000.00000000000,5.12000,4.12000
,,,130800000.00000000000,5.08000,4.12000
,,,130840000.00000000000,5.12000,4.08000
,,,130880000.00000000000,5.12000,4.08000
,,,130920000.00000000000,5.12000,4.12000
,,,130960000.00000000000,5.08000,4.08000
,,,131000000.00000000000,5.16000,4.12000
,,,131040000.00000000000,5.12000,4.12000
,,,131080000.00000000000,5.12000,4.08000
,,,131120000.00000000000,5.12000,4.12000
,,,131160000.00000000000,5.16000,4.12000
,,,131200000.00000000000,5.12000,4.12000
,,,131240000.00000000000,5.12000,4.08000
,,,131280000.00000000000,5.12000,4.08000
,,,131320000.00000000000,5.16000,4.16000
,,,131360000.00000000000,5.12000,4.12000
,,,131400000.00000000000,5.12000,4.12000
,,,131440000.00000000000,5.16000,4.08000
,,,131480000.00000000000,5.16000,4.12000
,,,131520000.00000000000,5.16000,4.12000
,,,131560000.00000000000,5.12000,4.12000
,,,131600000.00000000000,5.12000,4.12000
,,,131640000.00000000000,5.12000,4.12000
,,,131680000.00000000000,5.12000,4.12000
,,,131720000.00000000000,5.12000,4.12000
,,,131760000.00000000000,5.12000,4.08000
,,,131800000.00000000000,5.12000,4.12000
,,,131840000.00000000000,5.12000,4.12000
,,,131880000.00000000000,5.12000,4.08000
,,,131920000.00000000000,5.12000,4.12000
,,,131960000.00000000000,5.12000,4.12000
,,,132000000.00000000000,5.12000,4.08000
,,,132040000.00000000000,5.12000,4.08000
,,,132080000.00000000000,5.12000,4.12000
,,,132120000.00000000000,5.12000,4.12000
,,,132160000.00000000000,5.16000,4.12000
,,,132200000.00000000000,5.08000,4.08000
,,,132240000.00000000000,5.16000,4.12000
,,,132280000.00000000000,5.16000,4.12000
,,,132320000.00000000000,5.12000,4.08000
,,,132360000.00000000000,5.16000,4.12000
,,,132400000.00000000000,5.12000,4.12000
,,,132440000.00000000000,5.12000,4.08000
,,,132480000.00000000000,5.08000,4.12000
,,,132520000.00000000000,5.16000,4.08000
,,,132560000.00000000000,5.12000,4.12000
,,,132600000.00000000000,5.16000,4.12000
,,,132640000.00000000000,5.12000,4.08000
,,,132680000.00000000000,5.08000,4.08000
,,,132720000.00000000000,5.12000,4.12000
,,,132760000.00000000000,5.08000,4.08000
,,,132800000.00000000000,5.16000,4.12000
,,,132840000.00000000000,5.08000,4.12000
,,,132880000.00000000000,5.16000,4.12000
,,,132920000.00000000000,5.12000,4.08000
,,,132960000.00000000000,5.12000,4.08000
,,,133000000.00000000000,5.12000,4.08000
,,,133040000.00000000000,5.12000,4.08000
,,,133080000.00000000000,5.16000,4.08000
,,,133120000.00000000000,5.12000,4.08000
,,,133160000.00000000000,5.20000,4.08000
,,,133200000.00000000000,5.12000,4.12000
,,,133240000.00000000000,5.12000,4.08000
,,,133280000.00000000000,5.12000,4.08000
,,,133320000.00000000000,5.12000,4.12000
,,,133360000.00000000000,5.12000,4.08000
,,,133400000.00000000000,5.08000,4.12000
,,,133440000.00000000000,5.12000,4.08000
,,,133480000.00000000000,5.12000,4.08000
,,,133520000.00000000000,5.16000,4.12000
,,,133560000.00000000000,5.12000,4.12000
,,,133600000.00000000000,5.12000,4.08000
,,,133640000.00000000000,5.12000,4.04000
,,,133680000.00000000000,5.16000,4.08000
,,,133720000.00000000000,5.12000,4.12000
,,,133760000.00000000000,5.16000,4.12000
,,,133800000.00000000000,5.12000,4.12000
,,,133840000.00000000000,5.08000,4.12000
,,,133880000.00000000000,5.12000,4.12000
,,,133920000.00000000000,5.12000,4.12000
,,,133960000.00000000000,5.12000,4.12000
,,,134000000.00000000000,5.12000,4.08000
,,,134040000.00000000000,5.12000,4.08000
,,,134080000.00000000000,5.12000,4.08000
,,,134120000.00000000000,5.12000,4.12000
,,,134160000.00000000000,5.12000,4.08000
,,,134200000.00000000000,5.12000,4.12000
,,,134240000.00000000000,5.08000,4.12000
,,,134280000.00000000000,5.12000,4.08000
,,,134320000.00000000000,5.12000,4.08000
,,,134360000.00000000000,5.12000,4.12000
,,,134400000.00000000000,5.12000,4.12000
,,,134440000.00000000000,5.12000,4.08000
,,,134480000.00000000000,5.12000,4.04000
,,,134520000.00000000000,5.12000,4.12000
,,,134560000.00000000000,5.12000,4.12000
,,,134600000.00000000000,5.08000,4.12000
,,,134640000.00000000000,5.12000,4.12000
,,,134680000.00000000000,5.12000,4.12000
,,,134720000.00000000000,5.12000,4.08000
,,,134760000.00000000000,5.12000,4.12000
,,,134800000.00000000000,5.12000,4.12000
,,,134840000.00000000000,5.12000,4.12000
,,,134880000.00000000000,5.12000,4.12000
,,,134920000.00000000000,5.12000,4.08000
,,,134960000.00000000000,5.08000,4.08000
,,,135000000.00000000000,5.12000,4.12000
,,,135040000.00000000000,5.12000,4.08000
,,,135080000.00000000000,5.12000,4.12000
,,,135120000.00000000000,5.12000,4.12000
,,,135160000.00000000000,5.16000,4.08000
,,,135200000.00000000000,5.12000,4.08000
,,,135240000.00000000000,5.12000,4.12000
,,,135280000.00000000000,5.16000,4.12000
,,,135320000.00000000000,5.12000,4.12000
,,,135360000.00000000000,5.12000,4.12000
,,,135400000.00000000000,5.12000,4.08000
,,,135440000.00000000000,5.12000,4.12000
,,,135480000.00000000000,5.08000,4.12000
,,,135520000.00000000000,5.12000,4.12000
,,,135560000.00000000000,5.12000,4.12000
,,,135600000.00000000000,5.12000,4.12000
,,,135640000.00000000000,5.12000,4.08000
,,,135680000.00000000000,5.12000,4.12000
,,,135720000.00000000000,5.12000,4.08000
,,,135760000.00000000000,5.12000,4.12000
,,,135800000.00000000000,5.16000,4.12000
,,,135840000.00000000000,5.16000,4.08000
,,,135880000.00000000000,5.16000,4.12000
,,,135920000.00000000000,5.12000,4.12000
,,,135960000.00000000000,5.12000,4.12000
,,,136000000.00000000000,5.16000,4.08000
,,,136040000.00000000000,5.08000,4.12000
,,,136080000.00000000000,5.16000,4.12000
,,,136120000.00000000000,5.12000,4.12000
,,,136160000.00000000000,5.12000,4.12000
,,,136200000.00000000000,5.12000,4.08000
,,,136240000.00000000000,5.12000,4.08000
,,,136280000.00000000000,5.12000,4.12000
,,,136320000.00000000000,5.12000,4.12000
,,,136360000.00000000000,5.16000,4.08000
,,,136400000.00000000000,5.12000,4.12000
,,,136440000.00000000000,5.16000,4.08000
,,,136480000.00000000000,5.08000,4.12000
,,,136520000.00000000000,5.12000,4.12000
,,,136560000.00000000000,5.12000,4.08000
,,,136600000.00000000000,5.16000,4.08000
,,,136640000.00000000000,5.12000,4.12000
,,,136680000.00000000000,5.16000,4.08000
,,,136720000.00000000000,5.12000,4.12000
,,,136760000.00000000000,5.12000,4.08000
,,,136800000.00000000000,5.12000,4.12000
,,,136840000.00000000000,5.12000,4.12000
,,,136880000.00000000000,5.16000,4.12000
,,,136920000.00000000000,5.16000,4.12000
,,,136960000.00000000000,5.08000,4.12000
,,,137000000.00000000000,5.12000,4.12000
,,,137040000.00000000000,5.08000,4.12000
,,,137080000.00000000000,5.16000,4.12000
,,,137120000.00000000000,5.12000,4.08000
,,,137160000.00000000000,5.20000,4.08000
,,,137200000.00000000000,5.12000,4.12000
,,,137240000.00000000000,5.12000,4.08000
,,,137280000.00000000000,5.16000,4.12000
,,,137320000.00000000000,5.12000,4.12000
,,,137360000.00000000000,5.12000,4.12000
,,,137400000.00000000000,5.12000,4.08000
,,,137440000.00000000000,5.12000,4.08000
,,,137480000.00000000000,5.08000,4.12000
,,,137520000.00000000000,5.12000,4.12000
,,,137560000.00000000000,5.12000,4.08000
,,,137600000.00000000000,5.12000,4.12000
,,,137640000.00000000000,5.12000,4.12000
,,,137680000.00000000000,5.12000,4.08000
,,,137720000.00000000000,5.16000,4.08000
,,,137760000.00000000000,5.12000,4.12000
,,,137800000.00000000000,5.12000,4.12000
,,,137840000.00000000000,5.12000,4.12000
,,,137880000.00000000000,5.12000,4.12000
,,,137920000.00000000000,5.16000,4.08000
,,,137960000.00000000000,5.16000,4.08000
,,,138000000.00000000000,5.12000,4.12000
,,,138040000.00000000000,5.16000,4.08000
,,,138080000.00000000000,5.12000,4.08000
,,,138120000.00000000000,5.20000,4.08000
,,,138160000.00000000000,5.04000,4.12000
,,,138200000.00000000000,5.16000,4.12000
,,,138240000.00000000000,5.12000,4.12000
,,,138280000.00000000000,5.16000,4.12000
,,,138320000.00000000000,5.12000,4.12000
,,,138360000.00000000000,5.16000,4.12000
,,,138400000.00000000000,5.12000,4.12000
,,,138440000.00000000000,5.16000,4.12000
,,,138480000.00000000000,5.12000,4.12000
,,,138520000.00000000000,5.12000,4.08000
,,,138560000.00000000000,5.12000,4.12000
,,,138600000.00000000000,5.12000,4.08000
,,,138640000.00000000000,5.12000,4.08000
,,,138680000.00000000000,5.04000,4.08000
,,,138720000.00000000000,5.12000,4.12000
,,,138760000.00000000000,5.16000,4.08000
,,,138800000.00000000000,5.12000,4.08000
,,,138840000.00000000000,5.12000,4.12000
,,,138880000.00000000000,5.12000,4.08000
,,,138920000.00000000000,5.12000,4.08000
,,,138960000.00000000000,5.12000,4.12000
,,,139000000.00000000000,5.12000,4.12000
,,,139040000.00000000000,5.12000,4.12000
,,,139080000.00000000000,5.12000,4.12000
,,,139120000.00000000000,5.12000,4.12000
,,,139160000.00000000000,5.12000,4.08000
,,,139200000.00000000000,5.12000,4.08000
,,,139240000.00000000000,5.12000,4.08000
,,,139280000.00000000000,5.12000,4.04000
,,,139320000.00000000000,5.12000,4.12000
,,,139360000.00000000000,5.12000,4.12000
,,,139400000.00000000000,5.12000,4.12000
,,,139440000.00000000000,5.16000,4.08000
,,,139480000.00000000000,5.12000,4.12000
,,,139520000.00000000000,5.08000,4.12000
,,,139560000.00000000000,5.12000,4.08000
,,,139600000.00000000000,5.08000,4.12000
,,,139640000.00000000000,5.16000,4.08000
,,,139680000.00000000000,5.08000,4.08000
,,,139720000.00000000000,5.12000,4.12000
,,,139760000.00000000000,5.12000,4.12000
,,,139800000.00000000000,5.12000,4.12000
,,,139840000.00000000000,5.12000,4.12000
,,,139880000.00000000000,5.12000,4.12000
,,,139920000.00000000000,5.16000,4.04000
,,,139960000.00000000000,5.16000,4.04000
,,,140000000.00000000000,5.12000,4.12000
,,,140040000.00000000000,5.12000,4.08000
,,,140080000.00000000000,5.12000,4.12000
,,,140120000.00000000000,5.12000,4.12000
,,,140160000.00000000000,5.16000,4.08000
,,,140200000.00000000000,5.08000,4.08000
,,,140240000.00000000000,5.12000,4.08000
,,,140280000.00000000000,5.12000,4.12000
,,,140320000.00000000000,5.12000,4.12000
,,,140360000.00000000000,5.12000,4.12000
,,,140400000.00000000000,5.12000,4.12000
,,,140440000.00000000000,5.12000,4.04000
,,,140480000.00000000000,5.08000,4.04000
,,,140520000.00000000000,5.16000,4.16000
,,,140560000.00000000000,5.12000,4.08000
,,,140600000.00000000000,5.16000,4.08000
,,,140640000.00000000000,5.08000,4.08000
,,,140680000.00000000000,5.08000,4.08000
,,,140720000.00000000000,5.12000,4.08000
,,,140760000.00000000000,5.12000,4.12000
,,,140800000.00000000000,5.12000,4.04000
,,,140840000.00000000000,5.08000,4.12000
,,,140880000.00000000000,5.08000,4.08000
,,,140920000.00000000000,5.12000,4.08000
,,,140960000.00000000000,5.12000,4.12000
,,,141000000.00000000000,5.12000,4.12000
,,,141040000.00000000000,5.12000,4.08000
,,,141080000.00000000000,5.16000,4.08000
,,,141120000.00000000000,5.16000,4.12000
,,,141160000.00000000000,5.16000,4.08000
,,,141200000.00000000000,5.12000,4.08000
,,,141240000.00000000000,5.16000,4.12000
,,,141280000.00000000000,5.12000,4.12000
,,,141320000.00000000000,5.12000,4.12000
,,,141360000.00000000000,5.16000,4.12000
,,,141400000.00000000000,5.12000,4.08000
,,,141440000.00000000000,5.16000,4.08000
,,,141480000.00000000000,5.12000,4.12000
,,,141520000.00000000000,5.16000,4.08000
,,,141560000.00000000000,5.12000,4.12000
,,,141600000.00000000000,5.12000,4.12000
,,,141640000.00000000000,5.12000,4.08000
,,,141680000.00000000000,5.12000,4.08000
,,,141720000.00000000000,5.12000,4.08000
,,,141760000.00000000000,5.12000,4.08000
,,,141800000.00000000000,5.12000,4.12000
,,,141840000.00000000000,5.08000,4.12000
,,,141880000.00000000000,5.08000,4.12000
,,,141920000.00000000000,5.08000,4.12000
,,,141960000.00000000000,5.08000,4.12000
,,,142000000.00000000000,5.16000,4.12000
,,,142040000.00000000000,5.12000,4.16000
,,,142080000.00000000000,5.12000,4.12000
,,,142120000.00000000000,5.12000,4.12000
,,,142160000.00000000000,5.12000,4.08000
,,,142200000.00000000000,5.04000,4.08000
,,,142240000.00000000000,5.16000,4.12000
,,,142280000.00000000000,5.12000,4.12000
,,,142320000.00000000000,5.12000,4.08000
,,,142360000.00000000000,5.12000,4.12000
,,,142400000.00000000000,5.12000,4.08000
,,,142440000.00000000000,5.16000,4.12000
,,,142480000.00000000000,5.12000,4.08000
,,,142520000.00000000000,5.12000,4.16000
,,,142560000.00000000000,5.08000,4.12000
,,,142600000.00000000000,5.16000,4.12000
,,,142640000.00000000000,5.12000,4.12000
,,,142680000.00000000000,5.12000,4.12000
,,,142720000.00000000000,5.08000,4.08000
,,,142760000.00000000000,5.08000,4.12000
,,,142800000.00000000000,5.12000,4.08000
,,,142840000.00000000000,5.12000,4.12000
,,,142880000.00000000000,5.12000,4.08000
,,,142920000.00000000000,5.12000,4.08000
,,,142960000.00000000000,5.12000,4.12000
,,,143000000.00000000000,5.12000,4.12000
,,,143040000.00000000000,5.12000,4.08000
,,,143080000.00000000000,5.12000,4.08000
,,,143120000.00000000000,5.12000,4.08000
,,,143160000.00000000000,5.16000,4.08000
,,,143200000.00000000000,5.12000,4.12000
,,,143240000.00000000000,5.12000,4.12000
,,,143280000.00000000000,5.12000,4.12000
,,,143320000.00000000000,5.12000,4.08000
,,,143360000.00000000000,5.12000,4.08000
,,,143400000.00000000000,5.16000,4.12000
,,,143440000.00000000000,5.08000,4.12000
,,,143480000.00000000000,5.12000,4.12000
,,,143520000.00000000000,5.12000,4.12000
,,,143560000.00000000000,5.08000,4.08000
,,,143600000.00000000000,5.12000,4.12000
,,,143640000.00000000000,5.12000,4.12000
,,,143680000.00000000000,5.12000,4.12000
,,,143720000.00000000000,5.08000,4.08000
,,,143760000.00000000000,5.12000,4.08000
,,,143800000.00000000000,5.12000,4.12000
,,,143840000.00000000000,5.12000,4.08000
,,,143880000.00000000000,5.12000,4.04000
,,,143920000.00000000000,5.16000,4.08000
,,,143960000.00000000000,5.16000,4.08000
,,,144000000.00000000000,5.16000,4.12000
,,,144040000.00000000000,5.12000,4.12000
,,,144080000.00000000000,5.12000,4.04000
,,,144120000.00000000000,5.16000,4.12000
,,,144160000.00000000000,5.12000,4.08000
,,,144200000.00000000000,5.16000,4.08000
,,,144240000.00000000000,5.16000,4.08000
,,,144280000.00000000000,5.12000,4.12000
,,,144320000.00000000000,5.16000,4.08000
,,,144360000.00000000000,5.12000,4.12000
,,,144400000.00000000000,5.12000,4.12000
,,,144440000.00000000000,5.12000,4.12000
,,,144480000.00000000000,5.12000,4.12000
,,,144520000.00000000000,5.08000,4.12000
,,,144560000.00000000000,5.08000,4.12000
,,,144600000.00000000000,5.12000,4.08000
,,,144640000.00000000000,5.12000,4.12000
,,,144680000.00000000000,5.12000,4.08000
,,,144720000.00000000000,5.08000,4.12000
,,,144760000.00000000000,5.12000,4.12000
,,,144800000.00000000000,5.12000,4.12000
,,,144840000.00000000000,5.08000,4.08000
,,,144880000.00000000000,5.12000,4.12000
,,,144920000.00000000000,5.12000,4.12000
,,,144960000.00000000000,5.12000,4.08000
,,,145000000.00000000000,5.16000,4.08000
,,,145040000.00000000000,5.12000,4.12000
,,,145080000.00000000000,5.12000,4.12000
,,,145120000.00000000000,5.12000,4.08000
,,,145160000.00000000000,5.12000,4.08000
,,,145200000.00000000000,5.12000,4.12000
,,,145240000.00000000000,5.12000,4.12000
,,,145280000.00000000000,5.12000,4.12000
,,,145320000.00000000000,5.12000,4.12000
,,,145360000.00000000000,5.16000,4.12000
,,,145400000.00000000000,5.16000,4.08000
,,,145440000.00000000000,5.12000,4.12000
,,,145480000.00000000000,5.16000,4.08000
,,,145520000.00000000000,5.12000,4.12000
,,,145560000.00000000000,5.12000,4.12000
,,,145600000.00000000000,5.12000,4.12000
,,,145640000.00000000000,5.12000,4.08000
,,,145680000.00000000000,5.12000,4.12000
,,,145720000.00000000000,5.04000,4.12000
,,,145760000.00000000000,5.12000,4.08000
,,,145800000.00000000000,5.12000,4.08000
,,,145840000.00000000000,5.08000,4.08000
,,,145880000.00000000000,5.12000,4.12000
,,,145920000.00000000000,5.12000,4.08000
,,,145960000.00000000000,5.12000,4.08000
,,,146000000.00000000000,5.08000,4.12000
,,,146040000.00000000000,5.16000,4.08000
,,,146080000.00000000000,5.12000,4.12000
,,,146120000.00000000000,5.16000,4.12000
,,,146160000.00000000000,5.08000,4.04000
,,,146200000.00000000000,5.12000,4.08000
,,,146240000.00000000000,5.12000,4.08000
,,,146280000.00000000000,5.16000,4.12000
,,,146320000.00000000000,5.12000,4.08000
,,,146360000.00000000000,5.12000,4.08000
,,,146400000.00000000000,5.12000,4.08000
,,,146440000.00000000000,5.12000,4.08000
,,,146480000.00000000000,5.16000,4.12000
,,,146520000.00000000000,5.12000,4.08000
,,,146560000.00000000000,5.12000,4.08000
,,,146600000.00000000000,5.16000,4.12000
,,,146640000.00000000000,5.12000,4.12000
,,,146680000.00000000000,5.12000,4.12000
,,,146720000.00000000000,5.04000,4.12000
,,,146760000.00000000000,5.12000,4.08000
,,,146800000.00000000000,5.12000,4.12000
,,,146840000.00000000000,5.12000,4.12000
,,,146880000.00000000000,5.08000,4.08000
,,,146920000.00000000000,5.04000,4.12000
,,,146960000.00000000000,5.12000,4.08000
,,,147000000.00000000000,5.12000,4.12000
,,,147040000.00000000000,5.08000,4.12000
,,,147080000.00000000000,5.08000,4.08000
,,,147120000.00000000000,5.12000,4.12000
,,,147160000.00000000000,5.16000,4.12000
,,,147200000.00000000000,5.12000,4.12000
,,,147240000.00000000000,5.08000,4.08000
,,,147280000.00000000000,5.16000,4.12000
,,,147320000.00000000000,5.12000,4.12000
,,,147360000.00000000000,5.12000,4.08000
,,,147400000.00000000000,5.12000,4.12000
,,,147440000.00000000000,5.12000,4.12000
,,,147480000.00000000000,5.16000,4.08000
,,,147520000.00000000000,5.12000,4.08000
,,,147560000.00000000000,5.12000,4.12000
,,,147600000.00000000000,5.08000,4.12000
,,,147640000.00000000000,5.12000,4.08000
,,,147680000.00000000000,5.12000,4.12000
,,,147720000.00000000000,5.08000,4.12000
,,,147760000.00000000000,5.16000,4.12000
,,,147800000.00000000000,5.12000,4.12000
,,,147840000.00000000000,5.12000,4.04000
,,,147880000.00000000000,5.08000,4.08000
,,,147920000.00000000000,5.12000,4.12000
,,,147960000.00000000000,5.12000,4.12000
,,,148000000.00000000000,5.16000,4.08000
,,,148040000.00000000000,5.12000,4.08000
,,,148080000.00000000000,5.12000,4.12000
,,,148120000.00000000000,5.08000,4.12000
,,,148160000.00000000000,5.12000,4.08000
,,,148200000.00000000000,5.12000,4.08000
,,,148240000.00000000000,5.12000,4.08000
,,,148280000.00000000000,5.12000,4.12000
,,,148320000.00000000000,5.08000,4.08000
,,,148360000.00000000000,5.12000,4.12000
,,,148400000.00000000000,5.12000,4.12000
,,,148440000.00000000000,5.08000,4.08000
,,,148480000.00000000000,5.16000,4.08000
,,,148520000.00000000000,5.12000,4.08000
,,,148560000.00000000000,5.16000,4.04000
,,,148600000.00000000000,5.12000,4.08000
,,,148640000.00000000000,5.16000,4.12000
,,,148680000.00000000000,5.12000,4.12000
,,,148720000.00000000000,5.12000,4.08000
,,,148760000.00000000000,5.12000,4.12000
,,,148800000.00000000000,5.08000,4.12000
,,,148840000.00000000000,5.12000,4.12000
,,,148880000.00000000000,5.08000,4.08000
,,,148920000.00000000000,5.04000,4.12000
,,,148960000.00000000000,5.12000,4.08000
,,,149000000.00000000000,5.12000,4.08000
,,,149040000.00000000000,5.12000,4.12000
,,,149080000.00000000000,5.12000,4.12000
,,,149120000.00000000000,5.12000,4.08000
,,,149160000.00000000000,5.12000,4.12000
,,,149200000.00000000000,5.12000,4.08000
,,,149240000.00000000000,5.12000,4.08000
,,,149280000.00000000000,5.12000,4.08000
,,,149320000.00000000000,5.12000,4.08000
,,,149360000.00000000000,5.12000,4.08000
,,,149400000.00000000000,5.16000,4.12000
,,,149440000.00000000000,5.08000,4.08000
,,,149480000.00000000000,5.12000,4.12000
,,,149520000.00000000000,5.12000,4.12000
,,,149560000.00000000000,5.16000,4.12000
,,,149600000.00000000000,5.12000,4.08000
,,,149640000.00000000000,5.12000,4.12000
,,,149680000.00000000000,5.12000,4.08000
,,,149720000.00000000000,5.12000,4.12000
,,,149760000.00000000000,5.12000,4.08000
,,,149800000.00000000000,5.12000,4.16000
,,,149840000.00000000000,5.12000,4.16000
,,,149880000.00000000000,5.12000,4.12000
,,,149920000.00000000000,5.16000,4.08000
,,,149960000.00000000000,5.16000,4.08000
,,,150000000.00000000000,5.12000,4.08000
,,,150040000.00000000000,5.12000,4.08000
,,,150080000.00000000000,5.12000,4.12000
,,,150120000.00000000000,5.12000,4.12000
,,,150160000.00000000000,5.12000,4.12000
,,,150200000.00000000000,5.16000,4.08000
,,,150240000.00000000000,5.12000,4.08000
,,,150280000.00000000000,5.12000,4.08000
,,,150320000.00000000000,5.16000,4.12000
,,,150360000.00000000000,5.16000,4.12000
,,,150400000.00000000000,5.12000,4.08000
,,,150440000.00000000000,5.12000,4.12000
,,,150480000.00000000000,5.16000,4.12000
,,,150520000.00000000000,5.16000,4.12000
,,,150560000.00000000000,5.12000,4.12000
,,,150600000.00000000000,5.12000,4.12000
,,,150640000.00000000000,5.16000,4.16000
,,,150680000.00000000000,5.08000,4.12000
,,,150720000.00000000000,5.12000,4.12000
,,,150760000.00000000000,5.16000,4.08000
,,,150800000.00000000000,5.04000,4.12000
,,,150840000.00000000000,5.12000,4.12000
,,,150880000.00000000000,5.08000,4.12000
,,,150920000.00000000000,5.12000,4.12000
,,,150960000.00000000000,5.08000,4.12000
,,,151000000.00000000000,5.12000,4.08000
,,,151040000.00000000000,5.12000,4.12000
,,,151080000.00000000000,5.08000,4.08000
,,,151120000.00000000000,5.08000,4.12000
,,,151160000.00000000000,5.12000,4.12000
,,,151200000.00000000000,5.12000,4.12000
,,,151240000.00000000000,5.12000,4.08000
,,,151280000.00000000000,5.08000,4.08000
,,,151320000.00000000000,5.12000,4.12000
,,,151360000.00000000000,5.12000,4.12000
,,,151400000.00000000000,5.12000,4.08000
,,,151440000.00000000000,5.12000,4.08000
,,,151480000.00000000000,5.16000,4.12000
,,,151520000.00000000000,5.12000,4.12000
,,,151560000.00000000000,5.16000,4.04000
,,,151600000.00000000000,5.12000,4.12000
,,,151640000.00000000000,5.12000,4.12000
,,,151680000.00000000000,5.12000,4.08000
,,,151720000.00000000000,5.12000,4.12000
,,,151760000.00000000000,5.12000,4.12000
,,,151800000.00000000000,5.12000,4.12000
,,,151840000.00000000000,5.16000,4.12000
,,,151880000.00000000000,5.12000,4.12000
,,,151920000.00000000000,5.12000,4.12000
,,,151960000.00000000000,5.12000,4.12000
,,,152000000.00000000000,5.08000,4.08000
,,,152040000.00000000000,5.12000,4.12000
,,,152080000.00000000000,5.12000,4.12000
,,,152120000.00000000000,5.16000,4.04000
,,,152160000.00000000000,5.16000,4.12000
,,,152200000.00000000000,5.08000,4.12000
,,,152240000.00000000000,5.12000,4.08000
,,,152280000.00000000000,5.12000,4.12000
,,,152320000.00000000000,5.16000,4.12000
,,,152360000.00000000000,5.12000,4.04000
,,,152400000.00000000000,5.16000,4.04000
,,,152440000.00000000000,5.08000,4.08000
,,,152480000.00000000000,5.12000,4.12000
,,,152520000.00000000000,5.08000,4.12000
,,,152560000.00000000000,5.16000,4.08000
,,,152600000.00000000000,5.12000,4.12000
,,,152640000.00000000000,5.12000,4.12000
,,,152680000.00000000000,5.12000,4.12000
,,,152720000.00000000000,5.12000,4.12000
,,,152760000.00000000000,5.12000,4.08000
,,,152800000.00000000000,5.12000,4.08000
,,,152840000.00000000000,5.12000,4.12000
,,,152880000.00000000000,5.16000,4.08000
,,,152920000.00000000000,5.12000,4.08000
,,,152960000.00000000000,5.12000,4.12000
,,,153000000.00000000000,5.12000,4.12000
,,,153040000.00000000000,5.12000,4.12000
,,,153080000.00000000000,5.16000,4.12000
,,,153120000.00000000000,5.12000,4.12000
,,,153160000.00000000000,5.16000,4.12000
,,,153200000.00000000000,5.16000,4.08000
,,,153240000.00000000000,5.12000,4.12000
,,,153280000.00000000000,5.16000,4.12000
,,,153320000.00000000000,5.16000,4.12000
,,,153360000.00000000000,5.12000,4.12000
,,,153400000.00000000000,5.12000,4.12000
,,,153440000.00000000000,5.12000,4.12000
,,,153480000.00000000000,5.16000,4.08000
,,,153520000.00000000000,5.12000,4.12000
,,,153560000.00000000000,5.16000,4.12000
,,,153600000.00000000000,5.12000,4.12000
,,,153640000.00000000000,5.08000,4.12000
,,,153680000.00000000000,5.08000,4.08000
,,,153720000.00000000000,5.12000,4.12000
,,,153760000.00000000000,5.16000,4.08000
,,,153800000.00000000000,5.12000,4.12000
,,,153840000.00000000000,5.08000,4.08000
,,,153880000.00000000000,5.16000,4.12000
,,,153920000.00000000000,5.16000,4.08000
,,,153960000.00000000000,5.16000,4.08000
,,,154000000.00000000000,5.12000,4.04000
,,,154040000.00000000000,5.12000,4.08000
,,,154080000.00000000000,5.08000,4.12000
,,,154120000.00000000000,5.16000,4.08000
,,,154160000.00000000000,5.08000,4.08000
,,,154200000.00000000000,5.12000,4.12000
,,,154240000.00000000000,5.16000,4.08000
,,,154280000.00000000000,5.12000,4.12000
,,,154320000.00000000000,5.12000,4.12000
,,,154360000.00000000000,5.12000,4.08000
,,,154400000.00000000000,5.16000,4.08000
,,,154440000.00000000000,5.12000,4.08000
,,,154480000.00000000000,5.12000,4.08000
,,,154520000.00000000000,5.12000,4.08000
,,,154560000.00000000000,5.12000,4.12000
,,,154600000.00000000000,5.12000,4.08000
,,,154640000.00000000000,5.12000,4.08000
,,,154680000.00000000000,5.08000,4.08000
,,,154720000.00000000000,5.12000,4.12000
,,,154760000.00000000000,5.12000,4.12000
,,,154800000.00000000000,5.08000,4.12000
,,,154840000.00000000000,5.08000,4.08000
,,,154880000.00000000000,5.12000,4.08000
,,,154920000.00000000000,5.16000,4.08000
,,,154960000.00000000000,5.08000,4.12000
,,,155000000.00000000000,5.12000,4.12000
,,,155040000.00000000000,5.12000,4.08000
,,,155080000.00000000000,5.12000,4.12000
,,,155120000.00000000000,5.16000,4.12000
,,,155160000.00000000000,5.12000,4.12000
,,,155200000.00000000000,5.12000,4.12000
,,,155240000.00000000000,5.16000,4.08000
,,,155280000.00000000000,5.12000,4.08000
,,,155320000.00000000000,5.16000,4.08000
,,,155360000.00000000000,5.12000,4.12000
,,,155400000.00000000000,5.12000,4.12000
,,,155440000.00000000000,5.12000,4.12000
,,,155480000.00000000000,5.12000,4.08000
,,,155520000.00000000000,5.08000,4.12000
,,,155560000.00000000000,5.12000,4.12000
,,,155600000.00000000000,5.12000,4.08000
,,,155640000.00000000000,5.08000,4.12000
,,,155680000.00000000000,5.12000,4.12000
,,,155720000.00000000000,5.12000,4.08000
,,,155760000.00000000000,5.16000,4.04000
,,,155800000.00000000000,5.08000,4.08000
,,,155840000.00000000000,5.12000,4.12000
,,,155880000.00000000000,5.16000,4.08000
,,,155920000.00000000000,5.12000,4.12000
,,,155960000.00000000000,5.12000,4.12000
,,,156000000.00000000000,5.16000,4.12000
,,,156040000.00000000000,5.04000,4.12000
,,,156080000.00000000000,5.16000,4.12000
,,,156120000.00000000000,5.12000,4.12000
,,,156160000.00000000000,5.12000,4.12000
,,,156200000.00000000000,5.12000,4.12000
,,,156240000.00000000000,5.20000,4.08000
,,,156280000.00000000000,5.12000,4.08000
,,,156320000.00000000000,5.16000,4.16000
,,,156360000.00000000000,5.12000,4.12000
,,,156400000.00000000000,5.12000,4.12000
,,,156440000.00000000000,5.16000,4.04000
,,,156480000.00000000000,5.12000,4.08000
,,,156520000.00000000000,5.12000,4.12000
,,,156560000.00000000000,5.08000,4.12000
,,,156600000.00000000000,5.16000,4.12000
,,,156640000.00000000000,5.12000,4.12000
,,,156680000.00000000000,5.04000,4.12000
,,,156720000.00000000000,5.12000,4.12000
,,,156760000.00000000000,5.12000,4.08000
,,,156800000.00000000000,5.12000,4.08000
,,,156840000.00000000000,5.12000,4.08000
,,,156880000.00000000000,5.12000,4.08000
,,,156920000.00000000000,5.12000,4.12000
,,,156960000.00000000000,5.12000,4.12000
,,,157000000.00000000000,5.00000,4.12000
,,,157040000.00000000000,5.16000,4.08000
,,,157080000.00000000000,5.12000,4.12000
,,,157120000.00000000000,5.12000,4.12000
,,,157160000.00000000000,5.12000,4.08000
,,,157200000.00000000000,5.12000,4.08000
,,,157240000.00000000000,5.12000,4.12000
,,,157280000.00000000000,5.12000,4.08000
,,,157320000.00000000000,5.08000,4.12000
,,,157360000.00000000000,5.16000,4.08000
,,,157400000.00000000000,5.12000,4.12000
,,,157440000.00000000000,5.16000,4.12000
,,,157480000.00000000000,5.12000,4.12000
,,,157520000.00000000000,5.12000,4.12000
,,,157560000.00000000000,5.12000,4.12000
,,,157600000.00000000000,5.16000,4.12000
,,,157640000.00000000000,5.12000,4.12000
,,,157680000.00000000000,5.12000,4.12000
,,,157720000.00000000000,5.16000,4.08000
,,,157760000.00000000000,5.12000,4.08000
,,,157800000.00000000000,5.12000,4.12000
,,,157840000.00000000000,5.12000,4.08000
,,,157880000.00000000000,5.12000,4.08000
,,,157920000.00000000000,5.12000,4.08000
,,,157960000.00000000000,5.12000,4.08000
,,,158000000.00000000000,5.12000,4.12000
,,,158040000.00000000000,5.08000,4.08000
,,,158080000.00000000000,5.12000,4.12000
,,,158120000.00000000000,5.12000,4.12000
,,,158160000.00000000000,5.16000,4.12000
,,,158200000.00000000000,5.12000,4.08000
,,,158240000.00000000000,5.16000,4.12000
,,,158280000.00000000000,5.12000,4.08000
,,,158320000.00000000000,5.12000,4.12000
,,,158360000.00000000000,5.12000,4.12000
,,,158400000.00000000000,5.08000,4.08000
,,,158440000.00000000000,5.12000,4.08000
,,,158480000.00000000000,5.12000,4.12000
,,,158520000.00000000000,5.12000,4.08000
,,,158560000.00000000000,5.12000,4.12000
,,,158600000.00000000000,5.12000,4.08000
,,,158640000.00000000000,5.12000,4.08000
,,,158680000.00000000000,5.16000,4.12000
,,,158720000.00000000000,5.12000,4.08000
,,,158760000.00000000000,5.12000,4.12000
,,,158800000.00000000000,5.12000,4.12000
,,,158840000.00000000000,5.08000,4.12000
,,,158880000.00000000000,5.08000,4.08000
,,,158920000.00000000000,5.12000,4.08000
,,,158960000.00000000000,5.12000,4.12000
,,,159000000.00000000000,5.12000,4.08000
,,,159040000.00000000000,5.12000,4.12000
,,,159080000.00000000000,5.12000,4.08000
,,,159120000.00000000000,5.12000,4.08000
,,,159160000.00000000000,5.12000,4.12000
,,,159200000.00000000000,5.12000,4.08000
,,,159240000.00000000000,5.16000,4.12000
,,,159280000.00000000000,5.12000,4.12000
,,,159320000.00000000000,5.12000,4.12000
,,,159360000.00000000000,5.12000,4.12000
,,,159400000.00000000000,5.12000,4.12000
,,,159440000.00000000000,5.12000,4.12000
,,,159480000.00000000000,5.12000,4.08000
,,,159520000.00000000000,5.12000,4.12000
,,,159560000.00000000000,5.12000,4.12000
,,,159600000.00000000000,5.12000,4.08000
,,,159640000.00000000000,5.08000,4.12000
,,,159680000.00000000000,5.12000,4.12000
,,,159720000.00000000000,5.08000,4.08000
,,,159760000.00000000000,5.12000,4.12000
,,,159800000.00000000000,5.12000,4.12000
,,,159840000.00000000000,5.12000,4.12000
,,,159880000.00000000000,5.08000,4.12000
,,,159920000.00000000000,5.12000,4.08000
,,,159960000.00000000000,5.12000,4.08000
,,,160000000.00000000000,5.12000,4.12000
,,,160040000.00000000000,5.12000,4.12000
,,,160080000.00000000000,5.12000,4.12000
,,,160120000.00000000000,5.12000,4.12000
,,,160160000.00000000000,5.12000,4.08000
,,,160200000.00000000000,5.12000,4.08000
,,,160240000.00000000000,5.12000,4.12000
,,,160280000.00000000000,5.12000,4.12000
,,,160320000.00000000000,5.16000,4.08000
,,,160360000.00000000000,5.04000,4.04000
,,,160400000.00000000000,5.12000,4.12000
,,,160440000.00000000000,5.08000,4.12000
,,,160480000.00000000000,5.20000,4.08000
,,,160520000.00000000000,5.12000,4.12000
,,,160560000.00000000000,5.16000,4.16000
,,,160600000.00000000000,5.12000,4.08000
,,,160640000.00000000000,5.08000,4.12000
,,,160680000.00000000000,5.12000,4.08000
,,,160720000.00000000000,5.12000,4.12000
,,,160760000.00000000000,5.12000,4.12000
,,,160800000.00000000000,5.12000,4.12000
,,,160840000.00000000000,5.12000,4.12000
,,,160880000.00000000000,5.12000,4.12000
,,,160920000.00000000000,5.08000,4.12000
,,,160960000.00000000000,5.16000,4.08000
,,,161000000.00000000000,5.12000,4.12000
,,,161040000.00000000000,5.12000,4.16000
,,,161080000.00000000000,5.12000,4.12000
,,,161120000.00000000000,5.16000,4.12000
,,,161160000.00000000000,5.12000,4.12000
,,,161200000.00000000000,5.08000,4.12000
,,,161240000.00000000000,5.16000,4.12000
,,,161280000.00000000000,5.12000,4.12000
,,,161320000.00000000000,5.16000,4.12000
,,,161360000.00000000000,5.12000,4.08000
,,,161400000.00000000000,5.12000,4.12000
,,,161440000.00000000000,5.12000,4.16000
,,,161480000.00000000000,5.12000,4.12000
,,,161520000.00000000000,5.12000,4.04000
,,,161560000.00000000000,5.12000,4.12000
,,,161600000.00000000000,5.12000,4.12000
,,,161640000.00000000000,5.12000,4.12000
,,,161680000.00000000000,5.16000,4.12000
,,,161720000.00000000000,5.12000,4.08000
,,,161760000.00000000000,5.12000,4.12000
,,,161800000.00000000000,5.08000,4.12000
,,,161840000.00000000000,5.12000,4.08000
,,,161880000.00000000000,5.08000,4.12000
,,,161920000.00000000000,5.12000,4.12000
,,,161960000.00000000000,5.12000,4.12000
,,,162000000.00000000000,5.08000,4.08000
,,,162040000.00000000000,5.12000,4.08000
,,,162080000.00000000000,5.12000,4.08000
,,,162120000.00000000000,5.12000,4.08000
,,,162160000.00000000000,5.12000,4.08000
,,,162200000.00000000000,5.12000,4.08000
,,,162240000.00000000000,5.12000,4.08000
,,,162280000.00000000000,5.16000,4.04000
,,,162320000.00000000000,5.12000,4.12000
,,,162360000.00000000000,5.12000,4.12000
,,,162400000.00000000000,5.16000,4.08000
,,,162440000.00000000000,5.12000,4.12000
,,,162480000.00000000000,5.12000,4.12000
,,,162520000.00000000000,5.12000,4.08000
,,,162560000.00000000000,5.12000,4.08000
,,,162600000.00000000000,5.12000,4.12000
,,,162640000.00000000000,5.12000,4.12000
,,,162680000.00000000000,5.12000,4.08000
,,,162720000.00000000000,5.12000,4.04000
,,,162760000.00000000000,5.08000,4.12000
,,,162800000.00000000000,5.04000,4.12000
,,,162840000.00000000000,5.12000,4.08000
,,,162880000.00000000000,5.12000,4.08000
,,,162920000.00000000000,5.12000,4.12000
,,,162960000.00000000000,5.12000,4.12000
,,,163000000.00000000000,5.12000,4.12000
,,,163040000.00000000000,5.16000,4.08000
,,,163080000.00000000000,5.12000,4.08000
,,,163120000.00000000000,5.16000,4.08000
,,,163160000.00000000000,5.12000,4.08000
,,,163200000.00000000000,5.12000,4.08000
,,,163240000.00000000000,5.12000,4.08000
,,,163280000.00000000000,5.12000,4.12000
,,,163320000.00000000000,5.16000,4.12000
,,,163360000.00000000000,5.12000,4.12000
,,,163400000.00000000000,5.16000,4.08000
,,,163440000.00000000000,5.12000,4.12000
,,,163480000.00000000000,5.12000,4.08000
,,,163520000.00000000000,5.12000,4.12000
,,,163560000.00000000000,5.16000,4.08000
,,,163600000.00000000000,5.08000,4.12000
,,,163640000.00000000000,5.12000,4.12000
,,,163680000.00000000000,5.16000,4.12000
,,,163720000.00000000000,5.08000,4.08000
,,,163760000.00000000000,5.16000,4.12000
,,,163800000.00000000000,5.12000,4.12000
,,,163840000.00000000000,5.16000,4.12000
,,,163880000.00000000000,5.12000,4.08000
,,,163920000.00000000000,5.04000,4.08000
,,,163960000.00000000000,5.04000,4.08000
,,,164000000.00000000000,5.12000,4.12000
,,,164040000.00000000000,5.16000,4.12000
,,,164080000.00000000000,5.12000,4.12000
,,,164120000.00000000000,5.16000,4.12000
,,,164160000.00000000000,5.12000,4.12000
,,,164200000.00000000000,5.12000,4.08000
,,,164240000.00000000000,5.12000,4.08000
,,,164280000.00000000000,5.12000,4.16000
,,,164320000.00000000000,5.20000,4.08000
,,,164360000.00000000000,5.12000,4.12000
,,,164400000.00000000000,5.20000,4.12000
,,,164440000.00000000000,5.12000,4.12000
,,,164480000.00000000000,5.12000,4.12000
,,,164520000.00000000000,5.12000,4.12000
,,,164560000.00000000000,5.12000,4.12000
,,,164600000.00000000000,5.12000,4.08000
,,,164640000.00000000000,5.12000,4.08000
,,,164680000.00000000000,5.12000,4.12000
,,,164720000.00000000000,5.08000,4.12000
,,,164760000.00000000000,5.12000,4.12000
,,,164800000.00000000000,5.16000,4.08000
,,,164840000.00000000000,5.12000,4.12000
,,,164880000.00000000000,5.12000,4.12000
,,,164920000.00000000000,5.08000,4.12000
,,,164960000.00000000000,5.12000,4.08000
,,,165000000.00000000000,5.08000,4.12000
,,,165040000.00000000000,5.12000,4.08000
,,,165080000.00000000000,5.16000,4.08000
,,,165120000.00000000000,5.16000,4.08000
,,,165160000.00000000000,5.12000,4.04000
,,,165200000.00000000000,5.12000,4.16000
,,,165240000.00000000000,5.12000,4.08000
,,,165280000.00000000000,5.12000,4.08000
,,,165320000.00000000000,5.12000,4.00000
,,,165360000.00000000000,5.12000,4.08000
,,,165400000.00000000000,5.16000,4.12000
,,,165440000.00000000000,5.16000,4.08000
,,,165480000.00000000000,5.12000,4.12000
,,,165520000.00000000000,5.12000,4.12000
,,,165560000.00000000000,5.12000,4.08000
,,,165600000.00000000000,5.12000,4.12000
,,,165640000.00000000000,5.08000,4.12000
,,,165680000.00000000000,5.12000,4.12000
,,,165720000.00000000000,5.04000,4.08000
,,,165760000.00000000000,5.12000,4.08000
,,,165800000.00000000000,5.12000,4.12000
,,,165840000.00000000000,5.04000,4.12000
,,,165880000.00000000000,5.12000,4.08000
,,,165920000.00000000000,5.08000,4.08000
,,,165960000.00000000000,5.08000,4.08000
,,,166000000.00000000000,5.04000,4.12000
,,,166040000.00000000000,5.16000,4.08000
,,,166080000.00000000000,5.12000,4.12000
,,,166120000.00000000000,5.12000,4.08000
,,,166160000.00000000000,5.12000,4.12000
,,,166200000.00000000000,5.12000,4.08000
,,,166240000.00000000000,5.16000,4.12000
,,,166280000.00000000000,5.12000,4.12000
,,,166320000.00000000000,5.12000,4.12000
,,,166360000.00000000000,5.12000,4.12000
,,,166400000.00000000000,5.16000,4.16000
,,,166440000.00000000000,5.12000,4.04000
,,,166480000.00000000000,5.12000,4.08000
,,,166520000.00000000000,5.12000,4.12000
,,,166560000.00000000000,5.12000,4.12000
,,,166600000.00000000000,5.12000,4.08000
,,,166640000.00000000000,5.08000,4.12000
,,,166680000.00000000000,5.12000,4.12000
,,,166720000.00000000000,5.12000,4.12000
,,,166760000.00000000000,5.08000,4.16000
,,,166800000.00000000000,5.12000,4.12000
,,,166840000.00000000000,5.08000,4.12000
,,,166880000.00000000000,5.12000,4.12000
,,,166920000.00000000000,5.12000,4.12000
,,,166960000.00000000000,5.12000,4.12000
,,,167000000.00000000000,5.12000,4.12000
,,,167040000.00000000000,5.16000,4.12000
,,,167080000.00000000000,5.12000,4.12000
,,,167120000.00000000000,5.12000,4.08000
,,,167160000.00000000000,5.12000,4.08000
,,,167200000.00000000000,5.12000,4.12000
,,,167240000.00000000000,5.12000,4.12000
,,,167280000.00000000000,5.12000,4.12000
,,,167320000.00000000000,5.12000,4.12000
,,,167360000.00000000000,5.12000,4.12000
,,,167400000.00000000000,5.08000,4.08000
,,,167440000.00000000000,5.16000,4.08000
,,,167480000.00000000000,5.12000,4.04000
,,,167520000.00000000000,5.12000,4.12000
,,,167560000.00000000000,5.08000,4.12000
,,,167600000.00000000000,5.16000,4.12000
,,,167640000.00000000000,5.12000,4.12000
,,,167680000.00000000000,5.12000,4.08000
,,,167720000.00000000000,5.12000,4.08000
,,,167760000.00000000000,5.04000,4.08000
,,,167800000.00000000000,5.08000,4.08000
,,,167840000.00000000000,5.08000,4.12000
,,,167880000.00000000000,5.12000,4.12000
,,,167920000.00000000000,5.12000,4.12000
,,,167960000.00000000000,5.12000,4.12000
,,,168000000.00000000000,5.12000,4.12000
,,,168040000.00000000000,5.12000,4.12000
,,,168080000.00000000000,5.12000,4.08000
,,,168120000.00000000000,5.08000,4.12000
,,,168160000.00000000000,5.12000,4.08000
,,,168200000.00000000000,5.08000,4.08000
,,,168240000.00000000000,5.16000,4.08000
,,,168280000.00000000000,5.08000,4.04000
,,,168320000.00000000000,5.16000,4.08000
,,,168360000.00000000000,5.12000,4.08000
,,,168400000.00000000000,5.16000,4.12000
,,,168440000.00000000000,5.12000,4.08000
,,,168480000.00000000000,5.12000,4.08000
,,,168520000.00000000000,5.12000,4.08000
,,,168560000.00000000000,5.12000,4.12000
,,,168600000.00000000000,5.08000,4.08000
,,,168640000.00000000000,5.12000,4.08000
,,,168680000.00000000000,5.12000,4.08000
,,,168720000.00000000000,5.12000,4.12000
,,,168760000.00000000000,5.08000,4.08000
,,,168800000.00000000000,5.12000,4.08000
,,,168840000.00000000000,5.12000,4.12000
,,,168880000.00000000000,5.16000,4.12000
,,,168920000.00000000000,5.12000,4.12000
,,,168960000.00000000000,5.12000,4.08000
,,,169000000.00000000000,5.12000,4.12000
,,,169040000.00000000000,5.12000,4.08000
,,,169080000.00000000000,5.16000,4.12000
,,,169120000.00000000000,5.12000,4.12000
,,,169160000.00000000000,5.12000,4.04000
,,,169200000.00000000000,5.12000,4.12000
,,,169240000.00000000000,5.12000,4.08000
,,,169280000.00000000000,5.12000,4.08000
,,,169320000.00000000000,5.16000,4.12000
,,,169360000.00000000000,5.08000,4.12000
,,,169400000.00000000000,5.12000,4.12000
,,,169440000.00000000000,5.12000,4.12000
,,,169480000.00000000000,5.12000,4.12000
,,,169520000.00000000000,5.12000,4.12000
,,,169560000.00000000000,5.12000,4.08000
,,,169600000.00000000000,5.12000,4.04000
,,,169640000.00000000000,5.08000,4.08000
,,,169680000.00000000000,5.16000,4.08000
,,,169720000.00000000000,5.12000,4.12000
,,,169760000.00000000000,5.12000,4.12000
,,,169800000.00000000000,5.08000,4.08000
,,,169840000.00000000000,5.08000,4.08000
,,,169880000.00000000000,5.12000,4.08000
,,,169920000.00000000000,5.12000,4.12000
,,,169960000.00000000000,5.12000,4.12000
,,,170000000.00000000000,5.12000,4.12000
,,,170040000.00000000000,5.12000,4.08000
,,,170080000.00000000000,5.12000,4.08000
,,,170120000.00000000000,5.12000,4.12000
,,,170160000.00000000000,5.12000,4.12000
,,,170200000.00000000000,5.12000,4.12000
,,,170240000.00000000000,5.16000,4.12000
,,,170280000.00000000000,5.12000,4.08000
,,,170320000.00000000000,5.12000,4.12000
,,,170360000.00000000000,5.12000,4.08000
,,,170400000.00000000000,5.12000,4.12000
,,,170440000.00000000000,5.16000,4.08000
,,,170480000.00000000000,5.12000,4.04000
,,,170520000.00000000000,5.16000,4.12000
,,,170560000.00000000000,5.08000,4.08000
,,,170600000.00000000000,5.12000,4.08000
,,,170640000.00000000000,5.16000,4.12000
,,,170680000.00000000000,5.08000,4.12000
,,,170720000.00000000000,5.08000,4.08000
,,,170760000.00000000000,5.12000,4.04000
,,,170800000.00000000000,5.12000,4.12000
,,,170840000.00000000000,5.12000,4.12000
,,,170880000.00000000000,5.12000,4.12000
,,,170920000.00000000000,5.04000,4.08000
,,,170960000.00000000000,5.12000,4.08000
,,,171000000.00000000000,5.12000,4.08000
,,,171040000.00000000000,5.08000,4.12000
,,,171080000.00000000000,5.12000,4.12000
,,,171120000.00000000000,5.12000,4.08000
,,,171160000.00000000000,5.12000,4.08000
,,,171200000.00000000000,5.12000,4.08000
,,,171240000.00000000000,5.12000,4.08000
,,,171280000.00000000000,5.12000,4.08000
,,,171320000.00000000000,5.16000,4.12000
,,,171360000.00000000000,5.12000,4.08000
,,,171400000.00000000000,5.12000,4.12000
,,,171440000.00000000000,5.12000,4.12000
,,,171480000.00000000000,5.08000,4.12000
,,,171520000.00000000000,5.12000,4.12000
,,,171560000.00000000000,5.12000,4.08000
,,,171600000.00000000000,5.16000,4.12000
,,,171640000.00000000000,5.12000,4.08000
,,,171680000.00000000000,5.16000,4.12000
,,,171720000.00000000000,5.12000,4.12000
,,,171760000.00000000000,5.08000,4.08000
,,,171800000.00000000000,5.08000,4.08000
,,,171840000.00000000000,5.12000,4.12000
,,,171880000.00000000000,5.16000,4.04000
,,,171920000.00000000000,5.08000,4.12000
,,,171960000.00000000000,5.08000,4.12000
,,,172000000.00000000000,5.12000,4.12000
,,,172040000.00000000000,5.12000,4.12000
,,,172080000.00000000000,5.08000,4.08000
,,,172120000.00000000000,5.12000,4.12000
,,,172160000.00000000000,5.12000,4.12000
,,,172200000.00000000000,5.12000,4.08000
,,,172240000.00000000000,5.12000,4.08000
,,,172280000.00000000000,5.16000,4.08000
,,,172320000.00000000000,5.12000,4.08000
,,,172360000.00000000000,5.12000,4.12000
,,,172400000.00000000000,5.16000,4.12000
,,,172440000.00000000000,5.12000,4.08000
,,,172480000.00000000000,5.16000,4.12000
,,,172520000.00000000000,5.12000,4.12000
,,,172560000.00000000000,5.12000,4.12000
,,,172600000.00000000000,5.12000,4.12000
,,,172640000.00000000000,5.16000,4.12000
,,,172680000.00000000000,5.08000,4.08000
,,,172720000.00000000000,5.08000,4.16000
,,,172760000.00000000000,5.12000,4.12000
,,,172800000.00000000000,5.12000,4.12000
,,,172840000.00000000000,5.12000,4.12000
,,,172880000.00000000000,5.08000,4.12000
,,,172920000.00000000000,5.12000,4.12000
,,,172960000.00000000000,5.12000,4.12000
,,,173000000.00000000000,5.12000,4.12000
,,,173040000.00000000000,5.12000,4.12000
,,,173080000.00000000000,5.12000,4.12000
,,,173120000.00000000000,5.12000,4.08000
,,,173160000.00000000000,5.08000,4.12000
,,,173200000.00000000000,5.12000,4.08000
,,,173240000.00000000000,5.12000,4.08000
,,,173280000.00000000000,5.16000,4.12000
,,,173320000.00000000000,5.08000,4.12000
,,,173360000.00000000000,5.12000,4.12000
,,,173400000.00000000000,5.16000,4.12000
,,,173440000.00000000000,5.12000,4.12000
,,,173480000.00000000000,5.16000,4.08000
,,,173520000.00000000000,5.16000,4.12000
,,,173560000.00000000000,5.12000,4.08000
,,,173600000.00000000000,5.12000,4.12000
,,,173640000.00000000000,5.12000,4.08000
,,,173680000.00000000000,5.12000,4.08000
,,,173720000.00000000000,5.12000,4.12000
,,,173760000.00000000000,5.04000,4.08000
,,,173800000.00000000000,5.08000,4.12000
,,,173840000.00000000000,5.12000,4.12000
,,,173880000.00000000000,5.12000,4.12000
,,,173920000.00000000000,5.12000,4.12000
,,,173960000.00000000000,5.12000,4.12000
,,,174000000.00000000000,5.12000,4.12000
,,,174040000.00000000000,5.12000,4.12000
,,,174080000.00000000000,5.12000,4.04000
,,,174120000.00000000000,5.08000,4.12000
,,,174160000.00000000000,5.12000,4.12000
,,,174200000.00000000000,5.12000,4.12000
,,,174240000.00000000000,5.12000,4.12000
,,,174280000.00000000000,5.12000,4.12000
,,,174320000.00000000000,5.12000,4.12000
,,,174360000.00000000000,5.12000,4.16000
,,,174400000.00000000000,5.12000,4.12000
,,,174440000.00000000000,5.12000,4.12000
,,,174480000.00000000000,5.12000,4.12000
,,,174520000.00000000000,5.12000,4.08000
,,,174560000.00000000000,5.08000,4.12000
,,,174600000.00000000000,5.08000,4.12000
,,,174640000.00000000000,5.12000,4.12000
,,,174680000.00000000000,5.12000,4.12000
,,,174720000.00000000000,5.12000,4.12000
,,,174760000.00000000000,5.08000,4.08000
,,,174800000.00000000000,5.12000,4.12000
,,,174840000.00000000000,5.16000,4.12000
,,,174880000.00000000000,5.12000,4.08000
,,,174920000.00000000000,5.12000,4.08000
,,,174960000.00000000000,5.12000,4.16000
,,,175000000.00000000000,5.16000,4.12000
,,,175040000.00000000000,5.16000,4.04000
,,,175080000.00000000000,5.12000,4.12000
,,,175120000.00000000000,5.12000,4.04000
,,,175160000.00000000000,5.12000,4.04000
,,,175200000.00000000000,5.16000,4.12000
,,,175240000.00000000000,5.12000,4.12000
,,,175280000.00000000000,5.12000,4.08000
,,,175320000.00000000000,5.16000,4.12000
,,,175360000.00000000000,5.16000,4.12000
,,,175400000.00000000000,5.12000,4.08000
,,,175440000.00000000000,5.16000,4.12000
,,,175480000.00000000000,5.12000,4.08000
,,,175520000.00000000000,5.12000,4.12000
,,,175560000.00000000000,5.12000,4.12000
,,,175600000.00000000000,5.08000,4.12000
,,,175640000.00000000000,5.16000,4.08000
,,,175680000.00000000000,5.08000,4.12000
,,,175720000.00000000000,5.12000,4.12000
,,,175760000.00000000000,5.08000,4.08000
,,,175800000.00000000000,5.12000,4.12000
,,,175840000.00000000000,5.12000,4.12000
,,,175880000.00000000000,5.12000,4.12000
,,,175920000.00000000000,5.08000,4.08000
,,,175960000.00000000000,5.08000,4.08000
,,,176000000.00000000000,5.12000,4.12000
,,,176040000.00000000000,5.12000,4.12000
,,,176080000.00000000000,5.12000,4.04000
,,,176120000.00000000000,5.08000,4.12000
,,,176160000.00000000000,5.16000,4.12000
,,,176200000.00000000000,5.08000,4.08000
,,,176240000.00000000000,5.12000,4.12000
,,,176280000.00000000000,5.12000,4.12000
,,,176320000.00000000000,5.12000,4.08000
,,,176360000.00000000000,5.08000,4.12000
,,,176400000.00000000000,5.12000,4.08000
,,,176440000.00000000000,5.20000,4.08000
,,,176480000.00000000000,5.12000,4.12000
,,,176520000.00000000000,5.12000,4.08000
,,,176560000.00000000000,5.12000,4.08000
,,,176600000.00000000000,5.12000,4.12000
,,,176640000.00000000000,5.12000,4.12000
,,,176680000.00000000000,5.12000,4.12000
,,,176720000.00000000000,5.12000,4.08000
,,,176760000.00000000000,5.08000,4.04000
,,,176800000.00000000000,5.12000,4.12000
,,,176840000.00000000000,5.16000,4.12000
,,,176880000.00000000000,5.16000,4.08000
,,,176920000.00000000000,5.12000,4.08000
,,,176960000.00000000000,5.12000,4.12000
,,,177000000.00000000000,5.12000,4.12000
,,,177040000.00000000000,5.12000,4.08000
,,,177080000.00000000000,5.12000,4.12000
,,,177120000.00000000000,5.12000,4.12000
,,,177160000.00000000000,5.12000,4.08000
,,,177200000.00000000000,5.16000,4.12000
,,,177240000.00000000000,5.12000,4.12000
,,,177280000.00000000000,5.12000,4.12000
,,,177320000.00000000000,5.12000,4.12000
,,,177360000.00000000000,5.12000,4.12000
,,,177400000.00000000000,5.12000,4.12000
,,,177440000.00000000000,5.12000,4.04000
,,,177480000.00000000000,5.16000,4.12000
,,,177520000.00000000000,5.12000,4.12000
,,,177560000.00000000000,5.12000,4.12000
,,,177600000.00000000000,5.12000,4.12000
,,,177640000.00000000000,5.16000,4.12000
,,,177680000.00000000000,5.12000,4.12000
,,,177720000.00000000000,5.16000,4.08000
,,,177760000.00000000000,5.12000,4.08000
,,,177800000.00000000000,5.16000,4.12000
,,,177840000.00000000000,5.12000,4.12000
,,,177880000.00000000000,5.12000,4.12000
,,,177920000.00000000000,5.16000,4.12000
,,,177960000.00000000000,5.16000,4.12000
,,,178000000.00000000000,5.16000,4.12000
,,,178040000.00000000000,5.12000,4.12000
,,,178080000.00000000000,5.16000,4.12000
,,,178120000.00000000000,5.12000,4.12000
,,,178160000.00000000000,5.12000,4.12000
,,,178200000.00000000000,5.12000,4.12000
,,,178240000.00000000000,5.12000,4.12000
,,,178280000.00000000000,5.16000,4.12000
,,,178320000.00000000000,5.12000,4.08000
,,,178360000.00000000000,5.16000,4.08000
,,,178400000.00000000000,5.16000,4.12000
,,,178440000.00000000000,5.16000,4.12000
,,,178480000.00000000000,5.12000,4.12000
,,,178520000.00000000000,5.12000,4.12000
,,,178560000.00000000000,5.12000,4.12000
,,,178600000.00000000000,5.12000,4.12000
,,,178640000.00000000000,5.08000,4.12000
,,,178680000.00000000000,5.12000,4.12000
,,,178720000.00000000000,5.12000,4.12000
,,,178760000.00000000000,5.12000,4.08000
,,,178800000.00000000000,5.12000,4.12000
,,,178840000.00000000000,5.12000,4.08000
,,,178880000.00000000000,5.16000,4.12000
,,,178920000.00000000000,5.12000,4.12000
,,,178960000.00000000000,5.08000,4.12000
,,,179000000.00000000000,5.12000,4.08000
,,,179040000.00000000000,5.12000,4.12000
,,,179080000.00000000000,5.12000,4.08000
,,,179120000.00000000000,5.08000,4.08000
,,,179160000.00000000000,5.16000,4.12000
,,,179200000.00000000000,5.12000,4.12000
,,,179240000.00000000000,5.12000,4.04000
,,,179280000.00000000000,5.12000,4.08000
,,,179320000.00000000000,5.12000,4.08000
,,,179360000.00000000000,5.12000,4.12000
,,,179400000.00000000000,5.16000,4.08000
,,,179440000.00000000000,5.12000,4.08000
,,,179480000.00000000000,5.08000,4.08000
,,,179520000.00000000000,5.12000,4.12000
,,,179560000.00000000000,5.12000,4.12000
,,,179600000.00000000000,5.12000,4.12000
,,,179640000.00000000000,5.16000,4.08000
,,,179680000.00000000000,5.12000,4.08000
,,,179720000.00000000000,5.12000,4.12000
,,,179760000.00000000000,5.12000,4.08000
,,,179800000.00000000000,5.12000,4.08000
,,,179840000.00000000000,5.12000,4.12000
,,,179880000.00000000000,5.12000,4.12000
,,,179920000.00000000000,5.12000,4.12000
,,,179960000.00000000000,5.12000,4.12000
,,,180000000.00000000000,5.04000,4.12000
,,,180040000.00000000000,5.12000,4.12000
,,,180080000.00000000000,5.16000,4.08000
,,,180120000.00000000000,5.12000,4.08000
,,,180160000.00000000000,5.12000,4.12000
,,,180200000.00000000000,5.12000,4.12000
,,,180240000.00000000000,5.16000,4.12000
,,,180280000.00000000000,5.12000,4.08000
,,,180320000.00000000000,5.12000,4.12000
,,,180360000.00000000000,5.12000,4.12000
,,,180400000.00000000000,5.12000,4.12000
,,,180440000.00000000000,5.12000,4.12000
,,,180480000.00000000000,5.08000,4.12000
,,,180520000.00000000000,5.16000,4.08000
,,,180560000.00000000000,5.16000,4.08000
,,,180600000.00000000000,5.16000,4.12000
,,,180640000.00000000000,5.12000,4.08000
,,,180680000.00000000000,5.08000,4.08000
,,,180720000.00000000000,5.16000,4.12000
,,,180760000.00000000000,5.12000,4.12000
,,,180800000.00000000000,5.12000,4.12000
,,,180840000.00000000000,5.04000,4.12000
,,,180880000.00000000000,5.12000,4.08000
,,,180920000.00000000000,5.12000,4.12000
,,,180960000.00000000000,5.12000,4.12000
,,,181000000.00000000000,5.08000,4.08000
,,,181040000.00000000000,5.12000,4.12000
,,,181080000.00000000000,5.12000,4.12000
,,,181120000.00000000000,5.04000,4.08000
,,,181160000.00000000000,5.16000,4.04000
,,,181200000.00000000000,5.08000,4.12000
,,,181240000.00000000000,5.16000,4.12000
,,,181280000.00000000000,5.12000,4.12000
,,,181320000.00000000000,5.12000,4.08000
,,,181360000.00000000000,5.12000,4.08000
,,,181400000.00000000000,5.12000,4.08000
,,,181440000.00000000000,5.16000,4.12000
,,,181480000.00000000000,5.12000,4.12000
,,,181520000.00000000000,5.12000,4.08000
,,,181560000.00000000000,5.08000,4.12000
,,,181600000.00000000000,5.16000,4.12000
,,,181640000.00000000000,5.12000,4.08000
,,,181680000.00000000000,5.12000,4.12000
,,,181720000.00000000000,5.12000,4.12000
,,,181760000.00000000000,5.16000,4.08000
,,,181800000.00000000000,5.16000,4.12000
,,,181840000.00000000000,5.12000,4.12000
,,,181880000.00000000000,5.12000,4.12000
,,,181920000.00000000000,5.12000,4.12000
,,,181960000.00000000000,5.12000,4.12000
,,,182000000.00000000000,5.12000,4.12000
,,,182040000.00000000000,5.12000,4.08000
,,,182080000.00000000000,5.12000,4.04000
,,,182120000.00000000000,5.12000,4.12000
,,,182160000.00000000000,5.16000,4.08000
,,,182200000.00000000000,5.16000,4.12000
,,,182240000.00000000000,5.12000,4.08000
,,,182280000.00000000000,5.12000,4.08000
,,,182320000.00000000000,5.12000,4.08000
,,,182360000.00000000000,5.12000,4.12000
,,,182400000.00000000000,5.08000,4.08000
,,,182440000.00000000000,5.12000,4.12000
,,,182480000.00000000000,5.16000,4.12000
,,,182520000.00000000000,5.12000,4.08000
,,,182560000.00000000000,5.12000,4.12000
,,,182600000.00000000000,5.12000,4.08000
,,,182640000.00000000000,5.08000,4.08000
,,,182680000.00000000000,5.16000,4.12000
,,,182720000.00000000000,5.12000,4.08000
,,,182760000.00000000000,5.16000,4.08000
,,,182800000.00000000000,5.12000,4.12000
,,,182840000.00000000000,5.12000,4.08000
,,,182880000.00000000000,5.12000,4.12000
,,,182920000.00000000000,5.12000,4.12000
,,,182960000.00000000000,5.16000,4.12000
,,,183000000.00000000000,5.12000,4.08000
,,,183040000.00000000000,5.12000,4.12000
,,,183080000.00000000000,5.12000,4.08000
,,,183120000.00000000000,5.16000,4.12000
,,,183160000.00000000000,5.16000,4.08000
,,,183200000.00000000000,5.12000,4.12000
,,,183240000.00000000000,5.12000,4.08000
,,,183280000.00000000000,5.08000,4.12000
,,,183320000.00000000000,5.12000,4.12000
,,,183360000.00000000000,5.12000,4.12000
,,,183400000.00000000000,5.12000,4.12000
,,,183440000.00000000000,5.16000,4.04000
,,,183480000.00000000000,5.12000,4.12000
,,,183520000.00000000000,5.12000,4.12000
,,,183560000.00000000000,5.12000,4.12000
,,,183600000.00000000000,5.12000,4.08000
,,,183640000.00000000000,5.12000,4.12000
,,,183680000.00000000000,5.16000,4.12000
,,,183720000.00000000000,5.12000,4.08000
,,,183760000.00000000000,5.08000,4.08000
,,,183800000.00000000000,5.12000,4.08000
,,,183840000.00000000000,5.08000,4.08000
,,,183880000.00000000000,5.08000,4.12000
,,,183920000.00000000000,5.12000,4.04000
,,,183960000.00000000000,5.12000,4.04000
,,,184000000.00000000000,5.12000,4.08000
,,,184040000.00000000000,5.12000,4.12000
,,,184080000.00000000000,5.12000,4.08000
,,,184120000.00000000000,5.12000,4.08000
,,,184160000.00000000000,5.12000,4.12000
,,,184200000.00000000000,5.12000,4.12000
,,,184240000.00000000000,5.16000,4.04000
,,,184280000.00000000000,5.12000,4.12000
,,,184320000.00000000000,5.16000,4.08000
,,,184360000.00000000000,5.08000,4.08000
,,,184400000.00000000000,5.12000,4.12000
,,,184440000.00000000000,5.12000,4.12000
,,,184480000.00000000000,5.16000,4.08000
,,,184520000.00000000000,5.12000,4.08000
,,,184560000.00000000000,5.12000,4.08000
,,,184600000.00000000000,5.12000,4.12000
,,,184640000.00000000000,5.12000,4.12000
,,,184680000.00000000000,5.08000,4.12000
,,,184720000.00000000000,5.12000,4.12000
,,,184760000.00000000000,5.12000,4.12000
,,,184800000.00000000000,5.12000,4.08000
,,,184840000.00000000000,5.12000,4.04000
,,,184880000.00000000000,5.12000,4.08000
,,,184920000.00000000000,5.12000,4.12000
,,,184960000.00000000000,5.12000,4.12000
,,,185000000.00000000000,5.12000,4.12000
,,,185040000.00000000000,5.16000,4.12000
,,,185080000.00000000000,5.12000,4.08000
,,,185120000.00000000000,5.12000,4.12000
,,,185160000.00000000000,5.12000,4.08000
,,,185200000.00000000000,5.16000,4.12000
,,,185240000.00000000000,5.12000,4.04000
,,,185280000.00000000000,5.12000,4.12000
,,,185320000.00000000000,5.12000,4.12000
,,,185360000.00000000000,5.08000,4.12000
,,,185400000.00000000000,5.16000,4.12000
,,,185440000.00000000000,5.08000,4.04000
,,,185480000.00000000000,5.16000,4.12000
,,,185520000.00000000000,5.12000,4.08000
,,,185560000.00000000000,5.12000,4.08000
,,,185600000.00000000000,5.12000,4.12000
,,,185640000.00000000000,5.16000,4.12000
,,,185680000.00000000000,5.16000,4.12000
,,,185720000.00000000000,5.12000,4.12000
,,,185760000.00000000000,5.16000,4.08000
,,,185800000.00000000000,5.08000,4.08000
,,,185840000.00000000000,5.12000,4.08000
,,,185880000.00000000000,5.12000,4.12000
,,,185920000.00000000000,5.12000,4.08000
,,,185960000.00000000000,5.12000,4.08000
,,,186000000.00000000000,5.12000,4.08000
,,,186040000.00000000000,5.12000,4.12000
,,,186080000.00000000000,5.12000,4.08000
,,,186120000.00000000000,5.12000,4.08000
,,,186160000.00000000000,5.12000,4.12000
,,,186200000.00000000000,5.12000,4.12000
,,,186240000.00000000000,5.12000,4.04000
,,,186280000.00000000000,5.12000,4.12000
,,,186320000.00000000000,5.16000,4.08000
,,,186360000.00000000000,5.16000,4.12000
,,,186400000.00000000000,5.12000,4.12000
,,,186440000.00000000000,5.12000,4.12000
,,,186480000.00000000000,5.12000,4.08000
,,,186520000.00000000000,5.12000,4.12000
,,,186560000.00000000000,5.20000,4.08000
,,,186600000.00000000000,5.08000,4.08000
,,,186640000.00000000000,5.12000,4.12000
,,,186680000.00000000000,5.08000,4.12000
,,,186720000.00000000000,5.12000,4.12000
,,,186760000.00000000000,5.12000,4.12000
,,,186800000.00000000000,5.12000,4.12000
,,,186840000.00000000000,5.12000,4.12000
,,,186880000.00000000000,5.08000,4.08000
,,,186920000.00000000000,5.12000,4.12000
,,,186960000.00000000000,5.12000,4.08000
,,,187000000.00000000000,5.12000,4.12000
,,,187040000.00000000000,5.12000,4.12000
,,,187080000.00000000000,5.16000,4.16000
,,,187120000.00000000000,5.12000,4.08000
,,,187160000.00000000000,5.12000,4.08000
,,,187200000.00000000000,5.12000,4.12000
,,,187240000.00000000000,5.08000,4.12000
,,,187280000.00000000000,5.16000,4.12000
,,,187320000.00000000000,5.12000,4.12000
,,,187360000.00000000000,5.12000,4.04000
,,,187400000.00000000000,5.12000,4.12000
,,,187440000.00000000000,5.12000,4.08000
,,,187480000.00000000000,5.12000,4.12000
,,,187520000.00000000000,5.12000,4.12000
,,,187560000.00000000000,5.12000,4.08000
,,,187600000.00000000000,5.08000,4.08000
,,,187640000.00000000000,5.12000,4.04000
,,,187680000.00000000000,5.12000,4.12000
,,,187720000.00000000000,5.12000,4.12000
,,,187760000.00000000000,5.12000,4.08000
,,,187800000.00000000000,5.12000,4.12000
,,,187840000.00000000000,5.16000,4.08000
,,,187880000.00000000000,5.12000,4.08000
,,,187920000.00000000000,5.12000,4.12000
,,,187960000.00000000000,5.12000,4.12000
,,,188000000.00000000000,5.12000,4.12000
,,,188040000.00000000000,5.12000,4.08000
,,,188080000.00000000000,5.08000,4.12000
,,,188120000.00000000000,5.12000,4.08000
,,,188160000.00000000000,5.08000,4.08000
,,,188200000.00000000000,5.08000,4.08000
,,,188240000.00000000000,5.12000,4.12000
,,,188280000.00000000000,5.12000,4.12000
,,,188320000.00000000000,5.20000,4.12000
,,,188360000.00000000000,5.12000,4.12000
,,,188400000.00000000000,5.12000,4.12000
,,,188440000.00000000000,5.12000,4.08000
,,,188480000.00000000000,5.12000,4.08000
,,,188520000.00000000000,5.12000,4.12000
,,,188560000.00000000000,5.08000,4.12000
,,,188600000.00000000000,5.08000,4.08000
,,,188640000.00000000000,5.08000,4.08000
,,,188680000.00000000000,5.12000,4.04000
,,,188720000.00000000000,5.12000,4.16000
,,,188760000.00000000000,5.16000,4.08000
,,,188800000.00000000000,5.08000,4.08000
,,,188840000.00000000000,5.12000,4.08000
,,,188880000.00000000000,5.12000,4.12000
,,,188920000.00000000000,5.08000,4.12000
,,,188960000.00000000000,5.16000,4.12000
,,,189000000.00000000000,5.12000,4.08000
,,,189040000.00000000000,5.16000,4.08000
,,,189080000.00000000000,5.12000,4.12000
,,,189120000.00000000000,5.12000,4.12000
,,,189160000.00000000000,5.12000,4.08000
,,,189200000.00000000000,5.16000,4.12000
,,,189240000.00000000000,5.16000,4.12000
,,,189280000.00000000000,5.12000,4.12000
,,,189320000.00000000000,5.16000,4.08000
,,,189360000.00000000000,5.04000,4.12000
,,,189400000.00000000000,5.12000,4.04000
,,,189440000.00000000000,5.16000,4.12000
,,,189480000.00000000000,5.16000,4.12000
,,,189520000.00000000000,5.12000,4.12000
,,,189560000.00000000000,5.12000,4.12000
,,,189600000.00000000000,5.12000,4.08000
,,,189640000.00000000000,5.12000,4.12000
,,,189680000.00000000000,5.12000,4.08000
,,,189720000.00000000000,5.12000,4.08000
,,,189760000.00000000000,5.16000,4.12000
,,,189800000.00000000000,5.08000,4.12000
,,,189840000.00000000000,5.12000,4.12000
,,,189880000.00000000000,5.12000,4.12000
,,,189920000.00000000000,5.12000,4.12000
,,,189960000.00000000000,5.12000,4.12000
,,,190000000.00000000000,5.16000,4.08000
,,,190040000.00000000000,5.12000,4.12000
,,,190080000.00000000000,5.12000,4.08000
,,,190120000.00000000000,5.04000,4.08000
,,,190160000.00000000000,5.12000,4.12000
,,,190200000.00000000000,5.12000,4.08000
,,,190240000.00000000000,5.12000,4.04000
,,,190280000.00000000000,5.12000,4.08000
,,,190320000.00000000000,5.12000,4.08000
,,,190360000.00000000000,5.16000,4.08000
,,,190400000.00000000000,5.16000,4.08000
,,,190440000.00000000000,5.12000,4.12000
,,,190480000.00000000000,5.12000,4.12000
,,,190520000.00000000000,5.12000,4.04000
,,,190560000.00000000000,5.16000,4.08000
,,,190600000.00000000000,5.12000,4.08000
,,,190640000.00000000000,5.16000,4.12000
,,,190680000.00000000000,5.12000,4.12000
,,,190720000.00000000000,5.16000,4.12000
,,,190760000.00000000000,5.08000,4.08000
,,,190800000.00000000000,5.12000,4.16000
,,,190840000.00000000000,5.12000,4.12000
,,,190880000.00000000000,5.16000,4.12000
,,,190920000.00000000000,5.12000,4.12000
,,,190960000.00000000000,5.12000,4.12000
,,,191000000.00000000000,5.12000,4.12000
,,,191040000.00000000000,5.12000,4.12000
,,,191080000.00000000000,5.12000,4.08000
,,,191120000.00000000000,5.16000,4.08000
,,,191160000.00000000000,5.12000,4.12000
,,,191200000.00000000000,5.12000,4.12000
,,,191240000.00000000000,5.12000,4.12000
,,,191280000.00000000000,5.12000,4.12000
,,,191320000.00000000000,5.08000,4.12000
,,,191360000.00000000000,5.16000,4.08000
,,,191400000.00000000000,5.12000,4.12000
,,,191440000.00000000000,5.12000,4.12000
,,,191480000.00000000000,5.12000,4.12000
,,,191520000.00000000000,5.12000,4.12000
,,,191560000.00000000000,5.16000,4.12000
,,,191600000.00000000000,5.12000,4.08000
,,,191640000.00000000000,5.12000,4.12000
,,,191680000.00000000000,5.12000,4.04000
,,,191720000.00000000000,5.16000,4.08000
,,,191760000.00000000000,5.12000,4.08000
,,,191800000.00000000000,5.12000,4.08000
,,,191840000.00000000000,5.16000,4.08000
,,,191880000.00000000000,5.12000,4.12000
,,,191920000.00000000000,5.08000,4.12000
,,,191960000.00000000000,5.08000,4.12000
,,,192000000.00000000000,5.16000,4.08000
,,,192040000.00000000000,5.08000,4.12000
,,,192080000.00000000000,5.12000,4.12000
,,,192120000.00000000000,5.16000,4.08000
,,,192160000.00000000000,5.12000,4.12000
,,,192200000.00000000000,5.16000,4.12000
,,,192240000.00000000000,5.12000,4.12000
,,,192280000.00000000000,5.12000,4.12000
,,,192320000.00000000000,5.12000,4.08000
,,,192360000.00000000000,5.12000,4.12000
,,,192400000.00000000000,5.16000,4.12000
,,,192440000.00000000000,5.16000,4.12000
,,,192480000.00000000000,5.12000,4.08000
,,,192520000.00000000000,5.04000,4.08000
,,,192560000.00000000000,5.16000,4.12000
,,,192600000.00000000000,5.12000,4.12000
,,,192640000.00000000000,5.12000,4.16000
,,,192680000.00000000000,5.12000,4.12000
,,,192720000.00000000000,5.16000,4.12000
,,,192760000.00000000000,5.12000,4.12000
,,,192800000.00000000000,5.16000,4.12000
,,,192840000.00000000000,5.12000,4.08000
,,,192880000.00000000000,5.12000,4.08000
,,,192920000.00000000000,5.12000,4.12000
,,,192960000.00000000000,5.04000,4.12000
,,,193000000.00000000000,5.08000,4.08000
,,,193040000.00000000000,5.16000,4.12000
,,,193080000.00000000000,5.12000,4.12000
,,,193120000.00000000000,5.12000,4.08000
,,,193160000.00000000000,5.12000,4.08000
,,,193200000.00000000000,5.12000,4.04000
,,,193240000.00000000000,5.12000,4.12000
,,,193280000.00000000000,5.16000,4.12000
,,,193320000.00000000000,5.12000,4.12000
,,,193360000.00000000000,5.12000,4.08000
,,,193400000.00000000000,5.12000,4.12000
,,,193440000.00000000000,5.12000,4.08000
,,,193480000.00000000000,5.12000,4.08000
,,,193520000.00000000000,5.12000,4.08000
,,,193560000.00000000000,5.16000,4.08000
,,,193600000.00000000000,5.16000,4.12000
,,,193640000.00000000000,5.16000,4.08000
,,,193680000.00000000000,5.08000,4.12000
,,,193720000.00000000000,5.12000,4.08000
,,,193760000.00000000000,5.08000,4.12000
,,,193800000.00000000000,5.16000,4.12000
,,,193840000.00000000000,5.12000,4.04000
,,,193880000.00000000000,5.16000,4.08000
,,,193920000.00000000000,5.12000,4.12000
,,,193960000.00000000000,5.12000,4.12000
,,,194000000.00000000000,5.08000,4.08000
,,,194040000.00000000000,5.12000,4.08000
,,,194080000.00000000000,5.12000,4.08000
,,,194120000.00000000000,5.12000,4.12000
,,,194160000.00000000000,5.12000,4.12000
,,,194200000.00000000000,5.12000,4.08000
,,,194240000.00000000000,5.16000,4.08000
,,,194280000.00000000000,5.12000,4.08000
,,,194320000.00000000000,5.12000,4.12000
,,,194360000.00000000000,5.12000,4.08000
,,,194400000.00000000000,5.08000,4.12000
,,,194440000.00000000000,5.12000,4.08000
,,,194480000.00000000000,5.16000,4.12000
,,,194520000.00000000000,5.12000,4.08000
,,,194560000.00000000000,5.12000,4.12000
,,,194600000.00000000000,5.16000,4.12000
,,,194640000.00000000000,5.12000,4.08000
,,,194680000.00000000000,5.08000,4.08000
,,,194720000.00000000000,5.08000,4.12000
,,,194760000.00000000000,5.12000,4.12000
,,,194800000.00000000000,5.12000,4.12000
,,,194840000.00000000000,5.12000,4.12000
,,,194880000.00000000000,5.12000,4.08000
,,,194920000.00000000000,5.08000,4.08000
,,,194960000.00000000000,5.12000,4.08000
,,,195000000.00000000000,5.16000,4.04000
,,,195040000.00000000000,5.12000,4.12000
,,,195080000.00000000000,5.12000,4.12000
,,,195120000.00000000000,5.08000,4.12000
,,,195160000.00000000000,5.16000,4.08000
,,,195200000.00000000000,5.16000,4.12000
,,,195240000.00000000000,5.12000,4.08000
,,,195280000.00000000000,5.12000,4.08000
,,,195320000.00000000000,5.12000,4.12000
,,,195360000.00000000000,5.08000,4.08000
,,,195400000.00000000000,5.12000,4.08000
,,,195440000.00000000000,5.16000,4.08000
,,,195480000.00000000000,5.12000,4.12000
,,,195520000.00000000000,5.12000,4.12000
,,,195560000.00000000000,5.12000,4.12000
,,,195600000.00000000000,5.12000,4.08000
,,,195640000.00000000000,5.12000,4.12000
,,,195680000.00000000000,5.16000,4.12000
,,,195720000.00000000000,5.12000,4.04000
,,,195760000.00000000000,5.08000,4.12000
,,,195800000.00000000000,5.20000,4.12000
,,,195840000.00000000000,5.12000,4.12000
,,,195880000.00000000000,5.12000,4.08000
,,,195920000.00000000000,5.12000,4.08000
,,,195960000.00000000000,5.12000,4.08000
,,,196000000.00000000000,5.12000,4.12000
,,,196040000.00000000000,5.12000,4.12000
,,,196080000.00000000000,5.12000,4.08000
,,,196120000.00000000000,5.08000,4.12000
,,,196160000.00000000000,5.16000,4.08000
,,,196200000.00000000000,5.12000,4.08000
,,,196240000.00000000000,5.12000,4.08000
,,,196280000.00000000000,5.12000,4.08000
,,,196320000.00000000000,5.16000,4.08000
,,,196360000.00000000000,5.12000,4.12000
,,,196400000.00000000000,5.12000,4.12000
,,,196440000.00000000000,5.12000,4.04000
,,,196480000.00000000000,5.12000,4.08000
,,,196520000.00000000000,5.16000,4.08000
,,,196560000.00000000000,5.12000,4.08000
,,,196600000.00000000000,5.12000,4.12000
,,,196640000.00000000000,5.12000,4.12000
,,,196680000.00000000000,5.12000,4.12000
,,,196720000.00000000000,5.12000,4.12000
,,,196760000.00000000000,5.16000,4.08000
,,,196800000.00000000000,5.12000,4.12000
,,,196840000.00000000000,5.12000,4.08000
,,,196880000.00000000000,5.12000,4.08000
,,,196920000.00000000000,5.04000,4.12000
,,,196960000.00000000000,5.16000,4.08000
,,,197000000.00000000000,5.12000,4.12000
,,,197040000.00000000000,5.16000,4.08000
,,,197080000.00000000000,5.12000,4.12000
,,,197120000.00000000000,5.12000,4.08000
,,,197160000.00000000000,5.08000,4.12000
,,,197200000.00000000000,5.12000,4.12000
,,,197240000.00000000000,5.16000,4.08000
,,,197280000.00000000000,5.04000,4.12000
,,,197320000.00000000000,5.12000,4.08000
,,,197360000.00000000000,5.16000,4.16000
,,,197400000.00000000000,5.12000,4.12000
,,,197440000.00000000000,5.08000,4.12000
,,,197480000.00000000000,5.12000,4.12000
,,,197520000.00000000000,5.12000,4.08000
,,,197560000.00000000000,5.12000,4.12000
,,,197600000.00000000000,5.16000,4.08000
,,,197640000.00000000000,5.12000,4.12000
,,,197680000.00000000000,5.12000,4.04000
,,,197720000.00000000000,5.08000,4.08000
,,,197760000.00000000000,5.16000,4.12000
,,,197800000.00000000000,5.12000,4.08000
,,,197840000.00000000000,5.12000,4.12000
,,,197880000.00000000000,5.12000,4.08000
,,,197920000.00000000000,5.12000,4.12000
,,,197960000.00000000000,5.12000,4.12000
,,,198000000.00000000000,5.12000,4.12000
,,,198040000.00000000000,5.12000,4.12000
,,,198080000.00000000000,5.08000,4.12000
,,,198120000.00000000000,5.12000,4.08000
,,,198160000.00000000000,5.12000,4.12000
,,,198200000.00000000000,5.16000,4.08000
,,,198240000.00000000000,5.12000,4.04000
,,,198280000.00000000000,5.12000,4.08000
,,,198320000.00000000000,5.12000,4.08000
,,,198360000.00000000000,5.12000,4.12000
,,,198400000.00000000000,5.12000,4.08000
,,,198440000.00000000000,5.16000,4.12000
,,,198480000.00000000000,5.16000,4.08000
,,,198520000.00000000000,5.12000,4.08000
,,,198560000.00000000000,5.16000,4.08000
,,,198600000.00000000000,5.12000,4.12000
,,,198640000.00000000000,5.12000,4.12000
,,,198680000.00000000000,5.12000,4.04000
,,,198720000.00000000000,5.08000,4.12000
,,,198760000.00000000000,5.12000,4.08000
,,,198800000.00000000000,5.08000,4.12000
,,,198840000.00000000000,5.12000,4.12000
,,,198880000.00000000000,5.08000,4.12000
,,,198920000.00000000000,5.12000,4.12000
,,,198960000.00000000000,5.12000,4.12000
,,,199000000.00000000000,5.12000,4.12000
,,,199040000.00000000000,5.12000,4.12000
,,,199080000.00000000000,5.12000,4.08000
,,,199120000.00000000000,5.16000,4.08000
,,,199160000.00000000000,5.12000,4.12000
,,,199200000.00000000000,5.16000,4.08000
,,,199240000.00000000000,5.12000,4.12000
,,,199280000.00000000000,5.12000,4.12000
,,,199320000.00000000000,5.08000,4.04000
,,,199360000.00000000000,5.12000,4.12000
,,,199400000.00000000000,5.16000,4.12000
,,,199440000.00000000000,5.16000,4.12000
,,,199480000.00000000000,5.12000,4.12000
,,,199520000.00000000000,5.12000,4.08000
,,,199560000.00000000000,5.12000,4.12000
,,,199600000.00000000000,5.08000,4.12000
,,,199640000.00000000000,5.12000,4.08000
,,,199680000.00000000000,5.12000,4.12000
,,,199720000.00000000000,5.08000,4.08000
,,,199760000.00000000000,5.12000,4.08000
,,,199800000.00000000000,5.12000,4.08000
,,,199840000.00000000000,5.16000,4.12000
,,,199880000.00000000000,5.12000,4.12000
,,,199920000.00000000000,5.12000,4.12000
,,,199960000.00000000000,5.12000,4.12000
,,,200000000.00000000000,5.12000,4.12000
,,,200040000.00000000000,5.04000,4.12000
,,,200080000.00000000000,5.12000,4.08000
,,,200120000.00000000000,5.04000,4.08000
,,,200160000.00000000000,5.08000,4.12000
,,,200200000.00000000000,5.12000,4.16000
,,,200240000.00000000000,5.12000,4.12000
,,,200280000.00000000000,5.16000,4.08000
,,,200320000.00000000000,5.12000,4.08000
,,,200360000.00000000000,5.12000,4.12000
,,,200400000.00000000000,5.12000,4.08000
,,,200440000.00000000000,5.08000,4.08000
,,,200480000.00000000000,5.12000,4.12000
,,,200520000.00000000000,5.16000,4.12000
,,,200560000.00000000000,5.16000,4.12000
,,,200600000.00000000000,5.12000,4.12000
,,,200640000.00000000000,5.12000,4.12000
,,,200680000.00000000000,5.12000,4.12000
,,,200720000.00000000000,5.12000,4.04000
,,,200760000.00000000000,5.12000,4.12000
,,,200800000.00000000000,5.12000,4.12000
,,,200840000.00000000000,5.08000,4.12000
,,,200880000.00000000000,5.12000,4.12000
,,,200920000.00000000000,5.12000,4.12000
,,,200960000.00000000000,5.08000,4.04000
,,,201000000.00000000000,5.12000,4.08000
,,,201040000.00000000000,5.12000,4.08000
,,,201080000.00000000000,5.16000,4.08000
,,,201120000.00000000000,5.16000,4.12000
,,,201160000.00000000000,5.08000,4.12000
,,,201200000.00000000000,5.12000,4.12000
,,,201240000.00000000000,5.12000,4.12000
,,,201280000.00000000000,5.12000,4.12000
,,,201320000.00000000000,5.12000,4.08000
,,,201360000.00000000000,5.16000,4.12000
,,,201400000.00000000000,5.12000,4.08000
,,,201440000.00000000000,5.16000,4.12000
,,,201480000.00000000000,5.12000,4.12000
,,,201520000.00000000000,5.12000,4.08000
,,,201560000.00000000000,5.12000,4.12000
,,,201600000.00000000000,5.12000,4.12000
,,,201640000.00000000000,5.12000,4.04000
,,,201680000.00000000000,5.08000,4.12000
,,,201720000.00000000000,5.12000,4.12000
,,,201760000.00000000000,5.12000,4.08000
,,,201800000.00000000000,5.16000,4.12000
,,,201840000.00000000000,5.12000,4.08000
,,,201880000.00000000000,5.12000,4.08000
,,,201920000.00000000000,5.12000,4.12000
,,,201960000.00000000000,5.12000,4.12000
,,,202000000.00000000000,5.12000,4.12000
,,,202040000.00000000000,5.12000,4.12000
,,,202080000.00000000000,5.12000,4.12000
,,,202120000.00000000000,5.16000,4.08000
,,,202160000.00000000000,5.12000,4.12000
,,,202200000.00000000000,5.12000,4.08000
,,,202240000.00000000000,5.16000,4.04000
,,,202280000.00000000000,5.12000,4.08000
,,,202320000.00000000000,5.12000,4.12000
,,,202360000.00000000000,5.12000,4.08000
,,,202400000.00000000000,5.12000,4.12000
,,,202440000.00000000000,5.12000,4.16000
,,,202480000.00000000000,5.16000,4.12000
,,,202520000.00000000000,5.16000,4.12000
,,,202560000.00000000000,5.12000,4.08000
,,,202600000.00000000000,5.12000,4.12000
,,,202640000.00000000000,5.12000,4.08000
,,,202680000.00000000000,5.12000,4.08000
,,,202720000.00000000000,5.12000,4.08000
,,,202760000.00000000000,5.04000,4.12000
,,,202800000.00000000000,5.12000,4.12000
,,,202840000.00000000000,5.08000,4.12000
,,,202880000.00000000000,5.12000,4.12000
,,,202920000.00000000000,5.08000,4.08000
,,,202960000.00000000000,5.16000,4.12000
,,,203000000.00000000000,5.12000,4.12000
,,,203040000.00000000000,5.12000,4.12000
,,,203080000.00000000000,5.16000,4.08000
,,,203120000.00000000000,5.12000,4.08000
,,,203160000.00000000000,5.12000,4.12000
,,,203200000.00000000000,5.12000,4.16000
,,,203240000.00000000000,5.16000,4.04000
,,,203280000.00000000000,5.16000,4.12000
,,,203320000.00000000000,5.12000,4.12000
,,,203360000.00000000000,5.12000,4.08000
,,,203400000.00000000000,5.12000,4.08000
,,,203440000.00000000000,5.12000,4.12000
,,,203480000.00000000000,5.12000,4.08000
,,,203520000.00000000000,5.16000,4.08000
,,,203560000.00000000000,5.12000,4.08000
,,,203600000.00000000000,5.12000,4.12000
,,,203640000.00000000000,5.12000,4.04000
,,,203680000.00000000000,5.16000,4.12000
,,,203720000.00000000000,5.12000,4.08000
,,,203760000.00000000000,5.12000,4.12000
,,,203800000.00000000000,5.12000,4.12000
,,,203840000.00000000000,5.12000,4.12000
,,,203880000.00000000000,5.12000,4.12000
,,,203920000.00000000000,5.04000,4.12000
,,,203960000.00000000000,5.04000,4.12000
,,,204000000.00000000000,5.08000,4.12000
,,,204040000.00000000000,5.12000,4.08000
,,,204080000.00000000000,5.16000,4.08000
,,,204120000.00000000000,5.16000,4.08000
,,,204160000.00000000000,5.04000,4.12000
,,,204200000.00000000000,5.12000,4.08000
,,,204240000.00000000000,5.04000,4.08000
,,,204280000.00000000000,5.16000,4.08000
,,,204320000.00000000000,5.12000,4.12000
,,,204360000.00000000000,5.16000,4.12000
,,,204400000.00000000000,5.12000,4.12000
,,,204440000.00000000000,5.08000,4.12000
,,,204480000.00000000000,5.16000,4.12000
,,,204520000.00000000000,5.12000,4.08000
,,,204560000.00000000000,5.16000,4.12000
,,,204600000.00000000000,5.12000,4.04000
,,,204640000.00000000000,5.16000,4.12000
,,,204680000.00000000000,5.12000,4.12000
,,,204720000.00000000000,5.12000,4.12000
,,,204760000.00000000000,5.12000,4.12000
,,,204800000.00000000000,5.12000,4.12000
,,,204840000.00000000000,5.16000,4.04000
,,,204880000.00000000000,5.08000,4.16000
,,,204920000.00000000000,5.12000,4.12000
,,,204960000.00000000000,5.12000,4.08000
,,,205000000.00000000000,5.16000,4.08000
,,,205040000.00000000000,5.12000,4.12000
,,,205080000.00000000000,5.12000,4.08000
,,,205120000.00000000000,5.12000,4.12000
,,,205160000.00000000000,5.12000,4.08000
,,,205200000.00000000000,5.16000,4.12000
,,,205240000.00000000000,5.12000,4.04000
,,,205280000.00000000000,5.16000,4.12000
,,,205320000.00000000000,5.12000,4.08000
,,,205360000.00000000000,5.12000,4.12000
,,,205400000.00000000000,5.12000,4.08000
,,,205440000.00000000000,5.16000,4.12000
,,,205480000.00000000000,5.12000,4.12000
,,,205520000.00000000000,5.12000,4.12000
,,,205560000.00000000000,5.12000,4.12000
,,,205600000.00000000000,5.12000,4.12000
,,,205640000.00000000000,5.12000,4.12000
,,,205680000.00000000000,5.08000,4.12000
,,,205720000.00000000000,5.12000,4.12000
,,,205760000.00000000000,5.12000,4.12000
,,,205800000.00000000000,5.12000,4.12000
,,,205840000.00000000000,5.12000,4.08000
,,,205880000.00000000000,5.12000,4.08000
,,,205920000.00000000000,5.12000,4.08000
,,,205960000.00000000000,5.12000,4.08000
,,,206000000.00000000000,5.12000,4.12000
,,,206040000.00000000000,5.12000,4.12000
,,,206080000.00000000000,5.12000,4.08000
,,,206120000.00000000000,5.08000,4.04000
,,,206160000.00000000000,5.16000,4.12000
,,,206200000.00000000000,5.12000,4.08000
,,,206240000.00000000000,5.12000,4.12000
,,,206280000.00000000000,5.12000,4.08000
,,,206320000.00000000000,5.08000,4.08000
,,,206360000.00000000000,5.12000,4.12000
,,,206400000.00000000000,5.12000,4.12000
,,,206440000.00000000000,5.16000,4.12000
,,,206480000.00000000000,5.12000,4.12000
,,,206520000.00000000000,5.12000,4.12000
,,,206560000.00000000000,5.12000,4.12000
,,,206600000.00000000000,5.12000,4.12000
,,,206640000.00000000000,5.16000,4.12000
,,,206680000.00000000000,5.12000,4.08000
,,,206720000.00000000000,5.16000,4.12000
,,,206760000.00000000000,5.12000,4.12000
,,,206800000.00000000000,5.08000,4.08000
,,,206840000.00000000000,5.04000,4.08000
,,,206880000.00000000000,5.12000,4.12000
,,,206920000.00000000000,5.08000,4.12000
,,,206960000.00000000000,5.12000,4.12000
,,,207000000.00000000000,5.12000,4.08000
,,,207040000.00000000000,5.12000,4.12000
,,,207080000.00000000000,5.16000,4.12000
,,,207120000.00000000000,5.08000,4.08000
,,,207160000.00000000000,5.12000,4.08000
,,,207200000.00000000000,5.12000,4.08000
,,,207240000.00000000000,5.16000,4.04000
,,,207280000.00000000000,5.16000,4.08000
,,,207320000.00000000000,5.16000,4.08000
,,,207360000.00000000000,5.12000,4.12000
,,,207400000.00000000000,5.12000,4.16000
,,,207440000.00000000000,5.16000,4.08000
,,,207480000.00000000000,5.12000,4.08000
,,,207520000.00000000000,5.12000,4.12000
,,,207560000.00000000000,5.12000,4.12000
,,,207600000.00000000000,5.12000,4.12000
,,,207640000.00000000000,5.12000,4.12000
,,,207680000.00000000000,5.12000,4.12000
,,,207720000.00000000000,5.16000,4.08000
,,,207760000.00000000000,5.12000,4.08000
,,,207800000.00000000000,5.12000,4.08000
,,,207840000.00000000000,5.12000,4.12000
,,,207880000.00000000000,5.12000,4.08000
,,,207920000.00000000000,5.08000,4.08000
,,,207960000.00000000000,5.08000,4.08000
,,,208000000.00000000000,5.12000,4.12000
,,,208040000.00000000000,5.12000,4.12000
,,,208080000.00000000000,5.16000,4.08000
,,,208120000.00000000000,5.04000,4.08000
,,,208160000.00000000000,5.08000,4.08000
,,,208200000.00000000000,5.12000,4.12000
,,,208240000.00000000000,5.12000,4.12000
,,,208280000.00000000000,5.12000,4.12000
,,,208320000.00000000000,5.12000,4.08000
,,,208360000.00000000000,5.12000,4.04000
,,,208400000.00000000000,5.12000,4.12000
,,,208440000.00000000000,5.12000,4.12000
,,,208480000.00000000000,5.12000,4.08000
,,,208520000.00000000000,5.12000,4.08000
,,,208560000.00000000000,5.12000,4.12000
,,,208600000.00000000000,5.16000,4.08000
,,,208640000.00000000000,5.12000,4.12000
,,,208680000.00000000000,5.12000,4.12000
,,,208720000.00000000000,5.12000,4.12000
,,,208760000.00000000000,5.08000,4.08000
,,,208800000.00000000000,5.12000,4.12000
,,,208840000.00000000000,5.12000,4.08000
,,,208880000.00000000000,5.16000,4.08000
,,,208920000.00000000000,5.08000,4.12000
,,,208960000.00000000000,5.04000,4.12000
,,,209000000.00000000000,5.12000,4.08000
,,,209040000.00000000000,5.12000,4.12000
,,,209080000.00000000000,5.12000,4.08000
,,,209120000.00000000000,5.08000,4.08000
,,,209160000.00000000000,5.12000,4.12000
,,,209200000.00000000000,5.12000,4.12000
,,,209240000.00000000000,5.16000,4.12000
,,,209280000.00000000000,5.12000,4.12000
,,,209320000.00000000000,5.16000,4.12000
,,,209360000.00000000000,5.12000,4.12000
,,,209400000.00000000000,5.12000,4.12000
,,,209440000.00000000000,5.12000,4.08000
,,,209480000.00000000000,5.04000,4.08000
,,,209520000.00000000000,5.16000,4.08000
,,,209560000.00000000000,5.12000,4.12000
,,,209600000.00000000000,5.12000,4.08000
,,,209640000.00000000000,5.12000,4.12000
,,,209680000.00000000000,5.16000,4.08000
,,,209720000.00000000000,5.08000,4.08000
,,,209760000.00000000000,5.12000,4.08000
,,,209800000.00000000000,5.12000,4.08000
,,,209840000.00000000000,5.08000,4.08000
,,,209880000.00000000000,5.12000,4.12000
,,,209920000.00000000000,5.12000,4.12000
,,,209960000.00000000000,5.12000,4.12000
,,,210000000.00000000000,5.12000,4.12000
,,,210040000.00000000000,5.12000,4.12000
,,,210080000.00000000000,5.12000,4.08000
,,,210120000.00000000000,5.12000,4.12000
,,,210160000.00000000000,5.12000,4.12000
,,,210200000.00000000000,5.12000,4.12000
,,,210240000.00000000000,5.12000,4.12000
,,,210280000.00000000000,5.12000,4.08000
,,,210320000.00000000000,5.12000,4.12000
,,,210360000.00000000000,5.12000,4.08000
,,,210400000.00000000000,5.12000,4.12000
,,,210440000.00000000000,5.16000,4.08000
,,,210480000.00000000000,5.16000,4.12000
,,,210520000.00000000000,5.12000,4.12000
,,,210560000.00000000000,5.12000,4.12000
,,,210600000.00000000000,5.12000,4.12000
,,,210640000.00000000000,5.16000,4.12000
,,,210680000.00000000000,5.12000,4.12000
,,,210720000.00000000000,5.12000,4.08000
,,,210760000.00000000000,5.12000,4.12000
,,,210800000.00000000000,5.12000,4.08000
,,,210840000.00000000000,5.08000,4.08000
,,,210880000.00000000000,5.12000,4.12000
,,,210920000.00000000000,5.12000,4.12000
,,,210960000.00000000000,5.12000,4.12000
,,,211000000.00000000000,5.12000,4.08000
,,,211040000.00000000000,5.20000,4.12000
,,,211080000.00000000000,5.08000,4.12000
,,,211120000.00000000000,5.12000,4.08000
,,,211160000.00000000000,5.12000,4.08000
,,,211200000.00000000000,5.12000,4.12000
,,,211240000.00000000000,5.12000,4.08000
,,,211280000.00000000000,5.08000,4.12000
,,,211320000.00000000000,5.16000,4.08000
,,,211360000.00000000000,5.12000,4.04000
,,,211400000.00000000000,5.16000,4.12000
,,,211440000.00000000000,5.16000,4.08000
,,,211480000.00000000000,5.12000,4.12000
,,,211520000.00000000000,5.12000,4.08000
,,,211560000.00000000000,5.08000,4.08000
,,,211600000.00000000000,5.16000,4.12000
,,,211640000.00000000000,5.08000,4.12000
,,,211680000.00000000000,5.12000,4.12000
,,,211720000.00000000000,5.12000,4.12000
,,,211760000.00000000000,5.12000,4.08000
,,,211800000.00000000000,5.12000,4.12000
,,,211840000.00000000000,5.12000,4.12000
,,,211880000.00000000000,5.12000,4.08000
,,,211920000.00000000000,5.12000,4.12000
,,,211960000.00000000000,5.12000,4.12000
,,,212000000.00000000000,5.12000,4.08000
,,,212040000.00000000000,5.16000,4.12000
,,,212080000.00000000000,5.12000,4.08000
,,,212120000.00000000000,5.12000,4.08000
,,,212160000.00000000000,5.12000,4.12000
,,,212200000.00000000000,5.08000,4.12000
,,,212240000.00000000000,5.12000,4.08000
,,,212280000.00000000000,5.12000,4.08000
,,,212320000.00000000000,5.12000,4.12000
,,,212360000.00000000000,5.12000,4.08000
,,,212400000.00000000000,5.12000,4.08000
,,,212440000.00000000000,5.12000,4.08000
,,,212480000.00000000000,5.16000,4.12000
,,,212520000.00000000000,5.16000,4.12000
,,,212560000.00000000000,5.12000,4.12000
,,,212600000.00000000000,5.16000,4.12000
,,,212640000.00000000000,5.12000,4.08000
,,,212680000.00000000000,5.08000,4.12000
,,,212720000.00000000000,5.12000,4.12000
,,,212760000.00000000000,5.12000,4.12000
,,,212800000.00000000000,5.12000,4.08000
,,,212840000.00000000000,5.08000,4.12000
,,,212880000.00000000000,5.16000,4.12000
,,,212920000.00000000000,5.12000,4.12000
,,,212960000.00000000000,5.16000,4.12000
,,,213000000.00000000000,5.12000,4.08000
,,,213040000.00000000000,5.12000,4.12000
,,,213080000.00000000000,5.12000,4.08000
,,,213120000.00000000000,5.08000,4.04000
,,,213160000.00000000000,5.12000,4.08000
,,,213200000.00000000000,5.08000,4.08000
,,,213240000.00000000000,5.12000,4.12000
,,,213280000.00000000000,5.12000,4.12000
,,,213320000.00000000000,5.12000,4.12000
,,,213360000.00000000000,5.16000,4.08000
,,,213400000.00000000000,5.12000,4.12000
,,,213440000.00000000000,5.12000,4.12000
,,,213480000.00000000000,5.16000,4.12000
,,,213520000.00000000000,5.16000,4.12000
,,,213560000.00000000000,5.12000,4.12000
,,,213600000.00000000000,5.16000,4.12000
,,,213640000.00000000000,5.08000,4.12000
,,,213680000.00000000000,5.12000,4.08000
,,,213720000.00000000000,5.16000,4.08000
,,,213760000.00000000000,5.12000,4.12000
,,,213800000.00000000000,5.12000,4.12000
,,,213840000.00000000000,5.08000,4.12000
,,,213880000.00000000000,5.12000,4.08000
,,,213920000.00000000000,5.08000,4.12000
,,,213960000.00000000000,5.08000,4.12000
,,,214000000.00000000000,5.08000,4.12000
,,,214040000.00000000000,5.08000,4.08000
,,,214080000.00000000000,5.12000,4.12000
,,,214120000.00000000000,5.12000,4.12000
,,,214160000.00000000000,5.16000,4.12000
,,,214200000.00000000000,5.04000,4.12000
,,,214240000.00000000000,5.16000,4.08000
,,,214280000.00000000000,5.12000,4.12000
,,,214320000.00000000000,5.16000,4.12000
,,,214360000.00000000000,5.12000,4.12000
,,,214400000.00000000000,5.16000,4.04000
,,,214440000.00000000000,5.16000,4.08000
,,,214480000.00000000000,5.12000,4.12000
,,,214520000.00000000000,5.16000,4.12000
,,,214560000.00000000000,5.12000,4.12000
,,,214600000.00000000000,5.12000,4.08000
,,,214640000.00000000000,5.12000,4.12000
,,,214680000.00000000000,5.12000,4.12000
,,,214720000.00000000000,5.12000,4.08000
,,,214760000.00000000000,5.12000,4.08000
,,,214800000.00000000000,5.12000,4.12000
,,,214840000.00000000000,5.12000,4.12000
,,,214880000.00000000000,5.12000,4.12000
,,,214920000.00000000000,5.08000,4.12000
,,,214960000.00000000000,5.12000,4.12000
,,,215000000.00000000000,5.08000,4.08000
,,,215040000.00000000000,5.12000,4.12000
,,,215080000.00000000000,5.12000,4.12000
,,,215120000.00000000000,5.08000,4.08000
,,,215160000.00000000000,5.12000,4.12000
,,,215200000.00000000000,5.12000,4.08000
,,,215240000.00000000000,5.12000,4.12000
,,,215280000.00000000000,5.12000,4.12000
,,,215320000.00000000000,5.12000,4.12000
,,,215360000.00000000000,5.12000,4.12000
,,,215400000.00000000000,5.12000,4.12000
,,,215440000.00000000000,5.12000,4.12000
,,,215480000.00000000000,5.12000,4.08000
,,,215520000.00000000000,5.12000,4.08000
,,,215560000.00000000000,5.08000,4.08000
,,,215600000.00000000000,5.12000,4.12000
,,,215640000.00000000000,5.12000,4.12000
,,,215680000.00000000000,5.16000,4.12000
,,,215720000.00000000000,5.12000,4.08000
,,,215760000.00000000000,5.08000,4.12000
,,,215800000.00000000000,5.12000,4.12000
,,,215840000.00000000000,5.04000,4.08000
,,,215880000.00000000000,5.16000,4.12000
,,,215920000.00000000000,5.12000,4.12000
,,,215960000.00000000000,5.12000,4.12000
,,,216000000.00000000000,5.08000,4.12000
,,,216040000.00000000000,5.16000,4.12000
,,,216080000.00000000000,5.08000,4.12000
,,,216120000.00000000000,5.12000,4.12000
,,,216160000.00000000000,5.08000,4.08000
,,,216200000.00000000000,5.12000,4.08000
,,,216240000.00000000000,5.12000,4.12000
,,,216280000.00000000000,5.12000,4.12000
,,,216320000.00000000000,5.12000,4.08000
,,,216360000.00000000000,5.16000,4.08000
,,,216400000.00000000000,5.12000,4.12000
,,,216440000.00000000000,5.16000,4.12000
,,,216480000.00000000000,5.12000,4.08000
,,,216520000.00000000000,5.16000,4.12000
,,,216560000.00000000000,5.12000,4.12000
,,,216600000.00000000000,5.16000,4.12000
,,,216640000.00000000000,5.12000,4.12000
,,,216680000.00000000000,5.08000,4.12000
,,,216720000.00000000000,5.12000,4.08000
,,,216760000.00000000000,5.08000,4.04000
,,,216800000.00000000000,5.12000,4.12000
,,,216840000.00000000000,5.16000,4.12000
,,,216880000.00000000000,5.16000,4.12000
,,,216920000.00000000000,5.12000,4.12000
,,,216960000.00000000000,5.12000,4.04000
,,,217000000.00000000000,5.12000,4.12000
,,,217040000.00000000000,5.12000,4.12000
,,,217080000.00000000000,5.12000,4.12000
,,,217120000.00000000000,5.12000,4.08000
,,,217160000.00000000000,5.16000,4.08000
,,,217200000.00000000000,5.08000,4.12000
,,,217240000.00000000000,5.12000,4.16000
,,,217280000.00000000000,5.12000,4.12000
,,,217320000.00000000000,5.12000,4.04000
,,,217360000.00000000000,5.12000,4.12000
,,,217400000.00000000000,5.08000,4.12000
,,,217440000.00000000000,5.12000,4.12000
,,,217480000.00000000000,5.08000,4.12000
,,,217520000.00000000000,5.12000,4.12000
,,,217560000.00000000000,5.12000,4.12000
,,,217600000.00000000000,5.12000,4.12000
,,,217640000.00000000000,5.12000,4.08000
,,,217680000.00000000000,5.12000,4.04000
,,,217720000.00000000000,5.12000,4.12000
,,,217760000.00000000000,5.12000,4.12000
,,,217800000.00000000000,5.12000,4.12000
,,,217840000.00000000000,5.12000,4.12000
,,,217880000.00000000000,5.12000,4.08000
,,,217920000.00000000000,5.12000,4.12000
,,,217960000.00000000000,5.12000,4.12000
,,,218000000.00000000000,5.12000,4.08000
,,,218040000.00000000000,5.12000,4.12000
,,,218080000.00000000000,5.08000,4.12000
,,,218120000.00000000000,5.12000,4.12000
,,,218160000.00000000000,5.16000,4.12000
,,,218200000.00000000000,5.16000,4.04000
,,,218240000.00000000000,5.12000,4.12000
,,,218280000.00000000000,5.12000,4.12000
,,,218320000.00000000000,5.12000,4.08000
,,,218360000.00000000000,5.12000,4.08000
,,,218400000.00000000000,5.08000,4.12000
,,,218440000.00000000000,5.12000,4.08000
,,,218480000.00000000000,5.12000,4.12000
,,,218520000.00000000000,5.16000,4.12000
,,,218560000.00000000000,5.12000,4.08000
,,,218600000.00000000000,5.12000,4.12000
,,,218640000.00000000000,5.12000,4.08000
,,,218680000.00000000000,5.12000,4.12000
,,,218720000.00000000000,5.16000,4.04000
,,,218760000.00000000000,5.12000,4.08000
,,,218800000.00000000000,5.16000,4.12000
,,,218840000.00000000000,5.08000,4.08000
,,,218880000.00000000000,5.12000,4.12000
,,,218920000.00000000000,5.08000,4.12000
,,,218960000.00000000000,5.12000,4.08000
,,,219000000.00000000000,5.08000,4.12000
,,,219040000.00000000000,5.12000,4.12000
,,,219080000.00000000000,5.12000,4.12000
,,,219120000.00000000000,5.12000,4.16000
,,,219160000.00000000000,5.12000,4.12000
,,,219200000.00000000000,5.12000,4.08000
,,,219240000.00000000000,5.12000,4.12000
,,,219280000.00000000000,5.12000,4.12000
,,,219320000.00000000000,5.16000,4.08000
,,,219360000.00000000000,5.12000,4.12000
,,,219400000.00000000000,5.12000,4.12000
,,,219440000.00000000000,5.12000,4.12000
,,,219480000.00000000000,5.12000,4.12000
,,,219520000.00000000000,5.12000,4.16000
,,,219560000.00000000000,5.16000,4.12000
,,,219600000.00000000000,5.12000,4.08000
,,,219640000.00000000000,5.16000,4.12000
,,,219680000.00000000000,5.12000,4.08000
,,,219720000.00000000000,5.12000,4.12000
,,,219760000.00000000000,5.08000,4.12000
,,,219800000.00000000000,5.12000,4.12000
,,,219840000.00000000000,5.12000,4.12000
,,,219880000.00000000000,5.12000,4.12000
,,,219920000.00000000000,5.08000,4.12000
,,,219960000.00000000000,5.08000,4.12000
,,,220000000.00000000000,5.16000,4.08000
,,,220040000.00000000000,5.12000,4.08000
,,,220080000.00000000000,5.08000,4.12000
,,,220120000.00000000000,5.16000,4.12000
,,,220160000.00000000000,5.12000,4.12000
,,,220200000.00000000000,5.12000,4.12000
,,,220240000.00000000000,5.12000,4.08000
,,,220280000.00000000000,5.12000,4.12000
,,,220320000.00000000000,5.16000,4.12000
,,,220360000.00000000000,5.12000,4.12000
,,,220400000.00000000000,5.12000,4.12000
,,,220440000.00000000000,5.12000,4.08000
,,,220480000.00000000000,5.08000,4.08000
,,,220520000.00000000000,5.12000,4.12000
,,,220560000.00000000000,5.12000,4.12000
,,,220600000.00000000000,5.12000,4.08000
,,,220640000.00000000000,5.08000,4.12000
,,,220680000.00000000000,5.16000,4.12000
,,,220720000.00000000000,5.12000,4.16000
,,,220760000.00000000000,5.12000,4.16000
,,,220800000.00000000000,5.12000,4.08000
,,,220840000.00000000000,5.12000,4.12000
,,,220880000.00000000000,5.12000,4.12000
,,,220920000.00000000000,5.12000,4.12000
,,,220960000.00000000000,5.12000,4.08000
,,,221000000.00000000000,5.04000,4.12000
,,,221040000.00000000000,5.12000,4.12000
,,,221080000.00000000000,5.12000,4.08000
,,,221120000.00000000000,5.12000,4.12000
,,,221160000.00000000000,5.12000,4.12000
,,,221200000.00000000000,5.12000,4.12000
,,,221240000.00000000000,5.12000,4.12000
,,,221280000.00000000000,5.08000,4.12000
,,,221320000.00000000000,5.16000,4.08000
,,,221360000.00000000000,5.12000,4.12000
,,,221400000.00000000000,5.12000,4.12000
,,,221440000.00000000000,5.12000,4.04000
,,,221480000.00000000000,5.12000,4.12000
,,,221520000.00000000000,5.08000,4.08000
,,,221560000.00000000000,5.12000,4.12000
,,,221600000.00000000000,5.12000,4.12000
,,,221640000.00000000000,5.12000,4.12000
,,,221680000.00000000000,5.16000,4.12000
,,,221720000.00000000000,5.12000,4.08000
,,,221760000.00000000000,5.12000,4.12000
,,,221800000.00000000000,5.12000,4.04000
,,,221840000.00000000000,5.12000,4.12000
,,,221880000.00000000000,5.12000,4.12000
,,,221920000.00000000000,5.12000,4.12000
,,,221960000.00000000000,5.12000,4.12000
,,,222000000.00000000000,5.12000,4.04000
,,,222040000.00000000000,5.12000,4.12000
,,,222080000.00000000000,5.16000,4.12000
,,,222120000.00000000000,5.12000,4.12000
,,,222160000.00000000000,5.12000,4.08000
,,,222200000.00000000000,5.12000,4.12000
,,,222240000.00000000000,5.12000,4.12000
,,,222280000.00000000000,5.16000,4.12000
,,,222320000.00000000000,5.12000,4.12000
,,,222360000.00000000000,5.12000,4.12000
,,,222400000.00000000000,5.12000,4.12000
,,,222440000.00000000000,5.12000,4.12000
,,,222480000.00000000000,5.12000,4.08000
,,,222520000.00000000000,5.08000,4.12000
,,,222560000.00000000000,5.12000,4.08000
,,,222600000.00000000000,5.16000,4.12000
,,,222640000.00000000000,5.12000,4.12000
,,,222680000.00000000000,5.12000,4.08000
,,,222720000.00000000000,5.08000,4.12000
,,,222760000.00000000000,5.12000,4.08000
,,,222800000.00000000000,5.08000,4.08000
,,,222840000.00000000000,5.12000,4.12000
,,,222880000.00000000000,5.12000,4.12000
,,,222920000.00000000000,5.12000,4.12000
,,,222960000.00000000000,5.12000,4.08000
,,,223000000.00000000000,5.12000,4.12000
,,,223040000.00000000000,5.12000,4.12000
,,,223080000.00000000000,5.12000,4.08000
,,,223120000.00000000000,5.12000,4.08000
,,,223160000.00000000000,5.08000,4.12000
,,,223200000.00000000000,5.16000,4.12000
,,,223240000.00000000000,5.08000,4.12000
,,,223280000.00000000000,5.12000,4.08000
,,,223320000.00000000000,5.16000,4.12000
,,,223360000.00000000000,5.16000,4.12000
,,,223400000.00000000000,5.12000,4.12000
,,,223440000.00000000000,5.12000,4.08000
,,,223480000.00000000000,5.16000,4.12000
,,,223520000.00000000000,5.12000,4.08000
,,,223560000.00000000000,5.16000,4.12000
,,,223600000.00000000000,5.12000,4.12000
,,,223640000.00000000000,5.12000,4.12000
,,,223680000.00000000000,5.12000,4.08000
,,,223720000.00000000000,5.12000,4.12000
,,,223760000.00000000000,5.20000,4.12000
,,,223800000.00000000000,5.12000,4.12000
,,,223840000.00000000000,5.12000,4.12000
,,,223880000.00000000000,5.12000,4.08000
,,,223920000.00000000000,5.12000,4.12000
,,,223960000.00000000000,5.12000,4.12000
,,,224000000.00000000000,5.12000,4.12000
,,,224040000.00000000000,5.12000,4.12000
,,,224080000.00000000000,5.12000,4.12000
,,,224120000.00000000000,5.12000,4.08000
,,,224160000.00000000000,5.12000,4.04000
,,,224200000.00000000000,5.12000,4.12000
,,,224240000.00000000000,5.16000,4.12000
,,,224280000.00000000000,5.12000,4.12000
,,,224320000.00000000000,5.12000,4.12000
,,,224360000.00000000000,5.12000,4.12000
,,,224400000.00000000000,5.16000,4.12000
,,,224440000.00000000000,5.12000,4.12000
,,,224480000.00000000000,5.12000,4.12000
,,,224520000.00000000000,5.16000,4.12000
,,,224560000.00000000000,5.12000,4.12000
,,,224600000.00000000000,5.12000,4.08000
,,,224640000.00000000000,5.12000,4.12000
,,,224680000.00000000000,5.12000,4.12000
,,,224720000.00000000000,5.12000,4.12000
,,,224760000.00000000000,5.16000,4.12000
,,,224800000.00000000000,5.08000,4.12000
,,,224840000.00000000000,5.16000,4.08000
,,,224880000.00000000000,5.12000,4.12000
,,,224920000.00000000000,5.12000,4.08000
,,,224960000.00000000000,5.12000,4.12000
,,,225000000.00000000000,5.12000,4.12000
,,,225040000.00000000000,5.16000,4.12000
,,,225080000.00000000000,5.12000,4.12000
,,,225120000.00000000000,5.12000,4.08000
,,,225160000.00000000000,5.12000,4.12000
,,,225200000.00000000000,5.16000,4.08000
,,,225240000.00000000000,5.08000,4.12000
,,,225280000.00000000000,5.12000,4.12000
,,,225320000.00000000000,5.16000,4.12000
,,,225360000.00000000000,5.12000,4.12000
,,,225400000.00000000000,5.16000,4.12000
,,,225440000.00000000000,5.08000,4.08000
,,,225480000.00000000000,5.16000,4.12000
,,,225520000.00000000000,5.12000,4.12000
,,,225560000.00000000000,5.12000,4.08000
,,,225600000.00000000000,5.12000,4.08000
,,,225640000.00000000000,5.12000,4.12000
,,,225680000.00000000000,5.12000,4.12000
,,,225720000.00000000000,5.12000,4.12000
,,,225760000.00000000000,5.16000,4.12000
,,,225800000.00000000000,5.12000,4.08000
,,,225840000.00000000000,5.16000,4.12000
,,,225880000.00000000000,5.12000,4.12000
,,,225920000.00000000000,5.12000,4.12000
,,,225960000.00000000000,5.12000,4.12000
,,,226000000.00000000000,5.08000,4.12000
,,,226040000.00000000000,5.12000,4.08000
,,,226080000.00000000000,5.12000,4.08000
,,,226120000.00000000000,5.12000,4.12000
,,,226160000.00000000000,5.12000,4.08000
,,,226200000.00000000000,5.12000,4.12000
,,,226240000.00000000000,5.12000,4.08000
,,,226280000.00000000000,5.12000,4.08000
,,,226320000.00000000000,5.08000,4.08000
,,,226360000.00000000000,5.12000,4.12000
,,,226400000.00000000000,5.16000,4.12000
,,,226440000.00000000000,5.12000,4.08000
,,,226480000.00000000000,5.12000,4.12000
,,,226520000.00000000000,5.04000,4.12000
,,,226560000.00000000000,5.12000,4.12000
,,,226600000.00000000000,5.16000,4.08000
,,,226640000.00000000000,5.12000,4.12000
,,,226680000.00000000000,5.08000,4.08000
,,,226720000.00000000000,5.08000,4.08000
,,,226760000.00000000000,5.16000,4.12000
,,,226800000.00000000000,5.12000,4.08000
,,,226840000.00000000000,5.12000,4.12000
,,,226880000.00000000000,5.12000,4.08000
,,,226920000.00000000000,5.12000,4.12000
,,,226960000.00000000000,5.12000,4.08000
,,,227000000.00000000000,5.12000,4.16000
,,,227040000.00000000000,5.12000,4.12000
,,,227080000.00000000000,5.12000,4.12000
,,,227120000.00000000000,5.12000,4.12000
,,,227160000.00000000000,5.12000,4.12000
,,,227200000.00000000000,5.16000,4.08000
,,,227240000.00000000000,5.08000,4.08000
,,,227280000.00000000000,5.08000,4.08000
,,,227320000.00000000000,5.12000,4.12000
,,,227360000.00000000000,5.12000,4.12000
,,,227400000.00000000000,5.12000,4.12000
,,,227440000.00000000000,5.08000,4.12000
,,,227480000.00000000000,5.16000,4.08000
,,,227520000.00000000000,5.12000,4.12000
,,,227560000.00000000000,5.12000,4.12000
,,,227600000.00000000000,5.12000,4.08000
,,,227640000.00000000000,5.12000,4.12000
,,,227680000.00000000000,5.12000,4.12000
,,,227720000.00000000000,5.08000,4.08000
,,,227760000.00000000000,5.08000,4.12000
,,,227800000.00000000000,5.08000,4.12000
,,,227840000.00000000000,5.12000,4.12000
,,,227880000.00000000000,5.12000,4.12000
,,,227920000.00000000000,5.12000,4.12000
,,,227960000.00000000000,5.12000,4.12000
,,,228000000.00000000000,5.12000,4.12000
,,,228040000.00000000000,5.16000,4.12000
,,,228080000.00000000000,5.12000,4.12000
,,,228120000.00000000000,5.12000,4.12000
,,,228160000.00000000000,5.12000,4.12000
,,,228200000.00000000000,5.12000,4.08000
,,,228240000.00000000000,5.12000,4.12000
,,,228280000.00000000000,5.16000,4.08000
,,,228320000.00000000000,5.16000,4.12000
,,,228360000.00000000000,5.12000,4.08000
,,,228400000.00000000000,5.12000,4.08000
,,,228440000.00000000000,5.16000,4.12000
,,,228480000.00000000000,5.16000,4.12000
,,,228520000.00000000000,5.12000,4.12000
,,,228560000.00000000000,5.12000,4.12000
,,,228600000.00000000000,5.12000,4.08000
,,,228640000.00000000000,5.12000,4.12000
,,,228680000.00000000000,5.16000,4.12000
,,,228720000.00000000000,5.12000,4.12000
,,,228760000.00000000000,5.16000,4.12000
,,,228800000.00000000000,5.12000,4.08000
,,,228840000.00000000000,5.12000,4.08000
,,,228880000.00000000000,5.12000,4.12000
,,,228920000.00000000000,5.16000,4.12000
,,,228960000.00000000000,5.12000,4.12000
,,,229000000.00000000000,5.12000,4.12000
,,,229040000.00000000000,5.12000,4.12000
,,,229080000.00000000000,5.12000,4.08000
,,,229120000.00000000000,5.16000,4.12000
,,,229160000.00000000000,5.08000,4.12000
,,,229200000.00000000000,5.12000,4.08000
,,,229240000.00000000000,5.12000,4.08000
,,,229280000.00000000000,5.12000,4.12000
,,,229320000.00000000000,5.16000,4.08000
,,,229360000.00000000000,5.12000,4.12000
,,,229400000.00000000000,5.12000,4.12000
,,,229440000.00000000000,5.12000,4.12000
,,,229480000.00000000000,5.12000,4.12000
,,,229520000.00000000000,5.12000,4.12000
,,,229560000.00000000000,5.16000,4.16000
,,,229600000.00000000000,5.16000,4.12000
,,,229640000.00000000000,5.12000,4.12000
,,,229680000.00000000000,5.12000,4.16000
,,,229720000.00000000000,5.12000,4.08000
,,,229760000.00000000000,5.16000,4.12000
,,,229800000.00000000000,5.08000,4.12000
,,,229840000.00000000000,5.12000,4.12000
,,,229880000.00000000000,5.12000,4.08000
,,,229920000.00000000000,5.08000,4.12000
,,,229960000.00000000000,5.08000,4.12000
,,,230000000.00000000000,5.08000,4.12000
,,,230040000.00000000000,5.16000,4.08000
,,,230080000.00000000000,5.08000,4.12000
,,,230120000.00000000000,5.12000,4.08000
,,,230160000.00000000000,5.12000,4.12000
,,,230200000.00000000000,5.12000,4.08000
,,,230240000.00000000000,5.12000,4.12000
,,,230280000.00000000000,5.12000,4.12000
,,,230320000.00000000000,5.16000,4.12000
,,,230360000.00000000000,5.12000,4.12000
,,,230400000.00000000000,5.12000,4.12000
,,,230440000.00000000000,5.08000,4.12000
,,,230480000.00000000000,5.16000,4.08000
,,,230520000.00000000000,5.12000,4.16000
,,,230560000.00000000000,5.12000,4.12000
,,,230600000.00000000000,5.12000,4.08000
,,,230640000.00000000000,5.12000,4.12000
,,,230680000.00000000000,5.12000,4.08000
,,,230720000.00000000000,5.08000,4.12000
,,,230760000.00000000000,5.16000,4.12000
,,,230800000.00000000000,5.08000,4.12000
,,,230840000.00000000000,5.12000,4.12000
,,,230880000.00000000000,5.12000,4.08000
,,,230920000.00000000000,5.12000,4.08000
,,,230960000.00000000000,5.12000,4.16000
,,,231000000.00000000000,5.12000,4.12000
,,,231040000.00000000000,5.12000,4.12000
,,,231080000.00000000000,5.08000,4.12000
,,,231120000.00000000000,5.12000,4.12000
,,,231160000.00000000000,5.12000,4.08000
,,,231200000.00000000000,5.12000,4.08000
,,,231240000.00000000000,5.12000,4.12000
,,,231280000.00000000000,5.08000,4.04000
,,,231320000.00000000000,5.20000,4.08000
,,,231360000.00000000000,5.12000,4.08000
,,,231400000.00000000000,5.12000,4.08000
,,,231440000.00000000000,5.12000,4.12000
,,,231480000.00000000000,5.12000,4.08000
,,,231520000.00000000000,5.12000,4.08000
,,,231560000.00000000000,5.12000,4.12000
,,,231600000.00000000000,5.12000,4.12000
,,,231640000.00000000000,5.12000,4.08000
,,,231680000.00000000000,5.12000,4.04000
,,,231720000.00000000000,5.12000,4.12000
,,,231760000.00000000000,5.12000,4.12000
,,,231800000.00000000000,5.08000,4.12000
,,,231840000.00000000000,5.16000,4.08000
,,,231880000.00000000000,5.12000,4.12000
,,,231920000.00000000000,5.08000,4.08000
,,,231960000.00000000000,5.08000,4.08000
,,,232000000.00000000000,5.12000,4.12000
,,,232040000.00000000000,5.12000,4.08000
,,,232080000.00000000000,5.08000,4.08000
,,,232120000.00000000000,5.12000,4.12000
,,,232160000.00000000000,5.08000,4.12000
,,,232200000.00000000000,5.12000,4.04000
,,,232240000.00000000000,5.12000,4.12000
,,,232280000.00000000000,5.12000,4.08000
,,,232320000.00000000000,5.12000,4.12000
,,,232360000.00000000000,5.12000,4.08000
,,,232400000.00000000000,5.12000,4.12000
,,,232440000.00000000000,5.12000,4.12000
,,,232480000.00000000000,5.16000,4.04000
,,,232520000.00000000000,5.16000,4.12000
,,,232560000.00000000000,5.12000,4.12000
,,,232600000.00000000000,5.12000,4.12000
,,,232640000.00000000000,5.08000,4.08000
,,,232680000.00000000000,5.16000,4.12000
,,,232720000.00000000000,5.08000,4.08000
,,,232760000.00000000000,5.12000,4.12000
,,,232800000.00000000000,5.12000,4.08000
,,,232840000.00000000000,5.12000,4.08000
,,,232880000.00000000000,5.16000,4.08000
,,,232920000.00000000000,5.12000,4.08000
,,,232960000.00000000000,5.12000,4.12000
,,,233000000.00000000000,5.12000,4.08000
,,,233040000.00000000000,5.12000,4.12000
,,,233080000.00000000000,5.12000,4.12000
,,,233120000.00000000000,5.12000,4.12000
,,,233160000.00000000000,5.12000,4.08000
,,,233200000.00000000000,5.12000,4.12000
,,,233240000.00000000000,5.12000,4.12000
,,,233280000.00000000000,5.16000,4.12000
,,,233320000.00000000000,5.12000,4.08000
,,,233360000.00000000000,5.12000,4.12000
,,,233400000.00000000000,5.16000,4.12000
,,,233440000.00000000000,5.12000,4.12000
,,,233480000.00000000000,5.12000,4.12000
,,,233520000.00000000000,5.16000,4.08000
,,,233560000.00000000000,5.12000,4.08000
,,,233600000.00000000000,5.12000,4.12000
,,,233640000.00000000000,5.12000,4.12000
,,,233680000.00000000000,5.12000,4.12000
,,,233720000.00000000000,5.12000,4.04000
,,,233760000.00000000000,5.16000,4.12000
,,,233800000.00000000000,5.12000,4.08000
,,,233840000.00000000000,5.12000,4.08000
,,,233880000.00000000000,5.12000,4.08000
,,,233920000.00000000000,5.12000,4.08000
,,,233960000.00000000000,5.12000,4.08000
,,,234000000.00000000000,5.12000,4.12000
,,,234040000.00000000000,5.12000,4.12000
,,,234080000.00000000000,5.12000,4.12000
,,,234120000.00000000000,5.08000,4.12000
,,,234160000.00000000000,5.12000,4.08000
,,,234200000.00000000000,5.12000,4.08000
,,,234240000.00000000000,5.12000,4.08000
,,,234280000.00000000000,5.12000,4.12000
,,,234320000.00000000000,5.16000,4.12000
,,,234360000.00000000000,5.12000,4.12000
,,,234400000.00000000000,5.12000,4.12000
,,,234440000.00000000000,5.12000,4.08000
,,,234480000.00000000000,5.12000,4.04000
,,,234520000.00000000000,5.12000,4.08000
,,,234560000.00000000000,5.12000,4.12000
,,,234600000.00000000000,5.16000,4.12000
,,,234640000.00000000000,5.12000,4.08000
,,,234680000.00000000000,5.12000,4.04000
,,,234720000.00000000000,5.16000,4.08000
,,,234760000.00000000000,5.12000,4.08000
,,,234800000.00000000000,5.12000,4.08000
,,,234840000.00000000000,5.16000,4.08000
,,,234880000.00000000000,5.12000,4.04000
,,,234920000.00000000000,5.12000,4.08000
,,,234960000.00000000000,5.16000,4.12000
,,,235000000.00000000000,5.08000,4.12000
,,,235040000.00000000000,5.16000,4.12000
,,,235080000.00000000000,5.12000,4.08000
,,,235120000.00000000000,5.12000,4.12000
,,,235160000.00000000000,5.12000,4.12000
,,,235200000.00000000000,5.12000,4.08000
,,,235240000.00000000000,5.16000,4.12000
,,,235280000.00000000000,5.12000,4.12000
,,,235320000.00000000000,5.16000,4.08000
,,,235360000.00000000000,5.12000,4.08000
,,,235400000.00000000000,5.12000,4.12000
,,,235440000.00000000000,5.08000,4.12000
,,,235480000.00000000000,5.12000,4.08000
,,,235520000.00000000000,5.16000,4.08000
,,,235560000.00000000000,5.04000,4.16000
,,,235600000.00000000000,5.12000,4.12000
,,,235640000.00000000000,5.08000,4.12000
,,,235680000.00000000000,5.12000,4.12000
,,,235720000.00000000000,5.08000,4.08000
,,,235760000.00000000000,5.08000,4.12000
,,,235800000.00000000000,5.12000,4.00000
,,,235840000.00000000000,5.12000,4.12000
,,,235880000.00000000000,5.12000,4.12000
,,,235920000.00000000000,5.12000,4.08000
,,,235960000.00000000000,5.12000,4.08000
,,,236000000.00000000000,5.12000,4.12000
,,,236040000.00000000000,5.16000,4.04000
,,,236080000.00000000000,5.04000,4.12000
,,,236120000.00000000000,5.16000,4.12000
,,,236160000.00000000000,5.16000,4.08000
,,,236200000.00000000000,5.12000,4.12000
,,,236240000.00000000000,5.08000,4.08000
,,,236280000.00000000000,5.12000,4.12000
,,,236320000.00000000000,5.08000,4.12000
,,,236360000.00000000000,5.12000,4.08000
,,,236400000.00000000000,5.16000,4.08000
,,,236440000.00000000000,5.12000,4.04000
,,,236480000.00000000000,5.12000,4.12000
,,,236520000.00000000000,5.12000,4.12000
,,,236560000.00000000000,5.12000,4.12000
,,,236600000.00000000000,5.12000,4.08000
,,,236640000.00000000000,5.12000,4.12000
,,,236680000.00000000000,5.16000,4.12000
,,,236720000.00000000000,5.12000,4.12000
,,,236760000.00000000000,5.12000,4.08000
,,,236800000.00000000000,5.12000,4.08000
,,,236840000.00000000000,5.12000,4.12000
,,,236880000.00000000000,5.12000,4.12000
,,,236920000.00000000000,5.12000,4.12000
,,,236960000.00000000000,5.16000,4.08000
,,,237000000.00000000000,5.12000,4.08000
,,,237040000.00000000000,5.12000,4.12000
,,,237080000.00000000000,5.12000,4.12000
,,,237120000.00000000000,5.12000,4.12000
,,,237160000.00000000000,5.12000,4.12000
,,,237200000.00000000000,5.12000,4.08000
,,,237240000.00000000000,5.12000,4.12000
,,,237280000.00000000000,5.16000,4.12000
,,,237320000.00000000000,5.12000,4.04000
,,,237360000.00000000000,5.08000,4.12000
,,,237400000.00000000000,5.12000,4.12000
,,,237440000.00000000000,5.12000,4.12000
,,,237480000.00000000000,5.16000,4.08000
,,,237520000.00000000000,5.16000,4.12000
,,,237560000.00000000000,5.16000,4.12000
,,,237600000.00000000000,5.12000,4.12000
,,,237640000.00000000000,5.16000,4.12000
,,,237680000.00000000000,5.12000,4.12000
,,,237720000.00000000000,5.04000,4.12000
,,,237760000.00000000000,5.16000,4.12000
,,,237800000.00000000000,5.12000,4.12000
,,,237840000.00000000000,5.12000,4.12000
,,,237880000.00000000000,5.12000,4.12000
,,,237920000.00000000000,5.12000,4.12000
,,,237960000.00000000000,5.12000,4.12000
,,,238000000.00000000000,5.12000,4.12000
,,,238040000.00000000000,5.12000,4.12000
,,,238080000.00000000000,5.12000,4.12000
,,,238120000.00000000000,5.12000,4.12000
,,,238160000.00000000000,5.12000,4.12000
,,,238200000.00000000000,5.00000,4.08000
,,,238240000.00000000000,5.08000,4.12000
,,,238280000.00000000000,5.12000,4.08000
,,,238320000.00000000000,5.12000,4.08000
,,,238360000.00000000000,5.12000,4.12000
,,,238400000.00000000000,5.12000,4.08000
,,,238440000.00000000000,5.12000,4.12000
,,,238480000.00000000000,5.20000,4.08000
,,,238520000.00000000000,5.04000,4.12000
,,,238560000.00000000000,5.12000,4.08000
,,,238600000.00000000000,5.12000,4.12000
,,,238640000.00000000000,5.16000,4.08000
,,,238680000.00000000000,5.12000,4.12000
,,,238720000.00000000000,5.04000,4.08000
,,,238760000.00000000000,5.16000,4.08000
,,,238800000.00000000000,5.08000,4.12000
,,,238840000.00000000000,5.12000,4.12000
,,,238880000.00000000000,5.12000,4.12000
,,,238920000.00000000000,5.12000,4.12000
,,,238960000.00000000000,5.16000,4.12000
,,,239000000.00000000000,5.12000,4.12000
,,,239040000.00000000000,5.12000,4.12000
,,,239080000.00000000000,5.12000,4.08000
,,,239120000.00000000000,5.12000,4.12000
,,,239160000.00000000000,5.12000,4.04000
,,,239200000.00000000000,5.16000,4.12000
,,,239240000.00000000000,5.12000,4.12000
,,,239280000.00000000000,5.12000,4.12000
,,,239320000.00000000000,5.12000,4.12000
,,,239360000.00000000000,5.12000,4.04000
,,,239400000.00000000000,5.16000,4.08000
,,,239440000.00000000000,5.08000,4.12000
,,,239480000.00000000000,5.12000,4.08000
,,,239520000.00000000000,5.12000,4.08000
,,,239560000.00000000000,5.16000,4.12000
,,,239600000.00000000000,5.12000,4.08000
,,,239640000.00000000000,5.12000,4.12000
,,,239680000.00000000000,5.12000,4.08000
,,,239720000.00000000000,5.12000,4.04000
,,,239760000.00000000000,5.12000,4.12000
,,,239800000.00000000000,5.08000,4.08000
,,,239840000.00000000000,5.12000,4.12000
,,,239880000.00000000000,5.08000,4.12000
,,,239920000.00000000000,5.12000,4.04000
,,,239960000.00000000000,5.12000,4.04000
,,,240000000.00000000000,5.08000,4.12000
,,,240040000.00000000000,5.12000,4.12000
,,,240080000.00000000000,5.12000,4.08000
,,,240120000.00000000000,5.16000,4.08000
,,,240160000.00000000000,5.08000,4.08000
,,,240200000.00000000000,5.16000,4.08000
,,,240240000.00000000000,5.08000,4.08000
,,,240280000.00000000000,5.12000,4.08000
,,,240320000.00000000000,5.12000,4.12000
,,,240360000.00000000000,5.12000,4.12000
,,,240400000.00000000000,5.12000,4.08000
,,,240440000.00000000000,5.12000,4.12000
,,,240480000.00000000000,5.12000,4.12000
,,,240520000.00000000000,5.12000,4.12000
,,,240560000.00000000000,5.12000,4.12000
,,,240600000.00000000000,5.12000,4.08000
,,,240640000.00000000000,5.12000,4.12000
,,,240680000.00000000000,5.12000,4.08000
,,,240720000.00000000000,5.12000,4.08000
,,,240760000.00000000000,5.12000,4.08000
,,,240800000.00000000000,5.08000,4.12000
,,,240840000.00000000000,5.12000,4.08000
,,,240880000.00000000000,5.12000,4.08000
,,,240920000.00000000000,5.12000,4.12000
,,,240960000.00000000000,5.12000,4.12000
,,,241000000.00000000000,5.16000,4.12000
,,,241040000.00000000000,5.08000,4.12000
,,,241080000.00000000000,5.12000,4.12000
,,,241120000.00000000000,5.16000,4.04000
,,,241160000.00000000000,5.12000,4.08000
,,,241200000.00000000000,5.12000,4.12000
,,,241240000.00000000000,5.16000,4.12000
,,,241280000.00000000000,5.12000,4.08000
,,,241320000.00000000000,5.12000,4.12000
,,,241360000.00000000000,5.12000,4.08000
,,,241400000.00000000000,5.12000,4.12000
,,,241440000.00000000000,5.12000,4.12000
,,,241480000.00000000000,5.08000,4.08000
,,,241520000.00000000000,5.12000,4.12000
,,,241560000.00000000000,5.16000,4.12000
,,,241600000.00000000000,5.12000,4.12000
,,,241640000.00000000000,5.12000,4.08000
,,,241680000.00000000000,5.12000,4.08000
,,,241720000.00000000000,5.12000,4.16000
,,,241760000.00000000000,5.12000,4.08000
,,,241800000.00000000000,5.12000,4.12000
,,,241840000.00000000000,5.12000,4.08000
,,,241880000.00000000000,5.08000,4.12000
,,,241920000.00000000000,5.12000,4.12000
,,,241960000.00000000000,5.12000,4.12000
,,,242000000.00000000000,5.16000,4.12000
,,,242040000.00000000000,5.08000,4.12000
,,,242080000.00000000000,5.12000,4.08000
,,,242120000.00000000000,5.12000,4.08000
,,,242160000.00000000000,5.12000,4.12000
,,,242200000.00000000000,5.12000,4.08000
,,,242240000.00000000000,5.12000,4.08000
,,,242280000.00000000000,5.12000,4.08000
,,,242320000.00000000000,5.16000,4.12000
,,,242360000.00000000000,5.16000,4.08000
,,,242400000.00000000000,5.12000,4.08000
,,,242440000.00000000000,5.12000,4.08000
,,,242480000.00000000000,5.12000,4.12000
,,,242520000.00000000000,5.16000,4.12000
,,,242560000.00000000000,5.12000,4.08000
,,,242600000.00000000000,5.12000,4.12000
,,,242640000.00000000000,5.16000,4.12000
,,,242680000.00000000000,5.12000,4.12000
,,,242720000.00000000000,5.12000,4.12000
,,,242760000.00000000000,5.12000,4.08000
,,,242800000.00000000000,5.16000,4.08000
,,,242840000.00000000000,5.16000,4.12000
,,,242880000.00000000000,5.12000,4.12000
,,,242920000.00000000000,5.12000,4.08000
,,,242960000.00000000000,5.08000,4.12000
,,,243000000.00000000000,5.12000,4.12000
,,,243040000.00000000000,5.08000,4.12000
,,,243080000.00000000000,5.12000,4.12000
,,,243120000.00000000000,5.12000,4.12000
,,,243160000.00000000000,5.16000,4.08000
,,,243200000.00000000000,5.12000,4.12000
,,,243240000.00000000000,5.08000,4.12000
,,,243280000.00000000000,5.12000,4.08000
,,,243320000.00000000000,5.12000,4.12000
,,,243360000.00000000000,5.16000,4.08000
,,,243400000.00000000000,5.16000,4.12000
,,,243440000.00000000000,5.20000,4.12000
,,,243480000.00000000000,5.12000,4.12000
,,,243520000.00000000000,5.12000,4.08000
,,,243560000.00000000000,5.12000,4.12000
,,,243600000.00000000000,5.12000,4.12000
,,,243640000.00000000000,5.12000,4.04000
,,,243680000.00000000000,5.08000,4.12000
,,,243720000.00000000000,5.12000,4.12000
,,,243760000.00000000000,5.12000,4.08000
,,,243800000.00000000000,5.20000,4.08000
,,,243840000.00000000000,5.12000,4.08000
,,,243880000.00000000000,5.16000,4.12000
,,,243920000.00000000000,5.08000,4.16000
,,,243960000.00000000000,5.08000,4.16000
,,,244000000.00000000000,5.08000,4.12000
,,,244040000.00000000000,5.12000,4.08000
,,,244080000.00000000000,5.12000,4.12000
,,,244120000.00000000000,5.12000,4.12000
,,,244160000.00000000000,5.08000,4.12000
,,,244200000.00000000000,5.08000,4.08000
,,,244240000.00000000000,5.16000,4.08000
,,,244280000.00000000000,5.16000,4.12000
,,,244320000.00000000000,5.12000,4.12000
,,,244360000.00000000000,5.16000,4.08000
,,,244400000.00000000000,5.12000,4.08000
,,,244440000.00000000000,5.12000,4.08000
,,,244480000.00000000000,5.12000,4.12000
,,,244520000.00000000000,5.16000,4.08000
,,,244560000.00000000000,5.16000,4.08000
,,,244600000.00000000000,5.12000,4.08000
,,,244640000.00000000000,5.16000,4.12000
,,,244680000.00000000000,5.12000,4.12000
,,,244720000.00000000000,5.16000,4.12000
,,,244760000.00000000000,5.04000,4.08000
,,,244800000.00000000000,5.16000,4.12000
,,,244840000.00000000000,5.12000,4.08000
,,,244880000.00000000000,5.16000,4.08000
,,,244920000.00000000000,5.12000,4.08000
,,,244960000.00000000000,5.08000,4.12000
,,,245000000.00000000000,5.12000,4.12000
,,,245040000.00000000000,5.12000,4.12000
,,,245080000.00000000000,5.12000,4.12000
,,,245120000.00000000000,5.12000,4.12000
,,,245160000.00000000000,5.12000,4.12000
,,,245200000.00000000000,5.08000,4.12000
,,,245240000.00000000000,5.12000,4.12000
,,,245280000.00000000000,5.12000,4.08000
,,,245320000.00000000000,5.08000,4.12000
,,,245360000.00000000000,5.12000,4.12000
,,,245400000.00000000000,5.12000,4.08000
,,,245440000.00000000000,5.12000,4.08000
,,,245480000.00000000000,5.12000,4.04000
,,,245520000.00000000000,5.12000,4.08000
,,,245560000.00000000000,5.12000,4.12000
,,,245600000.00000000000,5.08000,4.04000
,,,245640000.00000000000,5.16000,4.08000
,,,245680000.00000000000,5.12000,4.12000
,,,245720000.00000000000,5.16000,4.08000
,,,245760000.00000000000,5.12000,4.12000
,,,245800000.00000000000,5.16000,4.08000
,,,245840000.00000000000,5.08000,4.12000
,,,245880000.00000000000,5.16000,4.08000
,,,245920000.00000000000,5.12000,4.12000
,,,245960000.00000000000,5.12000,4.12000
,,,246000000.00000000000,5.12000,4.12000
,,,246040000.00000000000,5.12000,4.12000
,,,246080000.00000000000,5.12000,4.12000
,,,246120000.00000000000,5.12000,4.12000
,,,246160000.00000000000,5.12000,4.12000
,,,246200000.00000000000,5.12000,4.12000
,,,246240000.00000000000,5.12000,4.12000
,,,246280000.00000000000,5.12000,4.12000
,,,246320000.00000000000,5.12000,4.12000
,,,246360000.00000000000,5.12000,4.12000
,,,246400000.00000000000,5.12000,4.12000
,,,246440000.00000000000,5.12000,4.12000
,,,246480000.00000000000,5.12000,4.12000
,,,246520000.00000000000,5.12000,4.12000
,,,246560000.00000000000,5.12000,4.12000
,,,246600000.00000000000,5.12000,4.12000
,,,246640000.00000000000,5.12000,4.12000
,,,246680000.00000000000,5.12000,4.12000
,,,246720000.00000000000,5.12000,4.12000
,,,246760000.00000000000,5.12000,4.12000
,,,246800000.00000000000,5.12000,4.12000
,,,246840000.00000000000,5.12000,4.12000
,,,246880000.00000000000,5.12000,4.12000
,,,246920000.00000000000,5.12000,4.12000
,,,246960000.00000000000,5.12000,4.12000
,,,247000000.00000000000,5.12000,4.12000
,,,247040000.00000000000,5.12000,4.12000
,,,247080000.00000000000,5.12000,4.12000
,,,247120000.00000000000,5.12000,4.12000
,,,247160000.00000000000,5.12000,4.12000
,,,247200000.00000000000,5.12000,4.12000
,,,247240000.00000000000,5.12000,4.12000
,,,247280000.00000000000,5.12000,4.12000
,,,247320000.00000000000,5.12000,4.12000
,,,247360000.00000000000,5.12000,4.12000
,,,247400000.00000000000,5.12000,4.12000
,,,247440000.00000000000,5.12000,4.12000
,,,247480000.00000000000,5.12000,4.12000
,,,247520000.00000000000,5.12000,4.12000
,,,247560000.00000000000,5.12000,4.12000
,,,247600000.00000000000,5.12000,4.12000
,,,247640000.00000000000,5.12000,4.12000
,,,247680000.00000000000,5.12000,4.12000
,,,247720000.00000000000,5.12000,4.12000
,,,247760000.00000000000,5.12000,4.12000
,,,247800000.00000000000,5.12000,4.12000
,,,247840000.00000000000,5.12000,4.12000
,,,247880000.00000000000,5.12000,4.12000
,,,247920000.00000000000,5.12000,4.12000
,,,247960000.00000000000,5.12000,4.12000
,,,248000000.00000000000,5.12000,4.08000
,,,248040000.00000000000,5.12000,4.12000
,,,248080000.00000000000,5.12000,4.08000
,,,248120000.00000000000,5.12000,4.08000
,,,248160000.00000000000,5.12000,4.12000
,,,248200000.00000000000,5.08000,4.04000
,,,248240000.00000000000,5.16000,4.12000
,,,248280000.00000000000,5.12000,4.08000
,,,248320000.00000000000,5.04000,4.08000
,,,248360000.00000000000,5.12000,4.12000
,,,248400000.00000000000,5.12000,4.08000
,,,248440000.00000000000,5.12000,4.12000
,,,248480000.00000000000,5.12000,4.08000
,,,248520000.00000000000,5.12000,4.12000
,,,248560000.00000000000,5.16000,4.08000
,,,248600000.00000000000,5.08000,4.08000
,,,248640000.00000000000,5.12000,4.08000
,,,248680000.00000000000,5.16000,4.08000
,,,248720000.00000000000,5.12000,4.08000
,,,248760000.00000000000,5.12000,4.08000
,,,248800000.00000000000,5.12000,4.08000
,,,248840000.00000000000,5.12000,4.08000
,,,248880000.00000000000,5.12000,4.08000
,,,248920000.00000000000,5.12000,4.12000
,,,248960000.00000000000,5.08000,4.12000
,,,249000000.00000000000,5.12000,4.12000
,,,249040000.00000000000,5.12000,4.12000
,,,249080000.00000000000,5.12000,4.08000
,,,249120000.00000000000,5.12000,4.12000
,,,249160000.00000000000,5.12000,4.08000
,,,249200000.00000000000,5.12000,4.08000
,,,249240000.00000000000,5.12000,4.08000
,,,249280000.00000000000,5.12000,4.08000
,,,249320000.00000000000,5.12000,4.12000
,,,249360000.00000000000,5.12000,4.12000
,,,249400000.00000000000,5.12000,4.12000
,,,249440000.00000000000,5.16000,4.08000
,,,249480000.00000000000,5.08000,4.08000
,,,249520000.00000000000,5.16000,4.04000
,,,249560000.00000000000,5.12000,4.12000
,,,249600000.00000000000,5.12000,4.04000
,,,249640000.00000000000,5.16000,4.04000
,,,249680000.00000000000,5.12000,4.12000
,,,249720000.00000000000,5.12000,4.12000
,,,249760000.00000000000,5.12000,4.08000
,,,249800000.00000000000,5.16000,4.12000
,,,249840000.00000000000,5.12000,4.12000
,,,249880000.00000000000,5.12000,4.12000
,,,249920000.00000000000,5.12000,4.12000
,,,249960000.00000000000,5.12000,4.12000
,,,250000000.00000000000,5.16000,4.16000
,,,250040000.00000000000,5.12000,4.04000
,,,250080000.00000000000,5.12000,4.08000
,,,250120000.00000000000,5.08000,4.08000
,,,250160000.00000000000,5.12000,4.08000
,,,250200000.00000000000,5.12000,4.08000
,,,250240000.00000000000,5.08000,4.12000
,,,250280000.00000000000,5.12000,4.08000
,,,250320000.00000000000,5.12000,4.12000
,,,250360000.00000000000,5.16000,4.08000
,,,250400000.00000000000,5.12000,4.12000
,,,250440000.00000000000,5.12000,4.08000
,,,250480000.00000000000,5.12000,4.08000
,,,250520000.00000000000,5.12000,4.12000
,,,250560000.00000000000,5.12000,4.08000
,,,250600000.00000000000,5.12000,4.12000
,,,250640000.00000000000,5.12000,4.08000
,,,250680000.00000000000,5.16000,4.08000
,,,250720000.00000000000,5.12000,4.08000
,,,250760000.00000000000,5.16000,4.12000
,,,250800000.00000000000,5.08000,4.08000
,,,250840000.00000000000,5.12000,4.12000
,,,250880000.00000000000,5.16000,4.08000
,,,250920000.00000000000,5.12000,4.04000
,,,250960000.00000000000,5.12000,4.08000
,,,251000000.00000000000,5.16000,4.16000
,,,251040000.00000000000,5.12000,4.12000
,,,251080000.00000000000,5.12000,4.08000
,,,251120000.00000000000,5.12000,4.12000
,,,251160000.00000000000,5.12000,4.12000
,,,251200000.00000000000,5.16000,4.04000
,,,251240000.00000000000,5.12000,4.12000
,,,251280000.00000000000,5.12000,4.08000
,,,251320000.00000000000,5.12000,4.12000
,,,251360000.00000000000,5.12000,4.12000
,,,251400000.00000000000,5.12000,4.12000
,,,251440000.00000000000,5.12000,4.08000
,,,251480000.00000000000,5.16000,4.08000
,,,251520000.00000000000,5.08000,4.12000
,,,251560000.00000000000,5.12000,4.12000
,,,251600000.00000000000,5.12000,4.12000
,,,251640000.00000000000,5.12000,4.12000
,,,251680000.00000000000,5.12000,4.08000
,,,251720000.00000000000,5.16000,4.04000
,,,251760000.00000000000,5.12000,4.08000
,,,251800000.00000000000,5.08000,4.12000
,,,251840000.00000000000,5.16000,4.08000
,,,251880000.00000000000,5.12000,4.08000
,,,251920000.00000000000,5.08000,4.12000
,,,251960000.00000000000,5.08000,4.12000
,,,252000000.00000000000,5.08000,4.12000
,,,252040000.00000000000,5.12000,4.08000
,,,252080000.00000000000,5.12000,4.04000
,,,252120000.00000000000,5.12000,4.08000
,,,252160000.00000000000,5.12000,4.12000
,,,252200000.00000000000,5.12000,4.08000
,,,252240000.00000000000,5.16000,4.08000
,,,252280000.00000000000,5.08000,4.08000
,,,252320000.00000000000,5.12000,4.12000
,,,252360000.00000000000,5.12000,4.12000
,,,252400000.00000000000,5.12000,4.08000
,,,252440000.00000000000,5.16000,4.08000
,,,252480000.00000000000,5.12000,4.12000
,,,252520000.00000000000,5.12000,4.08000
,,,252560000.00000000000,5.12000,4.12000
,,,252600000.00000000000,5.04000,4.04000
,,,252640000.00000000000,5.12000,4.12000
,,,252680000.00000000000,5.12000,4.12000
,,,252720000.00000000000,5.08000,4.08000
,,,252760000.00000000000,5.12000,4.08000
,,,252800000.00000000000,5.16000,4.08000
,,,252840000.00000000000,5.12000,4.08000
,,,252880000.00000000000,5.12000,4.04000
,,,252920000.00000000000,5.12000,4.08000
,,,252960000.00000000000,5.12000,4.08000
,,,253000000.00000000000,5.20000,4.12000
,,,253040000.00000000000,5.12000,4.12000
,,,253080000.00000000000,5.12000,4.08000
,,,253120000.00000000000,5.12000,4.12000
,,,253160000.00000000000,5.12000,4.12000
,,,253200000.00000000000,5.16000,4.08000
,,,253240000.00000000000,5.16000,4.12000
,,,253280000.00000000000,5.12000,4.08000
,,,253320000.00000000000,5.12000,4.16000
,,,253360000.00000000000,5.12000,4.12000
,,,253400000.00000000000,5.08000,4.08000
,,,253440000.00000000000,5.08000,4.12000
,,,253480000.00000000000,5.08000,4.12000
,,,253520000.00000000000,5.12000,4.08000
,,,253560000.00000000000,5.08000,4.12000
,,,253600000.00000000000,5.12000,4.12000
,,,253640000.00000000000,5.12000,4.12000
,,,253680000.00000000000,5.12000,4.12000
,,,253720000.00000000000,5.12000,4.12000
,,,253760000.00000000000,5.16000,4.12000
,,,253800000.00000000000,5.12000,4.12000
,,,253840000.00000000000,5.08000,4.12000
,,,253880000.00000000000,5.16000,4.12000
,,,253920000.00000000000,5.12000,4.08000
,,,253960000.00000000000,5.12000,4.08000
,,,254000000.00000000000,5.16000,4.08000
,,,254040000.00000000000,5.12000,4.12000
,,,254080000.00000000000,5.12000,4.12000
,,,254120000.00000000000,5.12000,4.12000
,,,254160000.00000000000,5.12000,4.08000
,,,254200000.00000000000,5.12000,4.04000
,,,254240000.00000000000,5.12000,4.12000
,,,254280000.00000000000,5.12000,4.08000
,,,254320000.00000000000,5.12000,4.04000
,,,254360000.00000000000,5.12000,4.12000
,,,254400000.00000000000,5.12000,4.08000
,,,254440000.00000000000,5.08000,4.08000
,,,254480000.00000000000,5.12000,4.08000
,,,254520000.00000000000,5.04000,4.12000
,,,254560000.00000000000,5.04000,4.12000
,,,254600000.00000000000,5.08000,4.04000
,,,254640000.00000000000,5.16000,4.12000
,,,254680000.00000000000,5.12000,4.08000
,,,254720000.00000000000,5.08000,4.08000
,,,254760000.00000000000,5.12000,4.12000
,,,254800000.00000000000,5.12000,4.12000
,,,254840000.00000000000,5.12000,4.12000
,,,254880000.00000000000,5.12000,4.12000
,,,254920000.00000000000,5.08000,4.12000
,,,254960000.00000000000,5.16000,4.12000
,,,255000000.00000000000,5.12000,4.04000
,,,255040000.00000000000,5.12000,4.12000
,,,255080000.00000000000,5.16000,4.12000
,,,255120000.00000000000,5.12000,4.12000
,,,255160000.00000000000,5.16000,4.08000
,,,255200000.00000000000,5.12000,4.12000
,,,255240000.00000000000,5.16000,4.12000
,,,255280000.00000000000,5.08000,4.12000
,,,255320000.00000000000,5.12000,4.12000
,,,255360000.00000000000,5.12000,4.08000
,,,255400000.00000000000,5.12000,4.08000
,,,255440000.00000000000,5.08000,4.08000
,,,255480000.00000000000,5.12000,4.08000
,,,255520000.00000000000,5.12000,4.08000
,,,255560000.00000000000,5.12000,4.12000
,,,255600000.00000000000,5.12000,4.08000
,,,255640000.00000000000,5.12000,4.12000
,,,255680000.00000000000,5.12000,4.12000
,,,255720000.00000000000,5.12000,4.08000
,,,255760000.00000000000,5.08000,4.12000
,,,255800000.00000000000,5.12000,4.12000
,,,255840000.00000000000,5.12000,4.08000
,,,255880000.00000000000,5.12000,4.12000
,,,255920000.00000000000,5.12000,4.08000
,,,255960000.00000000000,5.12000,4.08000
,,,256000000.00000000000,5.12000,4.04000
,,,256040000.00000000000,5.12000,4.08000
,,,256080000.00000000000,5.08000,4.08000
,,,256120000.00000000000,5.16000,4.08000
,,,256160000.00000000000,5.12000,4.08000
,,,256200000.00000000000,5.12000,4.12000
,,,256240000.00000000000,5.08000,4.04000
,,,256280000.00000000000,5.08000,4.12000
,,,256320000.00000000000,5.12000,4.08000
,,,256360000.00000000000,5.12000,4.12000
,,,256400000.00000000000,5.04000,4.12000
,,,256440000.00000000000,5.08000,4.08000
,,,256480000.00000000000,5.12000,4.08000
,,,256520000.00000000000,5.12000,4.04000
,,,256560000.00000000000,5.08000,4.12000
,,,256600000.00000000000,5.12000,4.08000
,,,256640000.00000000000,5.12000,4.12000
,,,256680000.00000000000,5.12000,4.12000
,,,256720000.00000000000,5.08000,4.12000
,,,256760000.00000000000,5.12000,4.12000
,,,256800000.00000000000,5.12000,4.12000
,,,256840000.00000000000,5.12000,4.12000
,,,256880000.00000000000,5.16000,4.12000
,,,256920000.00000000000,5.12000,4.12000
,,,256960000.00000000000,5.08000,4.12000
,,,257000000.00000000000,5.12000,4.12000
,,,257040000.00000000000,5.04000,4.12000
,,,257080000.00000000000,5.12000,4.12000
,,,257120000.00000000000,5.12000,4.08000
,,,257160000.00000000000,5.08000,4.12000
,,,257200000.00000000000,5.12000,4.04000
,,,257240000.00000000000,5.12000,4.12000
,,,257280000.00000000000,5.16000,4.08000
,,,257320000.00000000000,5.12000,4.08000
,,,257360000.00000000000,5.12000,4.12000
,,,257400000.00000000000,5.12000,4.08000
,,,257440000.00000000000,5.12000,4.12000
,,,257480000.00000000000,5.12000,4.08000
,,,257520000.00000000000,5.12000,4.12000
,,,257560000.00000000000,5.16000,4.12000
,,,257600000.00000000000,5.12000,4.12000
,,,257640000.00000000000,5.12000,4.12000
,,,257680000.00000000000,5.12000,4.08000
,,,257720000.00000000000,5.12000,4.12000
,,,257760000.00000000000,5.16000,4.12000
,,,257800000.00000000000,5.12000,4.08000
,,,257840000.00000000000,5.12000,4.12000
,,,257880000.00000000000,5.12000,4.12000
,,,257920000.00000000000,5.12000,4.08000
,,,257960000.00000000000,5.12000,4.08000
,,,258000000.00000000000,5.12000,4.08000
,,,258040000.00000000000,5.12000,4.08000
,,,258080000.00000000000,5.16000,4.08000
,,,258120000.00000000000,5.08000,4.08000
,,,258160000.00000000000,5.12000,4.08000
,,,258200000.00000000000,5.12000,4.12000
,,,258240000.00000000000,5.12000,4.08000
,,,258280000.00000000000,5.12000,4.12000
,,,258320000.00000000000,5.08000,4.08000
,,,258360000.00000000000,5.12000,4.12000
,,,258400000.00000000000,5.08000,4.08000
,,,258440000.00000000000,5.12000,4.04000
,,,258480000.00000000000,5.12000,4.12000
,,,258520000.00000000000,5.12000,4.12000
,,,258560000.00000000000,5.20000,4.12000
,,,258600000.00000000000,5.12000,4.12000
,,,258640000.00000000000,5.12000,4.12000
,,,258680000.00000000000,5.16000,4.12000
,,,258720000.00000000000,5.12000,4.08000
,,,258760000.00000000000,5.12000,4.08000
,,,258800000.00000000000,5.12000,4.08000
,,,258840000.00000000000,5.16000,4.08000
,,,258880000.00000000000,5.08000,4.08000
,,,258920000.00000000000,5.12000,4.08000
,,,258960000.00000000000,5.16000,4.08000
,,,259000000.00000000000,5.12000,4.12000
,,,259040000.00000000000,5.12000,4.12000
,,,259080000.00000000000,5.12000,4.08000
,,,259120000.00000000000,5.12000,4.12000
,,,259160000.00000000000,5.12000,4.04000
,,,259200000.00000000000,5.16000,4.08000
,,,259240000.00000000000,5.12000,4.12000
,,,259280000.00000000000,5.12000,4.12000
,,,259320000.00000000000,5.12000,4.12000
,,,259360000.00000000000,5.12000,4.08000
,,,259400000.00000000000,5.16000,4.12000
,,,259440000.00000000000,5.12000,4.08000
,,,259480000.00000000000,5.12000,4.12000
,,,259520000.00000000000,5.08000,4.12000
,,,259560000.00000000000,5.12000,4.12000
,,,259600000.00000000000,5.12000,4.12000
,,,259640000.00000000000,5.12000,4.08000
,,,259680000.00000000000,5.08000,4.12000
,,,259720000.00000000000,5.12000,4.12000
,,,259760000.00000000000,5.16000,4.04000
,,,259800000.00000000000,5.12000,4.08000
,,,259840000.00000000000,5.16000,4.12000
,,,259880000.00000000000,5.12000,4.12000
,,,259920000.00000000000,5.12000,4.12000
,,,259960000.00000000000,5.12000,4.12000
,,,260000000.00000000000,5.16000,4.08000
,,,260040000.00000000000,5.16000,4.12000
,,,260080000.00000000000,5.12000,4.12000
,,,260120000.00000000000,5.12000,4.16000
,,,260160000.00000000000,5.08000,4.12000
,,,260200000.00000000000,5.16000,4.12000
,,,260240000.00000000000,5.12000,4.08000
,,,260280000.00000000000,5.12000,4.08000
,,,260320000.00000000000,5.12000,4.08000
,,,260360000.00000000000,5.16000,4.04000
,,,260400000.00000000000,5.12000,4.12000
,,,260440000.00000000000,5.08000,4.08000
,,,260480000.00000000000,5.12000,4.08000
,,,260520000.00000000000,5.12000,4.12000
,,,260560000.00000000000,5.12000,4.12000
,,,260600000.00000000000,5.12000,4.12000
,,,260640000.00000000000,5.12000,4.08000
,,,260680000.00000000000,5.08000,4.12000
,,,260720000.00000000000,5.12000,4.12000
,,,260760000.00000000000,5.12000,4.12000
,,,260800000.00000000000,5.12000,4.12000
,,,260840000.00000000000,5.08000,4.12000
,,,260880000.00000000000,5.12000,4.08000
,,,260920000.00000000000,5.16000,4.12000
,,,260960000.00000000000,5.16000,4.12000
,,,261000000.00000000000,5.12000,4.08000
,,,261040000.00000000000,5.12000,4.08000
,,,261080000.00000000000,5.12000,4.12000
,,,261120000.00000000000,5.08000,4.08000
,,,261160000.00000000000,5.12000,4.08000
,,,261200000.00000000000,5.12000,4.08000
,,,261240000.00000000000,5.04000,4.12000
,,,261280000.00000000000,5.12000,4.08000
,,,261320000.00000000000,5.12000,4.12000
,,,261360000.00000000000,5.12000,4.12000
,,,261400000.00000000000,5.12000,4.08000
,,,261440000.00000000000,5.12000,4.12000
,,,261480000.00000000000,5.16000,4.08000
,,,261520000.00000000000,5.12000,4.12000
,,,261560000.00000000000,5.12000,4.12000
,,,261600000.00000000000,5.12000,4.12000
,,,261640000.00000000000,5.12000,4.08000
,,,261680000.00000000000,5.12000,4.12000
,,,261720000.00000000000,5.12000,4.12000
,,,261760000.00000000000,5.12000,4.12000
,,,261800000.00000000000,5.12000,4.12000
,,,261840000.00000000000,5.04000,4.12000
,,,261880000.00000000000,5.12000,4.08000
,,,261920000.00000000000,5.12000,4.12000
,,,261960000.00000000000,5.12000,4.12000
,,,262000000.00000000000,5.12000,4.12000
,,,262040000.00000000000,5.12000,4.12000
,,,262080000.00000000000,5.12000,4.12000
,,,262120000.00000000000,5.12000,4.12000
,,,262160000.00000000000,5.12000,4.12000
,,,262200000.00000000000,5.12000,4.12000
,,,262240000.00000000000,5.12000,4.12000
,,,262280000.00000000000,5.12000,4.08000
,,,262320000.00000000000,5.12000,4.08000
,,,262360000.00000000000,5.12000,4.12000
,,,262400000.00000000000,5.12000,4.12000
,,,262440000.00000000000,5.12000,4.12000
,,,262480000.00000000000,5.12000,4.08000
,,,262520000.00000000000,5.12000,4.12000
,,,262560000.00000000000,5.12000,4.12000
,,,262600000.00000000000,5.12000,4.12000
,,,262640000.00000000000,5.12000,4.12000
,,,262680000.00000000000,5.12000,4.12000
,,,262720000.00000000000,5.08000,4.08000
,,,262760000.00000000000,5.12000,4.12000
,,,262800000.00000000000,5.16000,4.12000
,,,262840000.00000000000,5.12000,4.12000
,,,262880000.00000000000,5.16000,4.12000
,,,262920000.00000000000,5.12000,4.08000
,,,262960000.00000000000,5.12000,4.12000
,,,263000000.00000000000,5.16000,4.12000
,,,263040000.00000000000,5.12000,4.08000
,,,263080000.00000000000,5.12000,4.08000
,,,263120000.00000000000,5.12000,4.12000
,,,263160000.00000000000,5.16000,4.08000
,,,263200000.00000000000,5.12000,4.08000
,,,263240000.00000000000,5.12000,4.08000
,,,263280000.00000000000,5.12000,4.08000
,,,263320000.00000000000,5.08000,4.08000
,,,263360000.00000000000,5.12000,4.12000
,,,263400000.00000000000,5.12000,4.08000
,,,263440000.00000000000,5.12000,4.08000
,,,263480000.00000000000,5.12000,4.12000
,,,263520000.00000000000,5.12000,4.04000
,,,263560000.00000000000,5.12000,4.12000
,,,263600000.00000000000,5.12000,4.16000
,,,263640000.00000000000,5.12000,4.12000
,,,263680000.00000000000,5.08000,4.12000
,,,263720000.00000000000,5.08000,4.12000
,,,263760000.00000000000,5.12000,4.04000
,,,263800000.00000000000,5.12000,4.04000
,,,263840000.00000000000,5.08000,4.12000
,,,263880000.00000000000,5.12000,4.12000
,,,263920000.00000000000,5.08000,4.08000
,,,263960000.00000000000,5.08000,4.08000
,,,264000000.00000000000,5.16000,4.16000
,,,264040000.00000000000,5.12000,4.08000
,,,264080000.00000000000,5.12000,4.12000
,,,264120000.00000000000,5.12000,4.04000
,,,264160000.00000000000,5.12000,4.08000
,,,264200000.00000000000,5.12000,4.12000
,,,264240000.00000000000,5.12000,4.12000
,,,264280000.00000000000,5.12000,4.04000
,,,264320000.00000000000,5.12000,4.08000
,,,264360000.00000000000,5.12000,4.08000
,,,264400000.00000000000,5.12000,4.12000
,,,264440000.00000000000,5.12000,4.12000
,,,264480000.00000000000,5.08000,4.12000
,,,264520000.00000000000,5.12000,4.08000
,,,264560000.00000000000,5.12000,4.12000
,,,264600000.00000000000,5.08000,4.04000
,,,264640000.00000000000,5.16000,4.12000
,,,264680000.00000000000,5.12000,4.12000
,,,264720000.00000000000,5.12000,4.08000
,,,264760000.00000000000,5.16000,4.12000
,,,264800000.00000000000,5.12000,4.12000
,,,264840000.00000000000,5.12000,4.12000
,,,264880000.00000000000,5.12000,4.12000
,,,264920000.00000000000,5.20000,4.08000
,,,264960000.00000000000,5.12000,4.12000
,,,265000000.00000000000,5.12000,4.12000
,,,265040000.00000000000,5.12000,4.08000
,,,265080000.00000000000,5.12000,4.12000
,,,265120000.00000000000,5.12000,4.08000
,,,265160000.00000000000,5.08000,4.12000
,,,265200000.00000000000,5.12000,4.08000
,,,265240000.00000000000,5.16000,4.08000
,,,265280000.00000000000,5.12000,4.12000
,,,265320000.00000000000,5.12000,4.08000
,,,265360000.00000000000,5.16000,4.08000
,,,265400000.00000000000,5.08000,4.08000
,,,265440000.00000000000,5.08000,4.12000
,,,265480000.00000000000,5.12000,4.08000
,,,265520000.00000000000,5.16000,4.12000
,,,265560000.00000000000,5.16000,4.12000
,,,265600000.00000000000,5.12000,4.12000
,,,265640000.00000000000,5.16000,4.08000
,,,265680000.00000000000,5.16000,4.12000
,,,265720000.00000000000,5.16000,4.12000
,,,265760000.00000000000,5.16000,4.12000
,,,265800000.00000000000,5.12000,4.12000
,,,265840000.00000000000,5.16000,4.12000
,,,265880000.00000000000,5.16000,4.12000
,,,265920000.00000000000,5.16000,4.12000
,,,265960000.00000000000,5.16000,4.12000
,,,266000000.00000000000,5.12000,4.08000
,,,266040000.00000000000,5.12000,4.08000
,,,266080000.00000000000,5.12000,4.08000
,,,266120000.00000000000,5.12000,4.12000
,,,266160000.00000000000,5.16000,4.16000
,,,266200000.00000000000,5.16000,4.12000
,,,266240000.00000000000,5.12000,4.08000
,,,266280000.00000000000,5.12000,4.12000
,,,266320000.00000000000,5.12000,4.12000
,,,266360000.00000000000,5.12000,4.12000
,,,266400000.00000000000,5.12000,4.12000
,,,266440000.00000000000,5.16000,4.12000
,,,266480000.00000000000,5.16000,4.12000
,,,266520000.00000000000,5.12000,4.12000
,,,266560000.00000000000,5.12000,4.08000
,,,266600000.00000000000,5.12000,4.08000
,,,266640000.00000000000,5.12000,4.08000
,,,266680000.00000000000,5.12000,4.12000
,,,266720000.00000000000,5.12000,4.08000
,,,266760000.00000000000,5.12000,4.12000
,,,266800000.00000000000,5.16000,4.12000
,,,266840000.00000000000,5.12000,4.08000
,,,266880000.00000000000,5.12000,4.08000
,,,266920000.00000000000,5.12000,4.12000
,,,266960000.00000000000,5.12000,4.12000
,,,267000000.00000000000,5.16000,4.12000
,,,267040000.00000000000,5.12000,4.08000
,,,267080000.00000000000,5.12000,4.08000
,,,267120000.00000000000,5.12000,4.12000
,,,267160000.00000000000,5.12000,4.08000
,,,267200000.00000000000,5.08000,4.08000
,,,267240000.00000000000,5.16000,4.08000
,,,267280000.00000000000,5.12000,4.08000
,,,267320000.00000000000,5.12000,4.12000
,,,267360000.00000000000,5.12000,4.12000
,,,267400000.00000000000,5.12000,4.12000
,,,267440000.00000000000,5.12000,4.04000
,,,267480000.00000000000,5.12000,4.12000
,,,267520000.00000000000,5.12000,4.12000
,,,267560000.00000000000,5.12000,4.12000
,,,267600000.00000000000,5.16000,4.12000
,,,267640000.00000000000,5.12000,4.08000
,,,267680000.00000000000,5.12000,4.12000
,,,267720000.00000000000,5.16000,4.12000
,,,267760000.00000000000,5.04000,4.12000
,,,267800000.00000000000,5.16000,4.12000
,,,267840000.00000000000,5.08000,4.08000
,,,267880000.00000000000,5.12000,4.08000
,,,267920000.00000000000,5.16000,4.08000
,,,267960000.00000000000,5.16000,4.08000
,,,268000000.00000000000,5.12000,4.08000
,,,268040000.00000000000,5.12000,4.08000
,,,268080000.00000000000,5.12000,4.12000
,,,268120000.00000000000,5.16000,4.12000
,,,268160000.00000000000,5.12000,4.08000
,,,268200000.00000000000,5.12000,4.08000
,,,268240000.00000000000,5.12000,4.08000
,,,268280000.00000000000,5.12000,4.08000
,,,268320000.00000000000,5.16000,4.12000
,,,268360000.00000000000,5.08000,4.12000
,,,268400000.00000000000,5.12000,4.12000
,,,268440000.00000000000,5.16000,4.12000
,,,268480000.00000000000,5.08000,4.12000
,,,268520000.00000000000,5.12000,4.08000
,,,268560000.00000000000,5.08000,4.12000
,,,268600000.00000000000,5.12000,4.12000
,,,268640000.00000000000,5.12000,4.12000
,,,268680000.00000000000,5.12000,4.12000
,,,268720000.00000000000,5.16000,4.08000
,,,268760000.00000000000,5.04000,4.12000
,,,268800000.00000000000,5.16000,4.08000
,,,268840000.00000000000,5.12000,4.12000
,,,268880000.00000000000,5.16000,4.12000
,,,268920000.00000000000,5.12000,4.08000
,,,268960000.00000000000,5.12000,4.12000
,,,269000000.00000000000,5.12000,4.12000
,,,269040000.00000000000,5.12000,4.12000
,,,269080000.00000000000,5.16000,4.12000
,,,269120000.00000000000,5.16000,4.12000
,,,269160000.00000000000,5.12000,4.04000
,,,269200000.00000000000,5.12000,4.12000
,,,269240000.00000000000,5.12000,4.08000
,,,269280000.00000000000,5.12000,4.12000
,,,269320000.00000000000,5.12000,4.04000
,,,269360000.00000000000,5.12000,4.12000
,,,269400000.00000000000,5.12000,4.08000
,,,269440000.00000000000,5.08000,4.08000
,,,269480000.00000000000,5.08000,4.12000
,,,269520000.00000000000,5.12000,4.12000
,,,269560000.00000000000,5.08000,4.12000
,,,269600000.00000000000,5.12000,4.04000
,,,269640000.00000000000,5.12000,4.12000
,,,269680000.00000000000,5.12000,4.08000
,,,269720000.00000000000,5.12000,4.16000
,,,269760000.00000000000,5.08000,4.12000
,,,269800000.00000000000,5.16000,4.12000
,,,269840000.00000000000,5.12000,4.08000
,,,269880000.00000000000,5.12000,4.08000
,,,269920000.00000000000,5.16000,4.12000
,,,269960000.00000000000,5.16000,4.12000
,,,270000000.00000000000,5.16000,4.12000
,,,270040000.00000000000,5.12000,4.12000
,,,270080000.00000000000,5.12000,4.12000
,,,270120000.00000000000,5.12000,4.08000
,,,270160000.00000000000,5.12000,4.12000
,,,270200000.00000000000,5.12000,4.04000
,,,270240000.00000000000,5.16000,4.08000
,,,270280000.00000000000,5.12000,4.12000
,,,270320000.00000000000,5.12000,4.12000
,,,270360000.00000000000,5.12000,4.12000
,,,270400000.00000000000,5.16000,4.08000
,,,270440000.00000000000,5.12000,4.08000
,,,270480000.00000000000,5.12000,4.08000
,,,270520000.00000000000,5.12000,4.08000
,,,270560000.00000000000,5.12000,4.12000
,,,270600000.00000000000,5.12000,4.12000
,,,270640000.00000000000,5.12000,4.12000
,,,270680000.00000000000,5.16000,4.08000
,,,270720000.00000000000,5.12000,4.12000
,,,270760000.00000000000,5.08000,4.12000
,,,270800000.00000000000,5.12000,4.12000
,,,270840000.00000000000,5.12000,4.12000
,,,270880000.00000000000,5.12000,4.08000
,,,270920000.00000000000,5.16000,4.08000
,,,270960000.00000000000,5.16000,4.08000
,,,271000000.00000000000,5.16000,4.12000
,,,271040000.00000000000,5.12000,4.04000
,,,271080000.00000000000,5.12000,4.12000
,,,271120000.00000000000,5.16000,4.12000
,,,271160000.00000000000,5.12000,4.12000
,,,271200000.00000000000,5.12000,4.16000
,,,271240000.00000000000,5.12000,4.12000
,,,271280000.00000000000,5.12000,4.12000
,,,271320000.00000000000,5.12000,4.12000
,,,271360000.00000000000,5.12000,4.08000
,,,271400000.00000000000,5.12000,4.12000
,,,271440000.00000000000,5.12000,4.08000
,,,271480000.00000000000,5.16000,4.08000
,,,271520000.00000000000,5.16000,4.08000
,,,271560000.00000000000,5.12000,4.12000
,,,271600000.00000000000,5.12000,4.08000
,,,271640000.00000000000,5.12000,4.12000
,,,271680000.00000000000,5.12000,4.12000
,,,271720000.00000000000,5.12000,4.08000
,,,271760000.00000000000,5.12000,4.12000
,,,271800000.00000000000,5.16000,4.08000
,,,271840000.00000000000,5.16000,4.12000
,,,271880000.00000000000,5.12000,4.08000
,,,271920000.00000000000,5.12000,4.12000
,,,271960000.00000000000,5.12000,4.12000
,,,272000000.00000000000,5.16000,4.08000
,,,272040000.00000000000,5.12000,4.12000
,,,272080000.00000000000,5.12000,4.12000
,,,272120000.00000000000,5.12000,4.08000
,,,272160000.00000000000,5.12000,4.12000
,,,272200000.00000000000,5.16000,4.08000
,,,272240000.00000000000,5.12000,4.12000
,,,272280000.00000000000,5.12000,4.12000
,,,272320000.00000000000,5.08000,4.08000
,,,272360000.00000000000,5.12000,4.08000
,,,272400000.00000000000,5.12000,4.04000
,,,272440000.00000000000,5.12000,4.12000
,,,272480000.00000000000,5.12000,4.12000
,,,272520000.00000000000,5.12000,4.04000
,,,272560000.00000000000,5.08000,4.12000
,,,272600000.00000000000,5.16000,4.08000
,,,272640000.00000000000,5.12000,4.08000
,,,272680000.00000000000,5.16000,4.12000
,,,272720000.00000000000,5.12000,4.08000
,,,272760000.00000000000,5.08000,4.12000
,,,272800000.00000000000,5.12000,4.12000
,,,272840000.00000000000,5.12000,4.08000
,,,272880000.00000000000,5.12000,4.12000
,,,272920000.00000000000,5.12000,4.12000
,,,272960000.00000000000,5.12000,4.12000
,,,273000000.00000000000,5.16000,4.12000
,,,273040000.00000000000,5.12000,4.12000
,,,273080000.00000000000,5.12000,4.08000
,,,273120000.00000000000,5.12000,4.12000
,,,273160000.00000000000,5.12000,4.12000
,,,273200000.00000000000,5.12000,4.08000
,,,273240000.00000000000,5.12000,4.08000
,,,273280000.00000000000,5.12000,4.12000
,,,273320000.00000000000,5.16000,4.12000
,,,273360000.00000000000,5.04000,4.04000
,,,273400000.00000000000,5.12000,4.04000
,,,273440000.00000000000,5.12000,4.12000
,,,273480000.00000000000,5.16000,4.12000
,,,273520000.00000000000,5.12000,4.12000
,,,273560000.00000000000,5.08000,4.16000
,,,273600000.00000000000,5.12000,4.12000
,,,273640000.00000000000,5.12000,4.12000
,,,273680000.00000000000,5.12000,4.12000
,,,273720000.00000000000,5.12000,4.12000
,,,273760000.00000000000,5.12000,4.08000
,,,273800000.00000000000,5.16000,4.08000
,,,273840000.00000000000,5.12000,4.08000
,,,273880000.00000000000,5.12000,4.12000
,,,273920000.00000000000,5.16000,4.08000
,,,273960000.00000000000,5.16000,4.08000
,,,274000000.00000000000,5.16000,4.12000
,,,274040000.00000000000,5.12000,4.12000
,,,274080000.00000000000,5.12000,4.08000
,,,274120000.00000000000,5.16000,4.08000
,,,274160000.00000000000,5.12000,4.12000
,,,274200000.00000000000,5.12000,4.12000
,,,274240000.00000000000,5.12000,4.12000
,,,274280000.00000000000,5.12000,4.04000
,,,274320000.00000000000,5.12000,4.12000
,,,274360000.00000000000,5.12000,4.08000
,,,274400000.00000000000,5.12000,4.08000
,,,274440000.00000000000,5.08000,4.12000
,,,274480000.00000000000,5.12000,4.08000
,,,274520000.00000000000,5.08000,4.08000
,,,274560000.00000000000,5.12000,4.12000
,,,274600000.00000000000,5.12000,4.12000
,,,274640000.00000000000,5.12000,4.08000
,,,274680000.00000000000,5.08000,4.08000
,,,274720000.00000000000,5.16000,4.08000
,,,274760000.00000000000,5.12000,4.08000
,,,274800000.00000000000,5.12000,4.12000
,,,274840000.00000000000,5.12000,4.08000
,,,274880000.00000000000,5.12000,4.12000
,,,274920000.00000000000,5.16000,4.12000
,,,274960000.00000000000,5.16000,4.12000
,,,275000000.00000000000,5.12000,4.08000
,,,275040000.00000000000,5.20000,4.12000
,,,275080000.00000000000,5.12000,4.12000
,,,275120000.00000000000,5.12000,4.08000
,,,275160000.00000000000,5.08000,4.12000
,,,275200000.00000000000,5.08000,4.12000
,,,275240000.00000000000,5.12000,4.08000
,,,275280000.00000000000,5.12000,4.12000
,,,275320000.00000000000,5.12000,4.12000
,,,275360000.00000000000,5.08000,4.12000
,,,275400000.00000000000,5.12000,4.12000
,,,275440000.00000000000,5.12000,4.08000
,,,275480000.00000000000,5.12000,4.16000
,,,275520000.00000000000,5.12000,4.12000
,,,275560000.00000000000,5.12000,4.12000
,,,275600000.00000000000,5.12000,4.12000
,,,275640000.00000000000,5.12000,4.12000
,,,275680000.00000000000,5.12000,4.12000
,,,275720000.00000000000,5.12000,4.04000
,,,275760000.00000000000,5.04000,4.16000
,,,275800000.00000000000,5.12000,4.08000
,,,275840000.00000000000,5.12000,4.12000
,,,275880000.00000000000,5.12000,4.12000
,,,275920000.00000000000,5.12000,4.08000
,,,275960000.00000000000,5.12000,4.08000
,,,276000000.00000000000,5.12000,4.08000
,,,276040000.00000000000,5.12000,4.12000
,,,276080000.00000000000,5.12000,4.08000
,,,276120000.00000000000,5.12000,4.12000
,,,276160000.00000000000,5.12000,4.12000
,,,276200000.00000000000,5.12000,4.12000
,,,276240000.00000000000,5.12000,4.08000
,,,276280000.00000000000,5.12000,4.04000
,,,276320000.00000000000,5.12000,4.08000
,,,276360000.00000000000,5.12000,4.12000
,,,276400000.00000000000,5.08000,4.08000
,,,276440000.00000000000,5.12000,4.12000
,,,276480000.00000000000,5.16000,4.12000
,,,276520000.00000000000,5.16000,4.08000
,,,276560000.00000000000,5.12000,4.12000
,,,276600000.00000000000,5.16000,4.08000
,,,276640000.00000000000,5.08000,4.12000
,,,276680000.00000000000,5.16000,4.12000
,,,276720000.00000000000,5.12000,4.08000
,,,276760000.00000000000,5.12000,4.12000
,,,276800000.00000000000,5.12000,4.08000
,,,276840000.00000000000,5.12000,4.08000
,,,276880000.00000000000,5.16000,4.12000
,,,276920000.00000000000,5.16000,4.12000
,,,276960000.00000000000,5.12000,4.08000
,,,277000000.00000000000,5.16000,4.12000
,,,277040000.00000000000,5.12000,4.12000
,,,277080000.00000000000,5.16000,4.12000
,,,277120000.00000000000,5.12000,4.12000
,,,277160000.00000000000,5.12000,4.12000
,,,277200000.00000000000,5.12000,4.04000
,,,277240000.00000000000,5.12000,4.08000
,,,277280000.00000000000,5.16000,4.12000
,,,277320000.00000000000,5.12000,4.08000
,,,277360000.00000000000,5.16000,4.12000
,,,277400000.00000000000,5.12000,4.12000
,,,277440000.00000000000,5.12000,4.12000
,,,277480000.00000000000,5.16000,4.12000
,,,277520000.00000000000,5.08000,4.12000
,,,277560000.00000000000,5.16000,4.12000
,,,277600000.00000000000,5.12000,4.12000
,,,277640000.00000000000,5.08000,4.12000
,,,277680000.00000000000,5.12000,4.12000
,,,277720000.00000000000,5.12000,4.12000
,,,277760000.00000000000,5.12000,4.08000
,,,277800000.00000000000,5.16000,4.08000
,,,277840000.00000000000,5.12000,4.08000
,,,277880000.00000000000,5.12000,4.12000
,,,277920000.00000000000,5.12000,4.12000
,,,277960000.00000000000,5.12000,4.12000
,,,278000000.00000000000,5.12000,4.12000
,,,278040000.00000000000,5.08000,4.12000
,,,278080000.00000000000,5.12000,4.12000
,,,278120000.00000000000,5.12000,4.08000
,,,278160000.00000000000,5.16000,4.12000
,,,278200000.00000000000,5.12000,4.12000
,,,278240000.00000000000,5.08000,4.12000
,,,278280000.00000000000,5.12000,4.08000
,,,278320000.00000000000,5.12000,4.12000
,,,278360000.00000000000,5.12000,4.12000
,,,278400000.00000000000,5.16000,4.12000
,,,278440000.00000000000,5.12000,4.12000
,,,278480000.00000000000,5.12000,4.12000
,,,278520000.00000000000,5.12000,4.12000
,,,278560000.00000000000,5.12000,4.12000
,,,278600000.00000000000,5.12000,4.08000
,,,278640000.00000000000,5.12000,4.12000
,,,278680000.00000000000,5.12000,4.12000
,,,278720000.00000000000,5.08000,4.08000
,,,278760000.00000000000,5.16000,4.12000
,,,278800000.00000000000,5.16000,4.12000
,,,278840000.00000000000,5.08000,4.12000
,,,278880000.00000000000,5.16000,4.08000
,,,278920000.00000000000,5.12000,4.08000
,,,278960000.00000000000,5.12000,4.08000
,,,279000000.00000000000,5.12000,4.12000
,,,279040000.00000000000,5.12000,4.12000
,,,279080000.00000000000,5.12000,4.12000
,,,279120000.00000000000,5.12000,4.12000
,,,279160000.00000000000,5.12000,4.12000
,,,279200000.00000000000,5.12000,4.12000
,,,279240000.00000000000,5.12000,4.12000
,,,279280000.00000000000,5.12000,4.08000
,,,279320000.00000000000,5.12000,4.16000
,,,279360000.00000000000,5.12000,4.12000
,,,279400000.00000000000,5.16000,4.12000
,,,279440000.00000000000,5.16000,4.12000
,,,279480000.00000000000,5.12000,4.12000
,,,279520000.00000000000,5.04000,4.12000
,,,279560000.00000000000,5.16000,4.12000
,,,279600000.00000000000,5.08000,4.08000
,,,279640000.00000000000,5.08000,4.08000
,,,279680000.00000000000,5.12000,4.12000
,,,279720000.00000000000,5.12000,4.12000
,,,279760000.00000000000,5.16000,4.16000
,,,279800000.00000000000,5.12000,4.08000
,,,279840000.00000000000,5.12000,4.08000
,,,279880000.00000000000,5.16000,4.12000
,,,279920000.00000000000,5.12000,4.12000
,,,279960000.00000000000,5.12000,4.12000
,,,280000000.00000000000,5.12000,4.08000
,,,280040000.00000000000,5.20000,4.08000
,,,280080000.00000000000,5.16000,4.12000
,,,280120000.00000000000,5.12000,4.12000
,,,280160000.00000000000,5.12000,4.08000
,,,280200000.00000000000,5.12000,4.12000
,,,280240000.00000000000,5.16000,4.12000
,,,280280000.00000000000,5.12000,4.12000
,,,280320000.00000000000,5.12000,4.12000
,,,280360000.00000000000,5.12000,4.12000
,,,280400000.00000000000,5.12000,4.12000
,,,280440000.00000000000,5.12000,4.12000
,,,280480000.00000000000,5.12000,4.12000
,,,280520000.00000000000,5.12000,4.12000
,,,280560000.00000000000,5.12000,4.12000
,,,280600000.00000000000,5.12000,4.12000
,,,280640000.00000000000,5.12000,4.12000
,,,280680000.00000000000,5.12000,4.12000
,,,280720000.00000000000,5.12000,4.12000
,,,280760000.00000000000,5.12000,4.12000
,,,280800000.00000000000,5.12000,4.12000
,,,280840000.00000000000,5.12000,4.12000
,,,280880000.00000000000,5.12000,4.12000
,,,280920000.00000000000,5.12000,4.12000
,,,280960000.00000000000,5.12000,4.12000
,,,281000000.00000000000,5.12000,4.12000
,,,281040000.00000000000,5.12000,4.12000
,,,281080000.00000000000,5.12000,4.12000
,,,281120000.00000000000,5.12000,4.12000
,,,281160000.00000000000,5.12000,4.12000
,,,281200000.00000000000,5.12000,4.12000
,,,281240000.00000000000,5.12000,4.12000
,,,281280000.00000000000,5.12000,4.12000
,,,281320000.00000000000,5.12000,4.12000
,,,281360000.00000000000,5.12000,4.12000
,,,281400000.00000000000,5.12000,4.áj	 0
,,,281440000.00000000000,5.12000,4.12000
,,,281480000.00000000000,5.12000,4.12000
,,,281520000.00000000000,5.12000,4.12000
,,,281560000.00000000000,5.12000,4.12000
,,,281600000.00000000000,5.12000,4.12000
,,,281640000.00000000000,5.12000,4.12000
,,,281680000.00000000000,5.12000,4.12000
,,,281720000.00000000000,5.12000,4.12000
,,,281760000.00000000000,5.12000,4.12000
,,,281800000.00000000000,5.12000,4.12000
,,,281840000.00000000000,5.12000,4.12000
,,,281880000.00000000000,5.12000,4.12000
,,,281920000.00000000000,5.12000,4.12000
,,,281960000.00000000000,5.12000,4.12000
,,,282000000.00000000000,0.12000,1.12000
,,,282040000.00000000000,0.12000,1.12000
,,,282080000.00000000000,0.08000,1.12000
,,,282120000.00000000000,0.08000,1.08000
,,,282160000.00000000000,0.24000,1.08000
,,,282200000.00000000000,0.12000,1.08000
,,,282240000.00000000000,0.08000,1.08000
,,,282280000.00000000000,0.08000,1.12000
,,,282320000.00000000000,0.20000,1.04000
,,,282360000.00000000000,0.08000,1.08000
,,,282400000.00000000000,0.08000,1.08000
,,,282440000.00000000000,0.08000,1.12000
,,,282480000.00000000000,0.08000,1.08000
,,,282520000.00000000000,0.24000,1.08000
,,,282560000.00000000000,0.12000,1.08000
,,,282600000.00000000000,0.12000,1.08000
,,,282640000.00000000000,0.12000,1.08000
,,,282680000.00000000000,0.08000,1.08000
,,,282720000.00000000000,0.24000,1.08000
,,,282760000.00000000000,0.12000,1.12000
,,,282800000.00000000000,0.12000,1.08000
,,,282840000.00000000000,0.12000,1.08000
,,,282880000.00000000000,0.08000,1.08000
,,,282920000.00000000000,0.24000,1.08000
,,,282960000.00000000000,0.16000,1.08000
,,,283000000.00000000000,0.08000,1.08000
,,,283040000.00000000000,0.08000,1.12000
,,,283080000.00000000000,0.08000,1.08000
,,,283120000.00000000000,0.20000,1.08000
,,,283160000.00000000000,0.08000,1.04000
,,,283200000.00000000000,0.08000,1.08000
,,,283240000.00000000000,0.08000,1.12000
,,,283280000.00000000000,0.04000,1.08000
,,,283320000.00000000000,0.20000,1.08000
,,,283360000.00000000000,0.12000,1.08000
,,,283400000.00000000000,0.12000,1.08000
,,,283440000.00000000000,0.12000,1.08000
,,,283480000.00000000000,0.08000,1.08000
,,,283520000.00000000000,0.20000,1.12000
,,,283560000.00000000000,0.08000,1.08000
,,,283600000.00000000000,0.12000,1.08000
,,,283640000.00000000000,0.12000,1.08000
,,,283680000.00000000000,0.08000,1.12000
,,,283720000.00000000000,0.24000,1.08000
,,,283760000.00000000000,0.16000,1.08000
,,,283800000.00000000000,0.12000,1.12000
,,,283840000.00000000000,0.12000,1.08000
,,,283880000.00000000000,0.08000,1.12000
,,,283920000.00000000000,0.24000,1.08000
,,,283960000.00000000000,0.24000,1.08000
,,,284000000.00000000000,0.16000,1.08000
,,,284040000.00000000000,0.08000,1.08000
,,,284080000.00000000000,0.08000,1.08000
,,,284120000.00000000000,0.24000,1.12000
,,,284160000.00000000000,0.12000,1.08000
,,,284200000.00000000000,0.12000,1.08000
,,,284240000.00000000000,0.12000,1.08000
,,,284280000.00000000000,0.00,1.08000
,,,284320000.00000000000,0.20000,1.08000
,,,284360000.00000000000,0.12000,1.08000
,,,284400000.00000000000,0.12000,1.08000
,,,284440000.00000000000,0.12000,1.12000
,,,284480000.00000000000,0.08000,1.08000
,,,284520000.00000000000,0.24000,1.08000
,,,284560000.00000000000,0.12000,1.12000
,,,284600000.00000000000,0.12000,1.08000
,,,284640000.00000000000,0.12000,1.08000
,,,284680000.00000000000,0.08000,1.08000
,,,284720000.00000000000,0.28000,1.08000
,,,284760000.00000000000,0.16000,1.08000
,,,284800000.00000000000,0.08000,1.08000
,,,284840000.00000000000,0.12000,1.08000
,,,284880000.00000000000,0.12000,1.04000
,,,284920000.00000000000,0.28000,1.08000
,,,284960000.00000000000,0.12000,1.08000
,,,285000000.00000000000,0.12000,1.08000
,,,285040000.00000000000,0.12000,1.08000
,,,285080000.00000000000,0.08000,1.08000
,,,285120000.00000000000,0.24000,1.08000
,,,285160000.00000000000,0.12000,1.12000
,,,285200000.00000000000,0.12000,1.08000
,,,285240000.00000000000,0.08000,1.08000
,,,285280000.00000000000,0.08000,1.08000
,,,285320000.00000000000,0.08000,1.12000
,,,285360000.00000000000,0.12000,1.08000
,,,285400000.00000000000,0.12000,1.12000
,,,285440000.00000000000,0.08000,1.08000
,,,285480000.00000000000,0.16000,1.12000
,,,285520000.00000000000,0.08000,1.08000
,,,285560000.00000000000,0.12000,1.08000
,,,285600000.00000000000,0.12000,1.08000
,,,285640000.00000000000,0.08000,1.08000
,,,285680000.00000000000,0.24000,1.08000
,,,285720000.00000000000,0.12000,1.12000
,,,285760000.00000000000,0.12000,1.08000
,,,285800000.00000000000,0.12000,1.08000
,,,285840000.00000000000,0.12000,1.08000
,,,285880000.00000000000,0.24000,1.08000
,,,285920000.00000000000,0.12000,1.08000
,,,285960000.00000000000,0.12000,1.08000
,,,286000000.00000000000,0.12000,1.08000
,,,286040000.00000000000,0.12000,1.12000
,,,286080000.00000000000,0.24000,1.08000
,,,286120000.00000000000,0.08000,1.08000
,,,286160000.00000000000,0.08000,1.08000
,,,286200000.00000000000,0.12000,1.08000
,,,286240000.00000000000,0.04000,1.12000
,,,286280000.00000000000,0.24000,1.12000
,,,286320000.00000000000,0.12000,1.12000
,,,286360000.00000000000,0.12000,1.08000
,,,286400000.00000000000,0.08000,1.12000
,,,286440000.00000000000,0.04000,1.08000
,,,286480000.00000000000,0.20000,1.08000
,,,286520000.00000000000,0.12000,1.08000
,,,286560000.00000000000,0.12000,1.08000
,,,286600000.00000000000,0.12000,1.08000
,,,286640000.00000000000,0.08000,1.08000
,,,286680000.00000000000,0.24000,1.08000
,,,286720000.00000000000,0.16000,1.08000
,,,286760000.00000000000,0.16000,1.08000
,,,286800000.00000000000,0.12000,1.08000
,,,286840000.00000000000,0.12000,1.08000
,,,286880000.00000000000,0.24000,1.12000
,,,286920000.00000000000,0.12000,1.08000
,,,286960000.00000000000,0.12000,1.08000
,,,287000000.00000000000,0.12000,1.12000
,,,287040000.00000000000,0.08000,1.08000
,,,287080000.00000000000,0.24000,1.08000
,,,287120000.00000000000,0.08000,1.08000
,,,287160000.00000000000,0.12000,1.08000
,,,287200000.00000000000,0.08000,1.08000
,,,287240000.00000000000,0.00,1.08000
,,,287280000.00000000000,0.24000,1.08000
,,,287320000.00000000000,0.12000,1.08000
,,,287360000.00000000000,0.12000,1.08000
,,,287400000.00000000000,0.08000,1.08000
,,,287440000.00000000000,0.04000,1.08000
,,,287480000.00000000000,0.24000,1.08000
,,,287520000.00000000000,0.12000,1.08000
,,,287560000.00000000000,0.12000,1.08000
,,,287600000.00000000000,0.12000,1.08000
,,,287640000.00000000000,0.08000,1.08000
,,,287680000.00000000000,0.24000,1.08000
,,,287720000.00000000000,0.12000,1.08000
,,,287760000.00000000000,0.12000,1.08000
,,,287800000.00000000000,0.12000,1.04000
,,,287840000.00000000000,0.08000,1.08000
,,,287880000.00000000000,0.24000,1.08000
,,,287920000.00000000000,0.12000,1.08000
,,,287960000.00000000000,0.12000,1.08000
,,,288000000.00000000000,0.12000,1.08000
,,,288040000.00000000000,0.08000,1.08000
,,,288080000.00000000000,0.24000,1.12000
,,,288120000.00000000000,0.12000,1.12000
,,,288160000.00000000000,0.08000,1.08000
,,,288200000.00000000000,0.12000,1.08000
,,,288240000.00000000000,0.04000,1.08000
,,,288280000.00000000000,0.08000,1.12000
,,,288320000.00000000000,0.08000,1.08000
,,,288360000.00000000000,0.08000,1.08000
,,,288400000.00000000000,0.08000,1.08000
,,,288440000.00000000000,0.20000,1.08000
,,,288480000.00000000000,0.08000,1.08000
,,,288520000.00000000000,0.12000,1.12000
,,,288560000.00000000000,0.08000,1.08000
,,,288600000.00000000000,0.08000,1.08000
,,,288640000.00000000000,0.24000,1.08000
,,,288680000.00000000000,0.12000,1.08000
,,,288720000.00000000000,0.12000,1.08000
,,,288760000.00000000000,0.12000,1.12000
,,,288800000.00000000000,0.12000,1.12000
,,,288840000.00000000000,0.24000,1.12000
,,,288880000.00000000000,0.12000,1.08000
,,,288920000.00000000000,0.12000,1.08000
,,,288960000.00000000000,0.12000,1.04000
,,,289000000.00000000000,0.08000,1.08000
,,,289040000.00000000000,0.16000,1.08000
,,,289080000.00000000000,0.12000,1.08000
,,,289120000.00000000000,0.08000,1.04000
,,,289160000.00000000000,0.12000,1.08000
,,,289200000.00000000000,0.08000,1.08000
,,,289240000.00000000000,0.20000,1.08000
,,,289280000.00000000000,0.12000,1.08000
,,,289320000.00000000000,0.08000,1.08000
,,,289360000.00000000000,0.08000,1.08000
,,,289400000.00000000000,0.08000,1.04000
,,,289440000.00000000000,0.24000,1.08000
,,,289480000.00000000000,0.12000,1.08000
,,,289520000.00000000000,0.12000,1.12000
,,,289560000.00000000000,0.08000,1.08000
,,,289600000.00000000000,0.08000,1.08000
,,,289640000.00000000000,0.24000,1.08000
,,,289680000.00000000000,0.12000,1.08000
,,,289720000.00000000000,0.12000,1.12000
,,,289760000.00000000000,0.12000,1.08000
,,,289800000.00000000000,0.12000,1.12000
,,,289840000.00000000000,0.24000,1.12000
,,,289880000.00000000000,0.12000,1.12000
,,,289920000.00000000000,0.12000,1.04000
,,,289960000.00000000000,0.12000,1.04000
,,,290000000.00000000000,0.08000,1.12000
,,,290040000.00000000000,0.24000,1.08000
,,,290080000.00000000000,0.12000,1.12000
,,,290120000.00000000000,0.08000,1.12000
,,,290160000.00000000000,0.08000,1.08000
,,,290200000.00000000000,0.08000,1.08000
,,,290240000.00000000000,0.24000,1.08000
,,,290280000.00000000000,0.12000,1.12000
,,,290320000.00000000000,0.12000,1.08000
,,,290360000.00000000000,0.08000,1.08000
,,,290400000.00000000000,0.04000,1.08000
,,,290440000.00000000000,0.24000,1.08000
,,,290480000.00000000000,0.08000,1.08000
,,,290520000.00000000000,0.08000,1.12000
,,,290560000.00000000000,0.08000,1.12000
,,,290600000.00000000000,0.12000,1.12000
,,,290640000.00000000000,0.24000,1.08000
,,,290680000.00000000000,0.12000,1.12000
,,,290720000.00000000000,0.12000,1.08000
,,,290760000.00000000000,0.08000,1.04000
,,,290800000.00000000000,0.08000,1.08000
,,,290840000.00000000000,0.28000,1.08000
,,,290880000.00000000000,0.12000,1.12000
,,,290920000.00000000000,0.12000,1.08000
,,,290960000.00000000000,0.12000,1.08000
,,,291000000.00000000000,0.08000,1.12000
,,,291040000.00000000000,0.28000,1.08000
,,,291080000.00000000000,0.12000,1.08000
,,,291120000.00000000000,0.08000,1.12000
,,,291160000.00000000000,0.12000,1.08000
,,,291200000.00000000000,0.04000,1.08000
,,,291240000.00000000000,0.08000,1.08000
,,,291280000.00000000000,0.08000,1.08000
,,,291320000.00000000000,0.08000,1.08000
,,,291360000.00000000000,0.08000,1.08000
,,,291400000.00000000000,0.12000,1.08000
,,,291440000.00000000000,0.12000,1.12000
,,,291480000.00000000000,0.12000,1.08000
,,,291520000.00000000000,0.12000,1.12000
,,,291560000.00000000000,0.12000,1.08000
,,,291600000.00000000000,0.24000,1.08000
,,,291640000.00000000000,0.12000,1.08000
,,,291680000.00000000000,0.12000,1.08000
,,,291720000.00000000000,0.12000,1.08000
,,,291760000.00000000000,0.12000,1.08000
,,,291800000.00000000000,0.24000,1.08000
,,,291840000.00000000000,0.12000,1.08000
,,,291880000.00000000000,0.12000,1.08000
,,,291920000.00000000000,0.12000,1.08000
,,,291960000.00000000000,0.12000,1.08000
,,,292000000.00000000000,0.12000,1.08000
,,,292040000.00000000000,0.12000,1.00000
,,,292080000.00000000000,0.08000,1.12000
,,,292120000.00000000000,0.08000,1.08000
,,,292160000.00000000000,0.20000,1.12000
,,,292200000.00000000000,0.08000,1.08000
,,,292240000.00000000000,0.12000,1.08000
,,,292280000.00000000000,0.12000,1.08000
,,,292320000.00000000000,0.08000,1.12000
,,,292360000.00000000000,0.16000,1.08000
,,,292400000.00000000000,0.08000,1.08000
,,,292440000.00000000000,0.08000,1.08000
,,,292480000.00000000000,0.08000,1.12000
,,,292520000.00000000000,0.08000,1.04000
,,,292560000.00000000000,0.24000,1.12000
,,,292600000.00000000000,0.12000,1.08000
,,,292640000.00000000000,0.12000,1.12000
,,,292680000.00000000000,0.12000,1.08000
,,,292720000.00000000000,0.08000,1.12000
,,,292760000.00000000000,0.28000,1.08000
,,,292800000.00000000000,0.12000,1.08000
,,,292840000.00000000000,0.12000,1.08000
,,,292880000.00000000000,0.12000,1.08000
,,,292920000.00000000000,0.08000,1.08000
,,,292960000.00000000000,0.28000,1.12000
,,,293000000.00000000000,0.08000,1.08000
,,,293040000.00000000000,0.12000,1.08000
,,,293080000.00000000000,0.12000,1.08000
,,,293120000.00000000000,0.08000,1.08000
,,,293160000.00000000000,0.24000,1.08000
,,,293200000.00000000000,0.08000,1.08000
,,,293240000.00000000000,0.08000,1.08000
,,,293280000.00000000000,0.08000,1.08000
,,,293320000.00000000000,0.00,1.04000
,,,293360000.00000000000,0.20000,1.12000
,,,293400000.00000000000,0.12000,1.12000
,,,293440000.00000000000,0.12000,1.08000
,,,293480000.00000000000,0.12000,1.08000
,,,293520000.00000000000,0.08000,1.08000
,,,293560000.00000000000,0.24000,1.00000
,,,293600000.00000000000,0.12000,1.08000
,,,293640000.00000000000,0.12000,1.08000
,,,293680000.00000000000,0.12000,1.08000
,,,293720000.00000000000,0.08000,1.08000
,,,293760000.00000000000,0.24000,1.08000
,,,293800000.00000000000,0.12000,1.08000
,,,293840000.00000000000,0.12000,1.12000
,,,293880000.00000000000,0.12000,1.12000
,,,293920000.00000000000,0.12000,1.12000
,,,293960000.00000000000,0.12000,1.12000
,,,294000000.00000000000,0.04000,1.08000
,,,294040000.00000000000,0.24000,1.08000
,,,294080000.00000000000,0.12000,1.08000
,,,294120000.00000000000,0.12000,1.04000
,,,294160000.00000000000,0.12000,1.08000
,,,294200000.00000000000,0.12000,1.08000
,,,294240000.00000000000,0.08000,1.08000
,,,294280000.00000000000,0.12000,1.08000
,,,294320000.00000000000,0.12000,1.12000
,,,294360000.00000000000,0.08000,1.08000
,,,294400000.00000000000,0.20000,1.12000
,,,294440000.00000000000,0.12000,1.04000
,,,294480000.00000000000,0.16000,1.12000
,,,294520000.00000000000,0.12000,1.08000
,,,294560000.00000000000,0.08000,1.08000
,,,294600000.00000000000,0.20000,1.08000
,,,294640000.00000000000,0.12000,1.08000
,,,294680000.00000000000,0.12000,1.08000
,,,294720000.00000000000,0.12000,1.08000
,,,294760000.00000000000,0.12000,1.08000
,,,294800000.00000000000,0.24000,1.08000
,,,294840000.00000000000,0.12000,1.08000
,,,294880000.00000000000,0.12000,1.12000
,,,294920000.00000000000,0.12000,1.08000
,,,294960000.00000000000,0.12000,1.08000
,,,295000000.00000000000,0.24000,1.08000
,,,295040000.00000000000,0.12000,1.08000
,,,295080000.00000000000,0.12000,1.08000
,,,295120000.00000000000,0.12000,1.12000
,,,295160000.00000000000,0.12000,1.08000
,,,295200000.00000000000,0.24000,1.08000
,,,295240000.00000000000,0.08000,1.04000
,,,295280000.00000000000,0.12000,1.08000
,,,295320000.00000000000,0.08000,1.08000
,,,295360000.00000000000,0.08000,1.04000
,,,295400000.00000000000,0.16000,1.08000
,,,295440000.00000000000,0.12000,1.08000
,,,295480000.00000000000,0.12000,1.08000
,,,295520000.00000000000,0.08000,1.08000
,,,295560000.00000000000,0.08000,1.08000
,,,295600000.00000000000,0.24000,1.08000
,,,295640000.00000000000,0.16000,1.12000
,,,295680000.00000000000,0.12000,1.12000
,,,295720000.00000000000,0.12000,1.12000
,,,295760000.00000000000,0.08000,1.08000
,,,295800000.00000000000,0.24000,1.04000
,,,295840000.00000000000,0.12000,1.08000
,,,295880000.00000000000,0.12000,1.08000
,,,295920000.00000000000,0.08000,1.08000
,,,295960000.00000000000,0.08000,1.08000
,,,296000000.00000000000,0.24000,1.08000
,,,296040000.00000000000,0.12000,1.08000
,,,296080000.00000000000,0.12000,1.08000
,,,296120000.00000000000,0.12000,1.12000
,,,296160000.00000000000,0.08000,1.12000
,,,296200000.00000000000,0.24000,1.04000
,,,296240000.00000000000,0.12000,1.12000
,,,296280000.00000000000,0.12000,1.08000
,,,296320000.00000000000,0.08000,1.12000
,,,296360000.00000000000,0.08000,1.08000
,,,296400000.00000000000,0.24000,1.04000
,,,296440000.00000000000,0.12000,1.08000
,,,296480000.00000000000,0.12000,1.08000
,,,296520000.00000000000,0.08000,1.12000
,,,296560000.00000000000,0.04000,1.12000
,,,296600000.00000000000,0.24000,1.12000
,,,296640000.00000000000,0.12000,1.08000
,,,296680000.00000000000,0.12000,1.08000
,,,296720000.00000000000,0.12000,1.08000
,,,296760000.00000000000,0.12000,1.08000
,,,296800000.00000000000,0.24000,1.08000
,,,296840000.00000000000,0.12000,1.08000
,,,296880000.00000000000,0.12000,1.08000
,,,296920000.00000000000,0.12000,1.08000
,,,296960000.00000000000,0.08000,1.08000
,,,297000000.00000000000,0.28000,1.08000
,,,297040000.00000000000,0.08000,1.12000
,,,297080000.00000000000,0.08000,1.08000
,,,297120000.00000000000,0.08000,1.08000
,,,297160000.00000000000,0.08000,1.08000
,,,297200000.00000000000,0.28000,1.08000
,,,297240000.00000000000,0.08000,1.08000
,,,297280000.00000000000,0.12000,1.08000
,,,297320000.00000000000,0.08000,1.08000
,,,297360000.00000000000,0.16000,1.08000
,,,297400000.00000000000,0.12000,1.08000
,,,297440000.00000000000,0.12000,1.08000
,,,297480000.00000000000,0.12000,1.08000
,,,297520000.00000000000,0.08000,1.08000
,,,297560000.00000000000,0.24000,1.12000
,,,297600000.00000000000,0.12000,1.12000
,,,297640000.00000000000,0.12000,1.12000
,,,297680000.00000000000,0.08000,1.12000
,,,297720000.00000000000,0.08000,1.08000
,,,297760000.00000000000,0.24000,1.08000
,,,297800000.00000000000,0.12000,1.12000
,,,297840000.00000000000,0.16000,1.08000
,,,297880000.00000000000,0.12000,1.12000
,,,297920000.00000000000,0.12000,1.08000
,,,297960000.00000000000,0.12000,1.08000
,,,298000000.00000000000,0.12000,1.08000
,,,298040000.00000000000,0.12000,1.08000
,,,298080000.00000000000,0.12000,1.08000
,,,298120000.00000000000,0.12000,1.08000
,,,298160000.00000000000,0.12000,1.08000
,,,298200000.00000000000,0.12000,1.08000
,,,298240000.00000000000,0.12000,1.08000
,,,298280000.00000000000,0.12000,1.08000
,,,298320000.00000000000,0.12000,1.08000
,,,298360000.00000000000,0.12000,1.08000
,,,298400000.00000000000,0.12000,1.08000
,,,298440000.00000000000,0.12000,1.08000
,,,298480000.00000000000,0.12000,1.08000
,,,298520000.00000000000,0.12000,1.08000
,,,298560000.00000000000,0.12000,1.08000
,,,298600000.00000000000,0.12000,1.08000
,,,298640000.00000000000,0.12000,1.08000
,,,298680000.00000000000,0.12000,1.08000
,,,298720000.00000000000,0.12000,1.08000
,,,298760000.00000000000,0.12000,1.08000
,,,298800000.00000000000,0.12000,1.08000
,,,298840000.00000000000,0.12000,1.08000
,,,298880000.00000000000,0.12000,1.08000
,,,298920000.00000000000,0.12000,1.08000
,,,298960000.00000000000,0.12000,1.08000
,,,299000000.00000000000,0.12000,1.08000
,,,299040000.00000000000,0.12000,1.08000
,,,299080000.00000000000,0.12000,1.08000
,,,299120000.00000000000,0.12000,1.08000
,,,299160000.00000000000,0.12000,1.08000
,,,299200000.00000000000,0.12000,1.08000
,,,299240000.00000000000,0.12000,1.08000
,,,299280000.00000000000,0.12000,1.08000
,,,299320000.00000000000,0.12000,1.08000
,,,299360000.00000000000,0.12000,1.08000
,,,299400000.00000000000,0.12000,1.08000
,,,299440000.00000000000,0.12000,1.08000
,,,299480000.00000000000,0.12000,1.08000
,,,299520000.00000000000,0.12000,1.08000
,,,299560000.00000000000,0.12000,1.08000
,,,299600000.00000000000,0.12000,1.08000
,,,299640000.00000000000,0.12000,1.08000
,,,299680000.00000000000,0.12000,1.08000
,,,299720000.00000000000,0.12000,1.08000
,,,299760000.00000000000,0.12000,1.08000
,,,299800000.00000000000,0.12000,1.08000
,,,299840000.00000000000,0.12000,1.08000
,,,299880000.00000000000,0.12000,1.08000
,,,299920000.00000000000,0.12000,1.08000
,,,299960000.00000000000,0.12000,1.08000
